EmployeeID,DOJ,Department,Position,Grade,Site,SiteType,ManagerID,EmploymentType,RecruitmentSource,Age,PriorExperienceYears,MonthlySalary,SalaryVsRoleBenchmark,DistanceFromSiteKm,AccommodationProvided,BusinessCriticality,RealisticJobPreview,SiteRemoteness
EMP10001,2022-07-11,Design & Engineering,Deputy Manager,5,Bengaluru Tech Park,Commercial,MGR006,Permanent,Recruitment Consultancy,36,7.4,98100,0.0726,9.8,0,4,0,0.2
EMP10002,2024-03-23,Civil Execution,Construction Manager,5,Delhi NCR Logistics Hub,Industrial,MGR067,Permanent,Recruitment Consultancy,39,7.1,126600,0.2152,2.9,1,5,0,0.45
EMP10003,2023-12-23,MEP,Site Engineer,3,Ahmedabad Water Works,Water,MGR040,Permanent,Recruitment Consultancy,31,6.0,50200,0.1422,3.6,1,3,0,0.65
EMP10004,2023-05-27,Procurement,Deputy Manager,5,Mumbai HO,Corporate,MGR024,Fixed Term Contract,Recruitment Consultancy,37,6.8,113300,0.2471,9.1,0,4,1,0.05
EMP10005,2020-01-30,Quality Assurance & Control,Junior Engineer,2,Delhi NCR Logistics Hub,Industrial,MGR047,Fixed Term Contract,Labour Contractor,23,1.9,26600,0.0003,3.9,1,2,0,0.45
EMP10006,2023-08-12,Civil Execution,Site Engineer,3,Mantralaya Redevelopment,Government Building,MGR007,Fixed Term Contract,Naukri / Job Portal,38,5.3,40300,-0.0758,7.9,0,3,1,0.15
EMP10007,2026-02-14,Accounts & Finance,Deputy Manager,5,Mumbai HO,Corporate,MGR051,Apprentice / Trainee,Employee Referral,36,6.4,97700,0.0801,5.6,0,4,1,0.05
EMP10008,2025-05-31,Procurement,Procurement Executive,3,Mumbai HO,Corporate,MGR038,Apprentice / Trainee,Naukri / Job Portal,28,3.3,39600,-0.1535,4.8,0,3,0,0.05
EMP10009,2023-01-01,Civil Execution,Construction Manager,5,Pune Metro Reach-3,Metro,MGR075,Permanent,Employee Referral,39,8.8,107900,0.0166,7.2,0,5,1,0.25
EMP10010,2026-03-28,MEP,Deputy Manager,5,Mantralaya Redevelopment,Government Building,MGR077,Permanent,Recruitment Consultancy,55,10.9,96500,0.0159,18.8,0,4,0,0.15
EMP10011,2023-12-30,Civil Execution,Site Engineer,3,Mantralaya Redevelopment,Government Building,MGR004,Permanent,Labour Contractor,37,3.9,35100,-0.1822,6.1,0,3,0,0.15
EMP10012,2023-04-15,Quality Assurance & Control,Deputy Manager,5,Delhi NCR Logistics Hub,Industrial,MGR037,Fixed Term Contract,Employee Referral,42,6.5,92600,0.0226,9.6,0,4,0,0.45
EMP10013,2024-06-22,Quality Assurance & Control,Junior Engineer,2,Pune Metro Reach-3,Metro,MGR042,Permanent,Employee Referral,29,1.8,33200,0.2499,31.5,0,2,1,0.25
EMP10014,2021-05-13,Civil Execution,Construction Manager,5,Bengaluru Tech Park,Commercial,MGR039,Retainer,Employee Referral,27,7.8,104800,-0.0018,6.9,0,5,1,0.2
EMP10015,2019-12-17,Planning & Coordination,Senior Engineer,4,Pune Metro Reach-3,Metro,MGR105,Permanent,Walk-in / Site Gate,32,4.8,84800,0.2933,11.2,0,4,0,0.25
EMP10016,2020-05-03,Civil Execution,Senior Engineer,4,Bengaluru Tech Park,Commercial,MGR046,Permanent,Labour Contractor,30,4.8,67200,0.0248,9.8,0,4,1,0.2
EMP10017,2023-08-26,Accounts & Finance,Accounts Officer,3,Mumbai HO,Corporate,MGR012,Permanent,Labour Contractor,35,5.9,51100,0.2898,9.0,0,2,0,0.05
EMP10018,2025-03-01,Design & Engineering,Design Engineer,4,Mumbai HO,Corporate,MGR110,Permanent,Employee Referral,37,6.1,59900,-0.0698,21.8,0,4,1,0.05
EMP10019,2020-01-14,Civil Execution,Site Helper,1,Mantralaya Redevelopment,Government Building,MGR006,Permanent,Labour Contractor,24,0.5,16100,-0.0301,32.1,0,1,0,0.15
EMP10020,2024-06-01,Civil Execution,Supervisor,2,JNPA WOLP,Port Infrastructure,MGR018,Apprentice / Trainee,Recruitment Consultancy,23,2.8,31500,0.0509,1.8,1,2,0,0.55
EMP10021,2023-02-17,Planning & Coordination,Planning Engineer,4,JNPA WOLP,Port Infrastructure,MGR078,Permanent,Campus Hiring,45,4.7,55500,-0.0942,2.0,1,4,1,0.55
EMP10022,2023-09-09,Design & Engineering,Senior Engineer,4,JNPA WOLP,Port Infrastructure,MGR057,Permanent,Recruitment Consultancy,51,5.0,68400,0.0408,4.3,1,4,0,0.55
EMP10023,2025-01-04,Civil Execution,Junior Engineer,2,Bengaluru Tech Park,Commercial,MGR062,Fixed Term Contract,Campus Hiring,26,2.2,30900,0.1579,5.7,0,2,1,0.2
EMP10024,2023-12-09,Civil Execution,Supervisor,2,Bengaluru Tech Park,Commercial,MGR007,Fixed Term Contract,Naukri / Job Portal,33,1.6,32900,0.1131,24.9,0,2,1,0.2
EMP10025,2023-04-22,EHS,Safety Officer,3,Bengaluru Tech Park,Commercial,MGR108,Fixed Term Contract,Naukri / Job Portal,29,5.6,44600,0.0716,13.1,0,3,0,0.2
EMP10026,2026-02-28,Design & Engineering,Design Engineer,4,Mumbai HO,Corporate,MGR017,Fixed Term Contract,Employee Referral,43,5.9,68800,0.0709,6.7,0,4,1,0.05
EMP10027,2020-06-02,Quality Assurance & Control,Deputy Manager,5,Nagpur Expressway Pkg-4,Highway,MGR005,Permanent,Employee Referral,37,8.1,90100,-0.0224,3.3,1,4,1,0.85
EMP10028,2024-06-15,EHS,Supervisor,2,Mantralaya Redevelopment,Government Building,MGR019,Fixed Term Contract,Employee Referral,30,3.4,20500,-0.3208,28.1,0,2,1,0.15
EMP10029,2021-09-16,HR & Admin,HR Executive,3,Nagpur Expressway Pkg-4,Highway,MGR102,Retainer,Recruitment Consultancy,25,3.5,30500,-0.1869,5.2,1,2,1,0.85
EMP10030,2023-04-01,Stores & Logistics,Deputy Manager,5,Nagpur Expressway Pkg-4,Highway,MGR103,Apprentice / Trainee,Recruitment Consultancy,32,6.3,77600,-0.1411,28.7,0,4,0,0.85
EMP10031,2023-09-16,Accounts & Finance,Accounts Officer,3,JNPA WOLP,Port Infrastructure,MGR029,Fixed Term Contract,Labour Contractor,30,7.7,42200,0.0441,33.6,0,2,1,0.55
EMP10032,2024-01-20,Accounts & Finance,Accounts Officer,3,JNPA WOLP,Port Infrastructure,MGR100,Permanent,Labour Contractor,27,4.1,43900,0.1308,11.9,1,2,0,0.55
EMP10033,2026-04-25,EHS,Deputy Manager,5,Ahmedabad Water Works,Water,MGR021,Permanent,Internal Transfer,41,7.3,85000,-0.0696,4.5,1,4,1,0.65
EMP10034,2020-03-15,Stores & Logistics,Supervisor,2,Pune Metro Reach-3,Metro,MGR005,Fixed Term Contract,Employee Referral,33,2.4,39600,0.3273,15.1,0,2,1,0.25
EMP10035,2024-12-28,Civil Execution,Site Engineer,3,JNPA WOLP,Port Infrastructure,MGR055,Permanent,Walk-in / Site Gate,34,4.6,34300,-0.2072,18.7,0,3,0,0.55
EMP10036,2023-08-05,Quality Assurance & Control,QA/QC Engineer,3,Nagpur Expressway Pkg-4,Highway,MGR016,Permanent,Naukri / Job Portal,26,3.8,49100,0.0672,5.5,1,3,1,0.85
EMP10037,2025-03-29,Design & Engineering,Senior Engineer,4,Ahmedabad Water Works,Water,MGR054,Permanent,Naukri / Job Portal,33,7.8,69500,0.025,51.9,0,4,0,0.65
EMP10038,2019-08-16,Design & Engineering,Senior Engineer,4,Delhi NCR Logistics Hub,Industrial,MGR108,Permanent,Walk-in / Site Gate,29,5.3,57200,-0.1326,40.1,0,4,1,0.45
EMP10039,2021-11-04,Procurement,Deputy Manager,5,Mantralaya Redevelopment,Government Building,MGR099,Apprentice / Trainee,Employee Referral,35,7.8,89400,-0.0268,12.8,0,4,1,0.15
EMP10040,2025-11-01,Planning & Coordination,Deputy Manager,5,JNPA WOLP,Port Infrastructure,MGR100,Permanent,Naukri / Job Portal,32,6.7,86900,-0.0425,8.3,1,4,0,0.55
EMP10041,2019-12-09,MEP,Junior Engineer,2,Mantralaya Redevelopment,Government Building,MGR042,Fixed Term Contract,Naukri / Job Portal,39,1.6,29300,0.1057,2.5,0,2,0,0.15
EMP10042,2023-10-07,MEP,Senior Engineer,4,Ahmedabad Water Works,Water,MGR089,Fixed Term Contract,Internal Transfer,41,4.7,63900,-0.0244,29.7,0,4,0,0.65
EMP10043,2021-04-15,Quality Assurance & Control,QA/QC Engineer,3,Delhi NCR Logistics Hub,Industrial,MGR054,Permanent,Labour Contractor,37,4.0,40500,-0.1217,28.8,0,3,1,0.45
EMP10044,2025-06-28,MEP,Junior Engineer,2,Mantralaya Redevelopment,Government Building,MGR109,Permanent,Internal Transfer,37,3.0,27300,0.0135,7.8,0,2,1,0.15
EMP10045,2021-08-15,Stores & Logistics,Deputy Manager,5,Mantralaya Redevelopment,Government Building,MGR110,Permanent,Recruitment Consultancy,32,6.8,98200,0.0809,35.4,0,4,0,0.15
EMP10046,2025-04-05,MEP,Deputy Manager,5,JNPA WOLP,Port Infrastructure,MGR038,Permanent,Recruitment Consultancy,38,7.9,90000,-0.0213,4.5,1,4,0,0.55
EMP10047,2022-03-19,MEP,Senior Engineer,4,Nagpur Expressway Pkg-4,Highway,MGR117,Permanent,Employee Referral,34,6.4,65700,-0.0159,4.2,1,4,1,0.85
EMP10048,2022-04-02,Stores & Logistics,Supervisor,2,Delhi NCR Logistics Hub,Industrial,MGR037,Permanent,Employee Referral,19,2.9,26700,-0.1103,1.1,1,2,1,0.45
EMP10049,2023-09-30,Stores & Logistics,Store Officer,2,Bengaluru Tech Park,Commercial,MGR114,Fixed Term Contract,Naukri / Job Portal,32,2.8,32200,0.1126,1.0,0,2,1,0.2
EMP10050,2025-07-12,Civil Execution,Site Helper,1,Pune Metro Reach-3,Metro,MGR012,Apprentice / Trainee,Walk-in / Site Gate,44,0.3,15600,-0.0579,11.2,0,1,0,0.25
EMP10051,2020-07-16,Planning & Coordination,Deputy Manager,5,Pune Metro Reach-3,Metro,MGR094,Fixed Term Contract,Recruitment Consultancy,42,7.6,86800,-0.053,18.5,0,4,0,0.25
EMP10052,2024-02-17,Civil Execution,Site Helper,1,Pune Metro Reach-3,Metro,MGR029,Permanent,Walk-in / Site Gate,19,1.3,16700,-0.0034,4.8,0,1,0,0.25
EMP10053,2023-04-08,Civil Execution,Project Manager,6,Ahmedabad Water Works,Water,MGR051,Permanent,Internal Transfer,39,7.7,157100,0.1235,27.8,0,5,1,0.65
EMP10054,2025-10-25,Stores & Logistics,Supervisor,2,JNPA WOLP,Port Infrastructure,MGR109,Fixed Term Contract,Employee Referral,25,2.1,27500,-0.075,93.9,0,2,1,0.55
EMP10055,2023-10-07,Design & Engineering,Deputy Manager,5,Mumbai HO,Corporate,MGR086,Permanent,Employee Referral,43,7.9,89600,-0.0257,25.8,0,4,1,0.05
EMP10056,2025-10-25,Accounts & Finance,Deputy Manager,5,Pune Metro Reach-3,Metro,MGR089,Permanent,Employee Referral,32,6.8,90400,-0.005,6.0,0,4,1,0.25
EMP10057,2020-03-06,MEP,Senior Engineer,4,Ahmedabad Water Works,Water,MGR017,Fixed Term Contract,Labour Contractor,29,5.6,56100,-0.1521,3.2,1,4,0,0.65
EMP10058,2024-03-30,Stores & Logistics,Store Officer,2,Ahmedabad Water Works,Water,MGR116,Fixed Term Contract,Walk-in / Site Gate,27,2.2,30000,0.0439,16.1,0,2,1,0.65
EMP10059,2023-07-15,Civil Execution,Supervisor,2,Ahmedabad Water Works,Water,MGR115,Permanent,Labour Contractor,30,3.5,26000,-0.1396,6.4,1,2,1,0.65
EMP10060,2022-11-25,Stores & Logistics,Deputy Manager,5,Nagpur Expressway Pkg-4,Highway,MGR002,Fixed Term Contract,Internal Transfer,47,7.9,105300,0.145,4.3,1,4,1,0.85
EMP10061,2023-06-17,Procurement,Procurement Executive,3,Delhi NCR Logistics Hub,Industrial,MGR040,Permanent,Recruitment Consultancy,36,3.8,57400,0.2199,0.5,1,3,0,0.45
EMP10062,2026-03-28,MEP,Junior Engineer,2,Ahmedabad Water Works,Water,MGR115,Fixed Term Contract,Internal Transfer,19,1.7,27200,0.0252,4.4,1,2,1,0.65
EMP10063,2019-09-26,Quality Assurance & Control,Junior Engineer,2,JNPA WOLP,Port Infrastructure,MGR094,Fixed Term Contract,Campus Hiring,27,4.6,26500,-0.0341,2.1,1,2,1,0.55
EMP10064,2021-02-08,Planning & Coordination,Deputy Manager,5,JNPA WOLP,Port Infrastructure,MGR072,Fixed Term Contract,Naukri / Job Portal,34,8.0,108700,0.1807,3.0,1,4,1,0.55
EMP10065,2020-10-20,Planning & Coordination,Deputy Manager,5,Nagpur Expressway Pkg-4,Highway,MGR043,Permanent,Employee Referral,30,9.7,100300,0.0696,24.8,0,4,1,0.85
EMP10066,2025-04-12,Business Support Services,HR Executive,3,Nagpur Expressway Pkg-4,Highway,MGR059,Permanent,Naukri / Job Portal,46,4.2,42300,0.1186,13.3,1,2,1,0.85
EMP10067,2024-07-20,Procurement,Procurement Executive,3,Mantralaya Redevelopment,Government Building,MGR091,Permanent,Recruitment Consultancy,36,7.8,65000,0.3208,11.6,0,3,0,0.15
EMP10068,2020-05-20,Accounts & Finance,Deputy Manager,5,Ahmedabad Water Works,Water,MGR085,Fixed Term Contract,Recruitment Consultancy,42,6.7,76300,-0.1593,4.5,1,4,1,0.65
EMP10069,2025-02-08,Design & Engineering,Senior Engineer,4,Ahmedabad Water Works,Water,MGR115,Permanent,Recruitment Consultancy,36,4.6,59000,-0.0982,24.8,0,4,1,0.65
EMP10070,2024-11-30,Civil Execution,Senior Engineer,4,Pune Metro Reach-3,Metro,MGR065,Fixed Term Contract,Naukri / Job Portal,42,4.7,65400,-0.0015,10.6,0,4,1,0.25
EMP10071,2026-03-21,Planning & Coordination,Planning Engineer,4,Delhi NCR Logistics Hub,Industrial,MGR106,Permanent,Walk-in / Site Gate,35,6.9,63100,0.0047,3.8,1,4,1,0.45
EMP10072,2025-07-26,Accounts & Finance,Accounts Officer,3,Mantralaya Redevelopment,Government Building,MGR053,Fixed Term Contract,Naukri / Job Portal,23,4.7,50900,0.3022,8.4,0,2,1,0.15
EMP10073,2025-06-07,Business Support Services,Procurement Executive,3,Mantralaya Redevelopment,Government Building,MGR082,Permanent,Naukri / Job Portal,32,5.5,53000,0.1049,10.4,0,3,1,0.15
EMP10074,2026-03-14,Accounts & Finance,Accounts Officer,3,Pune Metro Reach-3,Metro,MGR029,Retainer,Labour Contractor,27,3.3,36300,-0.0563,43.4,0,2,0,0.25
EMP10075,2019-05-06,HR & Admin,HR Executive,3,Nagpur Expressway Pkg-4,Highway,MGR017,Permanent,Internal Transfer,26,3.6,48500,0.2914,2.8,1,2,1,0.85
EMP10076,2024-04-13,Civil Execution,Supervisor,2,JNPA WOLP,Port Infrastructure,MGR090,Fixed Term Contract,Recruitment Consultancy,29,3.5,31400,0.0391,1.9,1,2,1,0.55
EMP10077,2024-07-20,Planning & Coordination,Deputy Manager,5,Nagpur Expressway Pkg-4,Highway,MGR091,Apprentice / Trainee,Employee Referral,44,6.3,82500,-0.0869,3.9,1,4,1,0.85
EMP10078,2024-01-06,MEP,Senior Engineer,4,Delhi NCR Logistics Hub,Industrial,MGR101,Permanent,Naukri / Job Portal,46,7.7,64000,-0.0551,46.4,0,4,0,0.45
EMP10079,2021-07-04,Design & Engineering,Deputy Manager,5,Mantralaya Redevelopment,Government Building,MGR074,Retainer,Employee Referral,42,7.5,83900,-0.0837,35.3,0,4,1,0.15
EMP10080,2024-07-13,EHS,Supervisor,2,Mantralaya Redevelopment,Government Building,MGR025,Fixed Term Contract,Internal Transfer,34,1.9,24100,-0.1875,26.4,0,2,1,0.15
EMP10081,2024-03-30,Stores & Logistics,Deputy Manager,5,Mantralaya Redevelopment,Government Building,MGR082,Fixed Term Contract,Employee Referral,33,7.4,102800,0.124,28.3,0,4,1,0.15
EMP10082,2023-09-02,Design & Engineering,Senior Engineer,4,Mumbai HO,Corporate,MGR020,Permanent,Employee Referral,38,5.3,56600,-0.1417,3.6,0,4,1,0.05
EMP10083,2026-01-17,MEP,Site Engineer,3,Nagpur Expressway Pkg-4,Highway,MGR119,Fixed Term Contract,Campus Hiring,25,5.1,39900,-0.083,3.6,1,3,1,0.85
EMP10084,2026-06-20,Civil Execution,Project Manager,6,Bengaluru Tech Park,Commercial,MGR004,Permanent,Employee Referral,36,8.8,155200,0.0967,7.9,0,5,1,0.2
EMP10085,2021-09-03,Stores & Logistics,Site Helper,1,JNPA WOLP,Port Infrastructure,MGR011,Permanent,Employee Referral,19,0.4,16800,0.0133,14.4,0,1,0,0.55
EMP10086,2025-05-17,MEP,Deputy Manager,5,Nagpur Expressway Pkg-4,Highway,MGR030,Fixed Term Contract,Recruitment Consultancy,35,8.2,80000,-0.1329,0.7,1,4,0,0.85
EMP10087,2020-08-10,MEP,Junior Engineer,2,JNPA WOLP,Port Infrastructure,MGR082,Fixed Term Contract,Recruitment Consultancy,34,2.6,21900,-0.1832,2.8,1,2,1,0.55
EMP10088,2021-06-12,Stores & Logistics,Supervisor,2,Pune Metro Reach-3,Metro,MGR014,Fixed Term Contract,Labour Contractor,31,1.5,24700,-0.1633,27.9,0,2,0,0.25
EMP10089,2023-06-24,Civil Execution,Construction Manager,5,Nagpur Expressway Pkg-4,Highway,MGR034,Fixed Term Contract,Employee Referral,40,7.8,117400,0.1182,8.2,1,5,1,0.85
EMP10090,2026-02-07,Stores & Logistics,Deputy Manager,5,Nagpur Expressway Pkg-4,Highway,MGR096,Fixed Term Contract,Employee Referral,45,6.8,98900,0.0886,2.4,1,4,1,0.85
EMP10091,2025-04-12,Civil Execution,Junior Engineer,2,JNPA WOLP,Port Infrastructure,MGR073,Fixed Term Contract,Labour Contractor,32,1.7,22100,-0.167,4.6,1,2,1,0.55
EMP10092,2020-01-03,Planning & Coordination,Deputy Manager,5,Delhi NCR Logistics Hub,Industrial,MGR028,Fixed Term Contract,Recruitment Consultancy,44,9.4,121100,0.2955,3.4,1,4,1,0.45
EMP10093,2025-01-25,Civil Execution,Site Engineer,3,Nagpur Expressway Pkg-4,Highway,MGR101,Fixed Term Contract,Labour Contractor,45,4.2,48700,0.1308,2.0,1,3,1,0.85
EMP10094,2023-06-10,Civil Execution,Project Manager,6,JNPA WOLP,Port Infrastructure,MGR059,Permanent,Employee Referral,44,8.8,151100,0.0677,1.7,1,5,1,0.55
EMP10095,2019-04-08,Civil Execution,Construction Manager,5,Nagpur Expressway Pkg-4,Highway,MGR105,Permanent,Employee Referral,36,6.1,115500,0.1211,1.5,1,5,1,0.85
EMP10096,2022-02-08,Quality Assurance & Control,Junior Engineer,2,Pune Metro Reach-3,Metro,MGR089,Fixed Term Contract,Recruitment Consultancy,35,1.6,28200,0.0642,20.3,0,2,0,0.25
EMP10097,2023-05-20,EHS,Deputy Manager,5,JNPA WOLP,Port Infrastructure,MGR027,Retainer,Recruitment Consultancy,40,8.4,77700,-0.1597,4.0,1,4,0,0.55
EMP10098,2023-04-22,Planning & Coordination,Senior Engineer,4,Pune Metro Reach-3,Metro,MGR016,Fixed Term Contract,Naukri / Job Portal,40,7.7,53000,-0.2175,19.6,0,4,1,0.25
EMP10099,2021-09-23,Accounts & Finance,Accounts Officer,3,Mumbai HO,Corporate,MGR040,Fixed Term Contract,Campus Hiring,29,3.9,46800,0.2083,4.6,0,2,1,0.05
EMP10100,2025-10-11,Civil Execution,Site Engineer,3,Ahmedabad Water Works,Water,MGR113,Permanent,Naukri / Job Portal,23,3.9,40200,-0.0633,41.7,0,3,0,0.65
EMP10101,2025-05-24,MEP,Site Engineer,3,Delhi NCR Logistics Hub,Industrial,MGR035,Permanent,Recruitment Consultancy,36,3.7,38000,-0.1126,23.7,0,3,1,0.45
EMP10102,2023-07-22,Planning & Coordination,Senior Engineer,4,Delhi NCR Logistics Hub,Industrial,MGR008,Permanent,Employee Referral,31,4.9,71700,0.0922,0.5,1,4,1,0.45
EMP10103,2019-07-14,Design & Engineering,Design Engineer,4,Ahmedabad Water Works,Water,MGR001,Permanent,Naukri / Job Portal,34,5.9,54200,-0.1564,2.8,1,4,1,0.65
EMP10104,2020-08-31,Planning & Coordination,Planning Engineer,4,Pune Metro Reach-3,Metro,MGR049,Permanent,Naukri / Job Portal,35,8.5,64300,0.006,53.0,0,4,1,0.25
EMP10105,2020-02-23,Stores & Logistics,Deputy Manager,5,Pune Metro Reach-3,Metro,MGR034,Permanent,Recruitment Consultancy,32,7.2,106000,0.1615,28.6,0,4,1,0.25
EMP10106,2024-08-10,Civil Execution,Construction Manager,5,Pune Metro Reach-3,Metro,MGR119,Fixed Term Contract,Employee Referral,40,6.4,85100,-0.1768,4.8,0,5,1,0.25
EMP10107,2022-10-05,EHS,Deputy Manager,5,JNPA WOLP,Port Infrastructure,MGR055,Fixed Term Contract,Employee Referral,43,6.3,91600,0.0138,21.9,0,4,1,0.55
EMP10108,2023-08-12,EHS,Safety Officer,3,Mantralaya Redevelopment,Government Building,MGR030,Fixed Term Contract,Employee Referral,27,3.4,44200,0.0889,10.6,0,3,1,0.15
EMP10109,2019-04-15,Planning & Coordination,Deputy Manager,5,Pune Metro Reach-3,Metro,MGR043,Permanent,Naukri / Job Portal,39,7.5,82500,-0.099,2.8,0,4,0,0.25
EMP10110,2023-06-24,Civil Execution,Site Engineer,3,Nagpur Expressway Pkg-4,Highway,MGR031,Fixed Term Contract,Employee Referral,29,4.1,36600,-0.1492,1.0,1,3,1,0.85
EMP10111,2026-07-04,EHS,Safety Officer,3,Ahmedabad Water Works,Water,MGR075,Permanent,Labour Contractor,28,4.5,32100,-0.2191,1.4,1,3,0,0.65
EMP10112,2025-08-23,Planning & Coordination,Senior Engineer,4,Pune Metro Reach-3,Metro,MGR030,Fixed Term Contract,Naukri / Job Portal,22,4.8,61100,-0.0682,24.2,0,4,0,0.25
EMP10113,2024-04-20,Business Support Services,HR Executive,3,Bengaluru Tech Park,Commercial,MGR120,Permanent,Employee Referral,40,4.2,44000,0.1636,5.7,0,2,1,0.2
EMP10114,2024-11-09,MEP,Senior Engineer,4,Ahmedabad Water Works,Water,MGR052,Fixed Term Contract,Naukri / Job Portal,35,5.8,73000,0.1008,1.6,1,4,0,0.65
EMP10115,2023-10-28,MEP,Junior Engineer,2,Bengaluru Tech Park,Commercial,MGR053,Permanent,Walk-in / Site Gate,30,3.2,27600,0.0223,2.1,0,2,0,0.2
EMP10116,2025-10-11,Planning & Coordination,Senior Engineer,4,JNPA WOLP,Port Infrastructure,MGR077,Permanent,Recruitment Consultancy,27,5.4,66600,0.0088,63.9,0,4,0,0.55
EMP10117,2021-08-15,Civil Execution,Construction Manager,5,Bengaluru Tech Park,Commercial,MGR057,Permanent,Employee Referral,25,8.8,90900,-0.1436,2.6,0,5,0,0.2
EMP10118,2025-08-23,Procurement,Deputy Manager,5,Nagpur Expressway Pkg-4,Highway,MGR050,Permanent,Naukri / Job Portal,37,6.8,112200,0.2349,1.7,1,4,1,0.85
EMP10119,2024-11-30,EHS,Supervisor,2,Nagpur Expressway Pkg-4,Highway,MGR118,Permanent,Employee Referral,27,2.4,22600,-0.2425,1.7,1,2,1,0.85
EMP10120,2025-05-31,HR & Admin,HR Executive,3,Mumbai HO,Corporate,MGR055,Permanent,Campus Hiring,38,3.4,39500,0.0542,26.4,0,2,1,0.05
EMP10121,2020-11-09,Planning & Coordination,Deputy Manager,5,JNPA WOLP,Port Infrastructure,MGR060,Fixed Term Contract,Employee Referral,36,6.9,73300,-0.1941,6.5,1,4,1,0.55
EMP10122,2023-04-01,Quality Assurance & Control,QA/QC Engineer,3,Ahmedabad Water Works,Water,MGR098,Fixed Term Contract,Internal Transfer,37,5.6,54600,0.1628,1.6,1,3,0,0.65
EMP10123,2025-04-19,Civil Execution,Junior Engineer,2,Bengaluru Tech Park,Commercial,MGR109,Fixed Term Contract,Employee Referral,23,2.2,29000,0.0867,40.4,0,2,1,0.2
EMP10124,2025-09-06,Civil Execution,Construction Manager,5,Nagpur Expressway Pkg-4,Highway,MGR030,Permanent,Recruitment Consultancy,43,6.2,111700,0.083,2.8,1,5,0,0.85
EMP10125,2021-06-04,Procurement,Deputy Manager,5,Mumbai HO,Corporate,MGR073,Permanent,Employee Referral,42,6.7,88400,-0.0259,4.0,0,4,1,0.05
EMP10126,2021-01-14,Business Support Services,HR Executive,3,Nagpur Expressway Pkg-4,Highway,MGR059,Fixed Term Contract,Labour Contractor,27,5.5,31700,-0.174,4.6,1,2,0,0.85
EMP10127,2025-01-18,MEP,Junior Engineer,2,Pune Metro Reach-3,Metro,MGR109,Fixed Term Contract,Naukri / Job Portal,31,3.7,25900,-0.0462,20.7,0,2,0,0.25
EMP10128,2025-08-09,Quality Assurance & Control,Deputy Manager,5,Bengaluru Tech Park,Commercial,MGR084,Apprentice / Trainee,Recruitment Consultancy,40,8.6,110800,0.1957,30.8,0,4,0,0.2
EMP10129,2023-09-23,Quality Assurance & Control,QA/QC Engineer,3,Mantralaya Redevelopment,Government Building,MGR053,Retainer,Naukri / Job Portal,29,4.0,50400,0.093,36.1,0,3,0,0.15
EMP10130,2022-04-08,Design & Engineering,Senior Engineer,4,Nagpur Expressway Pkg-4,Highway,MGR060,Permanent,Employee Referral,23,6.3,51500,-0.2277,2.8,1,4,1,0.85
EMP10131,2025-11-15,MEP,Senior Engineer,4,Delhi NCR Logistics Hub,Industrial,MGR111,Fixed Term Contract,Recruitment Consultancy,32,6.1,79600,0.1963,0.9,1,4,1,0.45
EMP10132,2025-01-04,Civil Execution,Site Helper,1,Nagpur Expressway Pkg-4,Highway,MGR011,Fixed Term Contract,Employee Referral,27,1.8,15700,-0.0686,5.3,1,1,1,0.85
EMP10133,2025-03-08,HR & Admin,Deputy Manager,5,Nagpur Expressway Pkg-4,Highway,MGR067,Fixed Term Contract,Naukri / Job Portal,33,8.9,102000,0.0971,2.4,1,4,1,0.85
EMP10134,2024-02-17,Design & Engineering,Senior Engineer,4,Mantralaya Redevelopment,Government Building,MGR118,Retainer,Naukri / Job Portal,30,6.4,64200,-0.0384,20.2,0,4,1,0.15
EMP10135,2026-01-10,Business Support Services,Accounts Officer,3,Mumbai HO,Corporate,MGR088,Permanent,Campus Hiring,29,4.5,36000,-0.0769,16.8,0,2,1,0.05
EMP10136,2023-11-11,Civil Execution,Senior Engineer,4,JNPA WOLP,Port Infrastructure,MGR032,Permanent,Employee Referral,31,7.6,89700,0.3259,4.5,1,4,1,0.55
EMP10137,2023-04-15,Business Support Services,HR Executive,3,Pune Metro Reach-3,Metro,MGR008,Fixed Term Contract,Labour Contractor,29,3.6,34900,-0.0707,8.2,0,2,1,0.25
EMP10138,2025-11-15,Civil Execution,Project Manager,6,Mantralaya Redevelopment,Government Building,MGR095,Permanent,Employee Referral,48,8.1,120500,-0.142,5.5,0,5,1,0.15
EMP10139,2023-09-16,EHS,Supervisor,2,Bengaluru Tech Park,Commercial,MGR059,Fixed Term Contract,Labour Contractor,31,2.5,27600,-0.076,29.9,0,2,0,0.2
EMP10140,2024-06-22,Civil Execution,Project Manager,6,Ahmedabad Water Works,Water,MGR085,Permanent,Recruitment Consultancy,52,8.2,172800,0.2291,15.9,0,5,0,0.65
EMP10141,2025-04-19,Design & Engineering,Design Engineer,4,Mumbai HO,Corporate,MGR033,Fixed Term Contract,Campus Hiring,39,6.4,72700,0.1252,31.4,0,4,1,0.05
EMP10142,2024-05-18,MEP,Senior Engineer,4,Pune Metro Reach-3,Metro,MGR045,Permanent,Employee Referral,36,5.7,78600,0.1866,32.8,0,4,1,0.25
EMP10143,2019-03-01,Accounts & Finance,Accounts Officer,3,Pune Metro Reach-3,Metro,MGR058,Permanent,Internal Transfer,32,4.6,31300,-0.1983,17.3,0,2,1,0.25
EMP10144,2021-01-27,Design & Engineering,Deputy Manager,5,Ahmedabad Water Works,Water,MGR111,Permanent,Naukri / Job Portal,35,7.0,96100,0.0554,5.3,1,4,0,0.65
EMP10145,2023-11-04,Quality Assurance & Control,Deputy Manager,5,Delhi NCR Logistics Hub,Industrial,MGR039,Permanent,Naukri / Job Portal,44,6.5,86200,-0.0481,11.2,0,4,0,0.45
EMP10146,2021-09-15,MEP,Senior Engineer,4,Bengaluru Tech Park,Commercial,MGR101,Fixed Term Contract,Naukri / Job Portal,37,9.1,55600,-0.1915,8.2,0,4,0,0.2
EMP10147,2022-03-29,Planning & Coordination,Deputy Manager,5,Delhi NCR Logistics Hub,Industrial,MGR085,Permanent,Naukri / Job Portal,37,8.3,84200,-0.0884,17.5,0,4,0,0.45
EMP10148,2019-07-19,Procurement,Deputy Manager,5,Pune Metro Reach-3,Metro,MGR073,Fixed Term Contract,Employee Referral,44,8.7,85100,-0.0827,41.8,0,4,1,0.25
EMP10149,2023-06-24,Civil Execution,Project Manager,6,Mantralaya Redevelopment,Government Building,MGR113,Permanent,Recruitment Consultancy,49,8.3,145800,0.0359,29.3,0,5,1,0.15
EMP10150,2024-05-25,Design & Engineering,Senior Engineer,4,Pune Metro Reach-3,Metro,MGR106,Permanent,Recruitment Consultancy,28,7.7,63000,-0.0698,49.3,0,4,1,0.25
EMP10151,2025-12-27,Civil Execution,Senior Engineer,4,Mantralaya Redevelopment,Government Building,MGR109,Fixed Term Contract,Naukri / Job Portal,42,5.3,70500,0.0691,17.7,0,4,0,0.15
EMP10152,2026-08-01,EHS,Safety Officer,3,Bengaluru Tech Park,Commercial,MGR051,Fixed Term Contract,Naukri / Job Portal,30,4.7,49100,0.1918,30.3,0,3,1,0.2
EMP10153,2026-06-13,Civil Execution,Construction Manager,5,Delhi NCR Logistics Hub,Industrial,MGR058,Fixed Term Contract,Naukri / Job Portal,41,6.4,99400,-0.0384,1.1,1,5,0,0.45
EMP10154,2023-07-01,Business Support Services,HR Executive,3,Nagpur Expressway Pkg-4,Highway,MGR101,Permanent,Naukri / Job Portal,25,3.7,43500,0.157,7.7,1,2,0,0.85
EMP10155,2024-01-06,Procurement,Procurement Executive,3,Mantralaya Redevelopment,Government Building,MGR102,Fixed Term Contract,Walk-in / Site Gate,28,3.6,47800,0.0182,16.3,0,3,0,0.15
EMP10156,2025-07-12,Civil Execution,Project Manager,6,Ahmedabad Water Works,Water,MGR101,Fixed Term Contract,Recruitment Consultancy,42,10.2,113400,-0.2107,91.0,0,5,0,0.65
EMP10157,2024-07-13,Planning & Coordination,Planning Engineer,4,JNPA WOLP,Port Infrastructure,MGR073,Permanent,Walk-in / Site Gate,37,5.2,74100,0.2025,1.8,1,4,1,0.55
EMP10158,2021-02-13,Stores & Logistics,Supervisor,2,Pune Metro Reach-3,Metro,MGR103,Permanent,Labour Contractor,23,3.3,27700,-0.0812,26.8,0,2,1,0.25
EMP10159,2026-07-11,Planning & Coordination,Planning Engineer,4,Nagpur Expressway Pkg-4,Highway,MGR061,Permanent,Employee Referral,33,5.9,51500,-0.1708,3.5,1,4,1,0.85
EMP10160,2025-10-18,Accounts & Finance,Accounts Officer,3,Bengaluru Tech Park,Commercial,MGR074,Fixed Term Contract,Walk-in / Site Gate,28,3.6,41500,0.0752,24.5,0,2,0,0.2
EMP10161,2024-07-13,Planning & Coordination,Planning Engineer,4,Pune Metro Reach-3,Metro,MGR083,Permanent,Naukri / Job Portal,37,6.1,56600,-0.0907,12.3,0,4,1,0.25
EMP10162,2024-12-14,Civil Execution,Project Manager,6,JNPA WOLP,Port Infrastructure,MGR013,Fixed Term Contract,Employee Referral,39,12.0,148400,0.0134,0.5,1,5,1,0.55
EMP10163,2026-07-04,MEP,Senior Engineer,4,Ahmedabad Water Works,Water,MGR006,Fixed Term Contract,Recruitment Consultancy,30,6.8,72600,0.0826,86.9,0,4,0,0.65
EMP10164,2024-09-28,Quality Assurance & Control,Deputy Manager,5,Pune Metro Reach-3,Metro,MGR085,Permanent,Internal Transfer,40,6.5,85400,-0.0569,32.4,0,4,1,0.25
EMP10165,2023-08-12,Civil Execution,Supervisor,2,Delhi NCR Logistics Hub,Industrial,MGR091,Fixed Term Contract,Naukri / Job Portal,23,2.4,30700,0.029,28.7,0,2,1,0.45
EMP10166,2019-04-05,EHS,Deputy Manager,5,Bengaluru Tech Park,Commercial,MGR045,Fixed Term Contract,Naukri / Job Portal,30,7.5,80700,-0.1186,7.9,0,4,1,0.2
EMP10167,2022-10-18,Business Support Services,HR Executive,3,Mumbai HO,Corporate,MGR094,Retainer,Recruitment Consultancy,33,6.4,43400,0.1196,24.7,0,2,0,0.05
EMP10168,2020-06-13,Procurement,Procurement Executive,3,Pune Metro Reach-3,Metro,MGR040,Fixed Term Contract,Employee Referral,36,8.6,42600,-0.1419,28.6,0,3,1,0.25
EMP10169,2026-07-18,Civil Execution,Junior Engineer,2,JNPA WOLP,Port Infrastructure,MGR007,Fixed Term Contract,Labour Contractor,26,2.2,25800,-0.0332,25.3,0,2,0,0.55
EMP10170,2026-05-09,HR & Admin,Deputy Manager,5,Mantralaya Redevelopment,Government Building,MGR036,Permanent,Naukri / Job Portal,27,7.0,83500,-0.083,17.5,0,4,0,0.15
EMP10171,2025-03-22,Planning & Coordination,Planning Engineer,4,Delhi NCR Logistics Hub,Industrial,MGR048,Retainer,Employee Referral,45,5.8,74600,0.2025,38.3,0,4,1,0.45
EMP10172,2024-11-16,MEP,Senior Engineer,4,Mantralaya Redevelopment,Government Building,MGR112,Fixed Term Contract,Naukri / Job Portal,49,7.2,67500,0.0021,17.1,0,4,0,0.15
EMP10173,2019-12-13,EHS,Safety Officer,3,Nagpur Expressway Pkg-4,Highway,MGR003,Permanent,Naukri / Job Portal,29,4.2,38900,-0.0504,20.9,0,3,1,0.85
EMP10174,2024-11-23,Civil Execution,Project Manager,6,Delhi NCR Logistics Hub,Industrial,MGR087,Fixed Term Contract,Recruitment Consultancy,32,8.4,164600,0.1682,4.1,1,5,0,0.45
EMP10175,2019-02-23,Civil Execution,Supervisor,2,Bengaluru Tech Park,Commercial,MGR109,Permanent,Internal Transfer,29,3.5,29500,-0.0238,23.7,0,2,1,0.2
EMP10176,2025-08-30,Stores & Logistics,Supervisor,2,Delhi NCR Logistics Hub,Industrial,MGR045,Fixed Term Contract,Internal Transfer,34,2.6,24100,-0.1941,48.7,0,2,1,0.45
EMP10177,2023-08-12,Civil Execution,Senior Engineer,4,Mantralaya Redevelopment,Government Building,MGR086,Permanent,Campus Hiring,37,5.1,55600,-0.1549,21.9,0,4,1,0.15
EMP10178,2024-06-01,Quality Assurance & Control,Junior Engineer,2,Ahmedabad Water Works,Water,MGR056,Fixed Term Contract,Labour Contractor,19,2.9,25500,-0.0522,22.6,0,2,0,0.65
EMP10179,2025-02-08,MEP,Junior Engineer,2,JNPA WOLP,Port Infrastructure,MGR043,Permanent,Labour Contractor,21,2.0,25300,-0.0497,1.2,1,2,0,0.55
EMP10180,2025-04-12,Civil Execution,Project Manager,6,Mantralaya Redevelopment,Government Building,MGR001,Permanent,Recruitment Consultancy,40,10.8,162500,0.1239,2.3,0,5,1,0.15
EMP10181,2021-02-11,Planning & Coordination,Planning Engineer,4,JNPA WOLP,Port Infrastructure,MGR041,Retainer,Employee Referral,25,6.7,77300,0.2336,5.4,1,4,1,0.55
EMP10182,2024-03-30,Design & Engineering,Deputy Manager,5,JNPA WOLP,Port Infrastructure,MGR017,Fixed Term Contract,Internal Transfer,37,10.3,95500,0.0118,14.4,0,4,1,0.55
EMP10183,2023-08-12,HR & Admin,HR Executive,3,Nagpur Expressway Pkg-4,Highway,MGR074,Permanent,Naukri / Job Portal,31,4.3,34600,-0.086,2.7,1,2,0,0.85
EMP10184,2023-05-06,Quality Assurance & Control,QA/QC Engineer,3,Pune Metro Reach-3,Metro,MGR042,Fixed Term Contract,Walk-in / Site Gate,33,3.5,52400,0.1429,14.0,0,3,1,0.25
EMP10185,2025-11-15,Design & Engineering,Design Engineer,4,Bengaluru Tech Park,Commercial,MGR019,Fixed Term Contract,Naukri / Job Portal,38,5.3,73000,0.1439,19.7,0,4,1,0.2
EMP10186,2025-08-23,Design & Engineering,Design Engineer,4,Delhi NCR Logistics Hub,Industrial,MGR060,Fixed Term Contract,Recruitment Consultancy,33,5.9,71300,0.1098,12.2,0,4,1,0.45
EMP10187,2025-09-06,Planning & Coordination,Senior Engineer,4,Nagpur Expressway Pkg-4,Highway,MGR069,Permanent,Employee Referral,35,6.1,71800,0.0791,1.1,1,4,1,0.85
EMP10188,2019-10-09,Accounts & Finance,Accounts Officer,3,Pune Metro Reach-3,Metro,MGR091,Apprentice / Trainee,Naukri / Job Portal,28,3.8,23300,-0.3977,12.0,0,2,1,0.25
EMP10189,2025-01-25,MEP,Site Engineer,3,JNPA WOLP,Port Infrastructure,MGR015,Apprentice / Trainee,Employee Referral,30,3.1,46800,0.1005,3.6,1,3,1,0.55
EMP10190,2023-06-03,MEP,Site Engineer,3,Bengaluru Tech Park,Commercial,MGR111,Permanent,Campus Hiring,27,4.8,34400,-0.2067,12.6,0,3,1,0.2
EMP10191,2024-11-02,Design & Engineering,Design Engineer,4,Bengaluru Tech Park,Commercial,MGR062,Fixed Term Contract,Recruitment Consultancy,40,4.8,67800,0.0685,6.3,0,4,1,0.2
EMP10192,2026-01-31,Quality Assurance & Control,QA/QC Engineer,3,Bengaluru Tech Park,Commercial,MGR056,Apprentice / Trainee,Campus Hiring,40,4.6,44500,-0.0415,11.2,0,3,0,0.2
EMP10193,2019-03-23,Design & Engineering,Design Engineer,4,Mantralaya Redevelopment,Government Building,MGR009,Fixed Term Contract,Campus Hiring,37,7.1,49400,-0.2413,26.2,0,4,0,0.15
EMP10194,2025-03-15,Design & Engineering,Design Engineer,4,Nagpur Expressway Pkg-4,Highway,MGR056,Apprentice / Trainee,Employee Referral,34,5.2,69800,0.095,1.1,1,4,1,0.85
EMP10195,2023-08-05,Civil Execution,Site Engineer,3,Delhi NCR Logistics Hub,Industrial,MGR065,Fixed Term Contract,Recruitment Consultancy,33,4.1,40200,-0.0655,38.3,0,3,0,0.45
EMP10196,2022-03-02,MEP,Site Engineer,3,JNPA WOLP,Port Infrastructure,MGR004,Permanent,Naukri / Job Portal,32,3.4,40500,-0.0509,4.8,1,3,0,0.55
EMP10197,2023-11-18,Stores & Logistics,Store Officer,2,Delhi NCR Logistics Hub,Industrial,MGR023,Permanent,Campus Hiring,26,3.8,25600,-0.1256,60.1,0,2,1,0.45
EMP10198,2024-11-02,Accounts & Finance,Deputy Manager,5,Delhi NCR Logistics Hub,Industrial,MGR003,Permanent,Recruitment Consultancy,44,8.1,97700,0.0601,1.4,1,4,1,0.45
EMP10199,2024-06-08,Civil Execution,Site Helper,1,Bengaluru Tech Park,Commercial,MGR043,Fixed Term Contract,Walk-in / Site Gate,23,0.5,13100,-0.2108,37.8,0,1,1,0.2
EMP10200,2026-01-24,Civil Execution,Site Helper,1,Pune Metro Reach-3,Metro,MGR092,Fixed Term Contract,Walk-in / Site Gate,29,0.3,21500,0.2984,17.1,0,1,0,0.25
EMP10201,2025-05-17,Civil Execution,Supervisor,2,JNPA WOLP,Port Infrastructure,MGR092,Apprentice / Trainee,Naukri / Job Portal,22,1.7,32000,0.0814,1.6,1,2,1,0.55
EMP10202,2026-07-11,MEP,Site Engineer,3,JNPA WOLP,Port Infrastructure,MGR003,Permanent,Naukri / Job Portal,37,4.1,27100,-0.37,31.5,0,3,0,0.55
EMP10203,2024-06-15,Civil Execution,Site Helper,1,Bengaluru Tech Park,Commercial,MGR048,Permanent,Employee Referral,27,2.4,13600,-0.1988,18.8,0,1,1,0.2
EMP10204,2023-11-25,Quality Assurance & Control,QA/QC Engineer,3,JNPA WOLP,Port Infrastructure,MGR093,Permanent,Campus Hiring,34,4.7,55600,0.1962,2.8,1,3,1,0.55
EMP10205,2024-12-28,Business Support Services,Accounts Officer,3,Ahmedabad Water Works,Water,MGR119,Permanent,Employee Referral,34,4.1,38700,-0.0031,13.6,0,2,1,0.65
EMP10206,2020-07-05,Civil Execution,Project Manager,6,Pune Metro Reach-3,Metro,MGR052,Retainer,Employee Referral,45,9.9,136100,-0.0496,3.5,0,5,1,0.25
EMP10207,2019-08-31,Civil Execution,Supervisor,2,Ahmedabad Water Works,Water,MGR116,Fixed Term Contract,Campus Hiring,29,3.0,31000,0.0318,10.7,0,2,1,0.65
EMP10208,2019-09-19,EHS,Deputy Manager,5,Delhi NCR Logistics Hub,Industrial,MGR084,Fixed Term Contract,Recruitment Consultancy,43,9.2,110200,0.1815,0.7,1,4,1,0.45
EMP10209,2025-12-27,Procurement,Procurement Executive,3,Mantralaya Redevelopment,Government Building,MGR077,Permanent,Naukri / Job Portal,39,4.5,44500,-0.0618,5.1,0,3,0,0.15
EMP10210,2024-08-31,Civil Execution,Construction Manager,5,Nagpur Expressway Pkg-4,Highway,MGR106,Permanent,Recruitment Consultancy,42,6.1,102100,-0.009,31.2,0,5,0,0.85
EMP10211,2020-05-05,Design & Engineering,Deputy Manager,5,Delhi NCR Logistics Hub,Industrial,MGR095,Permanent,Employee Referral,39,6.8,82100,-0.0964,4.0,1,4,1,0.45
EMP10212,2025-02-22,MEP,Site Engineer,3,Nagpur Expressway Pkg-4,Highway,MGR092,Permanent,Naukri / Job Portal,37,5.0,38700,-0.1095,3.9,1,3,0,0.85
EMP10213,2022-03-08,Procurement,Deputy Manager,5,Ahmedabad Water Works,Water,MGR040,Permanent,Naukri / Job Portal,36,11.0,110300,0.16,0.6,1,4,1,0.65
EMP10214,2019-08-25,Stores & Logistics,Deputy Manager,5,Pune Metro Reach-3,Metro,MGR020,Permanent,Employee Referral,43,8.2,75600,-0.1806,16.2,0,4,1,0.25
EMP10215,2024-12-14,Civil Execution,Project Manager,6,Delhi NCR Logistics Hub,Industrial,MGR116,Fixed Term Contract,Recruitment Consultancy,47,7.6,139500,-0.0012,2.0,1,5,1,0.45
EMP10216,2019-03-13,Civil Execution,Site Helper,1,Delhi NCR Logistics Hub,Industrial,MGR001,Fixed Term Contract,Labour Contractor,20,5.5,15800,-0.1017,31.3,0,1,0,0.45
EMP10217,2023-11-11,Civil Execution,Site Helper,1,JNPA WOLP,Port Infrastructure,MGR079,Permanent,Labour Contractor,30,2.6,22600,0.3283,19.1,0,1,0,0.55
EMP10218,2025-10-25,Accounts & Finance,Deputy Manager,5,JNPA WOLP,Port Infrastructure,MGR009,Permanent,Recruitment Consultancy,49,6.9,125800,0.3831,1.1,1,4,1,0.55
EMP10219,2026-03-21,Planning & Coordination,Senior Engineer,4,Mantralaya Redevelopment,Government Building,MGR118,Fixed Term Contract,Recruitment Consultancy,39,5.8,64600,-0.0259,10.6,0,4,0,0.15
EMP10220,2024-06-22,Civil Execution,Junior Engineer,2,Delhi NCR Logistics Hub,Industrial,MGR116,Fixed Term Contract,Employee Referral,31,3.1,27200,0.0086,4.0,1,2,1,0.45
EMP10221,2019-06-22,Stores & Logistics,Supervisor,2,Delhi NCR Logistics Hub,Industrial,MGR052,Permanent,Internal Transfer,24,1.8,29900,0.0092,7.2,0,2,1,0.45
EMP10222,2024-09-07,MEP,Senior Engineer,4,Nagpur Expressway Pkg-4,Highway,MGR080,Permanent,Labour Contractor,38,10.8,70400,0.0052,14.7,0,4,1,0.85
EMP10223,2023-06-24,Stores & Logistics,Deputy Manager,5,Ahmedabad Water Works,Water,MGR097,Apprentice / Trainee,Employee Referral,41,8.6,110400,0.1913,2.9,1,4,0,0.65
EMP10224,2022-11-18,Civil Execution,Senior Engineer,4,Pune Metro Reach-3,Metro,MGR053,Apprentice / Trainee,Campus Hiring,39,5.4,72900,0.1043,8.9,0,4,0,0.25
EMP10225,2024-03-30,Business Support Services,Procurement Executive,3,Delhi NCR Logistics Hub,Industrial,MGR024,Permanent,Naukri / Job Portal,33,3.6,42900,-0.0861,0.5,1,3,1,0.45
EMP10226,2023-07-15,EHS,Deputy Manager,5,Nagpur Expressway Pkg-4,Highway,MGR100,Fixed Term Contract,Recruitment Consultancy,28,7.3,118400,0.296,26.4,0,4,0,0.85
EMP10227,2024-11-23,Civil Execution,Site Engineer,3,Mantralaya Redevelopment,Government Building,MGR079,Fixed Term Contract,Recruitment Consultancy,35,5.9,48500,0.1047,7.1,0,3,0,0.15
EMP10228,2020-01-16,MEP,Senior Engineer,4,Delhi NCR Logistics Hub,Industrial,MGR068,Permanent,Recruitment Consultancy,36,6.7,72900,0.0883,3.4,1,4,1,0.45
EMP10229,2022-12-30,Civil Execution,Construction Manager,5,Mantralaya Redevelopment,Government Building,MGR003,Permanent,Naukri / Job Portal,38,6.1,107300,0.0415,18.6,0,5,0,0.15
EMP10230,2022-12-17,Civil Execution,Site Helper,1,Pune Metro Reach-3,Metro,MGR066,Permanent,Walk-in / Site Gate,19,0.1,13900,-0.1586,4.5,0,1,0,0.25
EMP10231,2025-08-30,Quality Assurance & Control,Deputy Manager,5,Ahmedabad Water Works,Water,MGR031,Apprentice / Trainee,Employee Referral,41,8.6,98900,0.0672,0.5,1,4,1,0.65
EMP10232,2025-05-03,Quality Assurance & Control,Junior Engineer,2,JNPA WOLP,Port Infrastructure,MGR027,Permanent,Internal Transfer,27,2.2,28000,0.0492,2.6,1,2,1,0.55
EMP10233,2025-03-15,Business Support Services,Accounts Officer,3,Mantralaya Redevelopment,Government Building,MGR017,Permanent,Recruitment Consultancy,36,3.9,40200,0.0379,3.4,0,2,0,0.15
EMP10234,2026-04-11,Civil Execution,Site Engineer,3,Bengaluru Tech Park,Commercial,MGR024,Retainer,Recruitment Consultancy,33,4.2,43000,-0.0015,20.1,0,3,0,0.2
EMP10235,2024-11-16,MEP,Senior Engineer,4,Pune Metro Reach-3,Metro,MGR115,Permanent,Labour Contractor,39,6.3,42500,-0.3627,17.7,0,4,0,0.25
EMP10236,2019-10-18,Planning & Coordination,Deputy Manager,5,JNPA WOLP,Port Infrastructure,MGR060,Permanent,Recruitment Consultancy,42,6.8,105900,0.1656,5.0,1,4,1,0.55
EMP10237,2025-04-12,Accounts & Finance,Accounts Officer,3,Mantralaya Redevelopment,Government Building,MGR117,Fixed Term Contract,Naukri / Job Portal,36,3.3,35500,-0.0771,7.1,0,2,1,0.15
EMP10238,2024-11-02,Civil Execution,Supervisor,2,Mumbai HO,Corporate,MGR105,Permanent,Labour Contractor,30,6.4,33900,0.0856,30.7,0,2,0,0.05
EMP10239,2024-03-02,Accounts & Finance,Accounts Officer,3,Mumbai HO,Corporate,MGR064,Permanent,Naukri / Job Portal,41,4.8,39800,0.0171,6.2,0,2,1,0.05
EMP10240,2021-01-06,MEP,Senior Engineer,4,Bengaluru Tech Park,Commercial,MGR104,Permanent,Employee Referral,28,6.1,65800,-0.0111,27.0,0,4,1,0.2
EMP10241,2026-02-14,Business Support Services,Accounts Officer,3,Bengaluru Tech Park,Commercial,MGR066,Fixed Term Contract,Labour Contractor,36,4.4,43000,0.1039,19.5,0,2,0,0.2
EMP10242,2025-01-04,Civil Execution,Senior Engineer,4,Delhi NCR Logistics Hub,Industrial,MGR116,Fixed Term Contract,Campus Hiring,29,8.3,81700,0.1984,9.6,0,4,1,0.45
EMP10243,2019-06-24,EHS,Deputy Manager,5,Mantralaya Redevelopment,Government Building,MGR048,Fixed Term Contract,Naukri / Job Portal,31,7.5,100400,0.0965,16.1,0,4,1,0.15
EMP10244,2019-04-08,Accounts & Finance,Accounts Officer,3,Nagpur Expressway Pkg-4,Highway,MGR073,Permanent,Labour Contractor,28,5.1,50100,0.276,58.6,0,2,0,0.85
EMP10245,2023-06-24,Civil Execution,Supervisor,2,Bengaluru Tech Park,Commercial,MGR089,Retainer,Employee Referral,34,2.3,26800,-0.1007,22.0,0,2,1,0.2
EMP10246,2019-12-17,Planning & Coordination,Planning Engineer,4,JNPA WOLP,Port Infrastructure,MGR007,Permanent,Recruitment Consultancy,43,5.0,64300,0.0459,2.1,1,4,1,0.55
EMP10247,2024-10-26,Business Support Services,HR Executive,3,Delhi NCR Logistics Hub,Industrial,MGR062,Permanent,Campus Hiring,37,6.4,41400,0.068,30.5,0,2,1,0.45
EMP10248,2024-02-10,Planning & Coordination,Senior Engineer,4,JNPA WOLP,Port Infrastructure,MGR025,Retainer,Labour Contractor,28,7.2,70900,0.0526,34.9,0,4,1,0.55
EMP10249,2026-06-20,Quality Assurance & Control,Junior Engineer,2,JNPA WOLP,Port Infrastructure,MGR088,Fixed Term Contract,Recruitment Consultancy,21,3.7,20800,-0.234,10.4,0,2,1,0.55
EMP10250,2024-07-13,Design & Engineering,Senior Engineer,4,Mantralaya Redevelopment,Government Building,MGR048,Fixed Term Contract,Walk-in / Site Gate,37,7.0,61900,-0.079,12.0,0,4,0,0.15
EMP10251,2023-01-08,Stores & Logistics,Store Officer,2,Nagpur Expressway Pkg-4,Highway,MGR059,Permanent,Employee Referral,36,4.6,24000,-0.1877,2.1,1,2,1,0.85
EMP10252,2026-02-07,Civil Execution,Site Engineer,3,Bengaluru Tech Park,Commercial,MGR018,Apprentice / Trainee,Walk-in / Site Gate,32,4.9,39400,-0.0924,18.0,0,3,0,0.2
EMP10253,2024-01-20,Design & Engineering,Deputy Manager,5,Pune Metro Reach-3,Metro,MGR068,Permanent,Employee Referral,47,8.3,99000,0.0718,37.8,0,4,0,0.25
EMP10254,2024-09-14,Business Support Services,HR Executive,3,Mumbai HO,Corporate,MGR064,Apprentice / Trainee,Employee Referral,34,3.8,37600,-0.0011,7.3,0,2,1,0.05
EMP10255,2025-08-02,Civil Execution,Construction Manager,5,JNPA WOLP,Port Infrastructure,MGR105,Permanent,Employee Referral,28,9.6,101100,-0.0557,2.6,1,5,1,0.55
EMP10256,2019-04-01,EHS,Deputy Manager,5,Mantralaya Redevelopment,Government Building,MGR018,Permanent,Recruitment Consultancy,39,7.3,69200,-0.2425,17.4,0,4,1,0.15
EMP10257,2023-06-10,Accounts & Finance,Accounts Officer,3,Ahmedabad Water Works,Water,MGR039,Permanent,Labour Contractor,28,4.4,33100,-0.1503,33.7,0,2,0,0.65
EMP10258,2025-07-12,Civil Execution,Site Engineer,3,JNPA WOLP,Port Infrastructure,MGR066,Fixed Term Contract,Naukri / Job Portal,26,3.7,49400,0.1537,0.5,1,3,0,0.55
EMP10259,2024-03-02,Civil Execution,Construction Manager,5,Ahmedabad Water Works,Water,MGR023,Fixed Term Contract,Naukri / Job Portal,32,7.0,101200,-0.0275,15.9,0,5,0,0.65
EMP10260,2025-03-01,MEP,Site Engineer,3,Bengaluru Tech Park,Commercial,MGR104,Fixed Term Contract,Walk-in / Site Gate,24,3.9,43500,0.0135,23.7,0,3,0,0.2
EMP10261,2024-02-17,Design & Engineering,Senior Engineer,4,Mantralaya Redevelopment,Government Building,MGR053,Permanent,Naukri / Job Portal,31,5.4,71100,0.077,37.1,0,4,0,0.15
EMP10262,2024-09-14,Planning & Coordination,Planning Engineer,4,Nagpur Expressway Pkg-4,Highway,MGR066,Fixed Term Contract,Employee Referral,28,7.1,55900,-0.1119,4.2,1,4,1,0.85
EMP10263,2021-04-25,Stores & Logistics,Site Helper,1,Mumbai HO,Corporate,MGR021,Apprentice / Trainee,Employee Referral,29,0.1,20200,0.2228,9.0,0,1,1,0.05
EMP10264,2021-12-14,Stores & Logistics,Deputy Manager,5,Mantralaya Redevelopment,Government Building,MGR098,Permanent,Employee Referral,33,8.2,85400,-0.0744,3.0,0,4,1,0.15
EMP10265,2021-05-06,Procurement,Deputy Manager,5,Mantralaya Redevelopment,Government Building,MGR103,Fixed Term Contract,Employee Referral,28,8.0,100100,0.0873,14.6,0,4,1,0.15
EMP10266,2019-10-29,EHS,Safety Officer,3,Nagpur Expressway Pkg-4,Highway,MGR098,Permanent,Walk-in / Site Gate,33,4.4,40900,-0.0039,3.2,1,3,0,0.85
EMP10267,2023-08-26,EHS,Supervisor,2,Delhi NCR Logistics Hub,Industrial,MGR096,Fixed Term Contract,Naukri / Job Portal,25,3.8,29900,-0.0139,4.3,1,2,0,0.45
EMP10268,2021-05-26,Planning & Coordination,Deputy Manager,5,Mantralaya Redevelopment,Government Building,MGR072,Fixed Term Contract,Employee Referral,37,6.8,88200,-0.0292,3.3,0,4,1,0.15
EMP10269,2019-02-23,Stores & Logistics,Deputy Manager,5,Ahmedabad Water Works,Water,MGR118,Permanent,Employee Referral,38,7.5,112000,0.2232,28.7,0,4,1,0.65
EMP10270,2026-04-11,Civil Execution,Construction Manager,5,Mantralaya Redevelopment,Government Building,MGR109,Permanent,Employee Referral,51,6.8,103100,-0.0071,10.2,0,5,1,0.15
EMP10271,2023-04-29,MEP,Senior Engineer,4,Pune Metro Reach-3,Metro,MGR052,Fixed Term Contract,Naukri / Job Portal,42,5.8,53700,-0.1902,20.2,0,4,0,0.25
EMP10272,2021-10-17,Civil Execution,Construction Manager,5,Pune Metro Reach-3,Metro,MGR037,Permanent,Naukri / Job Portal,26,6.5,99600,-0.0376,37.6,0,5,1,0.25
EMP10273,2025-05-03,Civil Execution,Supervisor,2,Mumbai HO,Corporate,MGR108,Fixed Term Contract,Naukri / Job Portal,28,5.1,27100,-0.1194,22.8,0,2,0,0.05
EMP10274,2026-08-01,Design & Engineering,Deputy Manager,5,Mumbai HO,Corporate,MGR085,Permanent,Employee Referral,39,8.5,68500,-0.26,9.3,0,4,1,0.05
EMP10275,2019-07-16,Accounts & Finance,Deputy Manager,5,Mumbai HO,Corporate,MGR120,Fixed Term Contract,Recruitment Consultancy,37,7.0,91600,0.006,44.2,0,4,0,0.05
EMP10276,2023-06-03,Accounts & Finance,Accounts Officer,3,Bengaluru Tech Park,Commercial,MGR056,Fixed Term Contract,Recruitment Consultancy,26,5.1,45200,0.1512,23.0,0,2,1,0.2
EMP10277,2022-11-18,Business Support Services,HR Executive,3,Mantralaya Redevelopment,Government Building,MGR091,Permanent,Naukri / Job Portal,33,7.0,28000,-0.2825,5.4,0,2,1,0.15
EMP10278,2025-10-25,Civil Execution,Supervisor,2,JNPA WOLP,Port Infrastructure,MGR012,Fixed Term Contract,Labour Contractor,24,2.9,32500,0.083,1.2,1,2,0,0.55
EMP10279,2025-05-03,Quality Assurance & Control,Deputy Manager,5,Nagpur Expressway Pkg-4,Highway,MGR102,Permanent,Recruitment Consultancy,49,6.8,56300,-0.3803,0.6,1,4,1,0.85
EMP10280,2020-05-26,Civil Execution,Supervisor,2,Nagpur Expressway Pkg-4,Highway,MGR103,Fixed Term Contract,Employee Referral,23,3.5,26900,-0.1098,2.5,1,2,1,0.85
EMP10281,2026-06-06,HR & Admin,HR Executive,3,Nagpur Expressway Pkg-4,Highway,MGR040,Permanent,Walk-in / Site Gate,26,4.2,43000,0.1371,3.8,1,2,1,0.85
EMP10282,2024-09-28,Planning & Coordination,Planning Engineer,4,Mantralaya Redevelopment,Government Building,MGR096,Retainer,Naukri / Job Portal,28,5.2,64300,0.0435,23.3,0,4,0,0.15
EMP10283,2025-10-25,HR & Admin,HR Executive,3,Pune Metro Reach-3,Metro,MGR078,Fixed Term Contract,Labour Contractor,29,8.0,41800,0.0594,3.9,0,2,0,0.25
EMP10284,2026-04-25,Design & Engineering,Deputy Manager,5,Bengaluru Tech Park,Commercial,MGR113,Permanent,Employee Referral,46,10.9,93700,-0.0136,1.8,0,4,0,0.2
EMP10285,2026-04-18,Procurement,Deputy Manager,5,Bengaluru Tech Park,Commercial,MGR072,Permanent,Employee Referral,45,6.1,68100,-0.2446,15.9,0,4,1,0.2
EMP10286,2024-06-29,Civil Execution,Construction Manager,5,Delhi NCR Logistics Hub,Industrial,MGR113,Permanent,Naukri / Job Portal,40,7.8,111400,0.0611,24.7,0,5,0,0.45
EMP10287,2026-07-04,Business Support Services,Procurement Executive,3,Mantralaya Redevelopment,Government Building,MGR042,Permanent,Naukri / Job Portal,30,4.9,45200,-0.0513,2.0,0,3,1,0.15
EMP10288,2024-02-24,Planning & Coordination,Planning Engineer,4,Mumbai HO,Corporate,MGR077,Fixed Term Contract,Campus Hiring,24,6.2,78700,0.2629,14.9,0,4,1,0.05
EMP10289,2020-09-26,Procurement,Procurement Executive,3,Mantralaya Redevelopment,Government Building,MGR009,Fixed Term Contract,Employee Referral,37,3.6,57300,0.2206,14.5,0,3,1,0.15
EMP10290,2024-12-21,Civil Execution,Project Manager,6,Ahmedabad Water Works,Water,MGR119,Fixed Term Contract,Recruitment Consultancy,33,8.9,156900,0.1075,4.2,1,5,0,0.65
EMP10291,2024-03-16,Planning & Coordination,Senior Engineer,4,Mantralaya Redevelopment,Government Building,MGR038,Fixed Term Contract,Naukri / Job Portal,37,5.2,57100,-0.1331,5.3,0,4,1,0.15
EMP10292,2026-02-14,EHS,Supervisor,2,JNPA WOLP,Port Infrastructure,MGR005,Fixed Term Contract,Employee Referral,27,3.4,31100,0.0304,7.9,0,2,1,0.55
EMP10293,2025-02-08,Civil Execution,Site Engineer,3,Mantralaya Redevelopment,Government Building,MGR012,Fixed Term Contract,Recruitment Consultancy,27,4.7,39100,-0.0973,7.1,0,3,1,0.15
EMP10294,2026-02-21,Civil Execution,Supervisor,2,Nagpur Expressway Pkg-4,Highway,MGR114,Fixed Term Contract,Labour Contractor,19,6.5,40300,0.2891,51.2,0,2,0,0.85
EMP10295,2022-02-18,Stores & Logistics,Site Helper,1,Pune Metro Reach-3,Metro,MGR052,Permanent,Labour Contractor,19,3.3,18600,0.0843,15.8,0,1,0,0.25
EMP10296,2024-11-09,Design & Engineering,Deputy Manager,5,Nagpur Expressway Pkg-4,Highway,MGR024,Permanent,Employee Referral,40,6.2,80800,-0.1047,15.6,0,4,1,0.85
EMP10297,2023-04-15,Quality Assurance & Control,QA/QC Engineer,3,Delhi NCR Logistics Hub,Industrial,MGR060,Apprentice / Trainee,Labour Contractor,30,4.2,42700,-0.0761,5.0,1,3,0,0.45
EMP10298,2019-12-10,Accounts & Finance,Deputy Manager,5,Nagpur Expressway Pkg-4,Highway,MGR101,Permanent,Naukri / Job Portal,29,7.5,70900,-0.2256,2.8,1,4,0,0.85
EMP10299,2024-02-24,Design & Engineering,Senior Engineer,4,Mumbai HO,Corporate,MGR034,Permanent,Walk-in / Site Gate,33,5.3,90500,0.3724,25.7,0,4,1,0.05
EMP10300,2019-12-03,HR & Admin,Deputy Manager,5,Mumbai HO,Corporate,MGR058,Permanent,Employee Referral,43,6.8,94100,0.0357,21.5,0,4,1,0.05
EMP10301,2024-01-20,Business Support Services,Procurement Executive,3,Mumbai HO,Corporate,MGR096,Fixed Term Contract,Internal Transfer,34,3.5,45400,-0.0318,19.5,0,3,1,0.05
EMP10302,2021-01-14,Stores & Logistics,Store Officer,2,Ahmedabad Water Works,Water,MGR118,Permanent,Employee Referral,28,3.7,25300,-0.1348,19.8,0,2,1,0.65
EMP10303,2022-01-11,Civil Execution,Junior Engineer,2,Pune Metro Reach-3,Metro,MGR006,Permanent,Naukri / Job Portal,29,4.6,19300,-0.2965,10.9,0,2,1,0.25
EMP10304,2025-06-28,Accounts & Finance,Deputy Manager,5,Mumbai HO,Corporate,MGR091,Fixed Term Contract,Employee Referral,45,9.3,103100,0.1042,18.4,0,4,1,0.05
EMP10305,2024-10-05,Stores & Logistics,Store Officer,2,Nagpur Expressway Pkg-4,Highway,MGR028,Fixed Term Contract,Internal Transfer,24,4.4,24100,-0.1825,57.9,0,2,1,0.85
EMP10306,2025-09-13,Procurement,Procurement Executive,3,Bengaluru Tech Park,Commercial,MGR001,Fixed Term Contract,Walk-in / Site Gate,26,4.5,58800,0.2397,15.1,0,3,0,0.2
EMP10307,2019-10-26,Stores & Logistics,Site Helper,1,Pune Metro Reach-3,Metro,MGR058,Permanent,Walk-in / Site Gate,29,1.5,17800,0.0597,1.0,0,1,0,0.25
EMP10308,2026-01-03,Quality Assurance & Control,QA/QC Engineer,3,JNPA WOLP,Port Infrastructure,MGR048,Fixed Term Contract,Naukri / Job Portal,39,4.0,47200,0.0236,1.0,1,3,1,0.55
EMP10309,2021-11-01,Planning & Coordination,Senior Engineer,4,JNPA WOLP,Port Infrastructure,MGR071,Permanent,Campus Hiring,35,4.8,56800,-0.1338,3.7,1,4,0,0.55
EMP10310,2020-05-21,Civil Execution,Project Manager,6,Pune Metro Reach-3,Metro,MGR048,Fixed Term Contract,Recruitment Consultancy,38,8.6,141200,-0.0001,46.5,0,5,0,0.25
EMP10311,2026-01-03,Planning & Coordination,Deputy Manager,5,JNPA WOLP,Port Infrastructure,MGR119,Permanent,Employee Referral,40,8.3,90500,-0.0202,1.7,1,4,1,0.55
EMP10312,2023-04-22,HR & Admin,Deputy Manager,5,Mumbai HO,Corporate,MGR048,Fixed Term Contract,Recruitment Consultancy,39,6.5,108000,0.1927,8.4,0,4,0,0.05
EMP10313,2022-12-01,Civil Execution,Site Helper,1,JNPA WOLP,Port Infrastructure,MGR011,Permanent,Walk-in / Site Gate,24,1.5,17600,0.0478,11.9,0,1,1,0.55
EMP10314,2023-01-28,Stores & Logistics,Store Officer,2,JNPA WOLP,Port Infrastructure,MGR042,Permanent,Walk-in / Site Gate,29,4.4,29500,0.0007,2.2,1,2,0,0.55
EMP10315,2026-02-14,Design & Engineering,Design Engineer,4,Ahmedabad Water Works,Water,MGR066,Permanent,Internal Transfer,33,5.2,63100,-0.0101,37.2,0,4,1,0.65
EMP10316,2023-08-19,Procurement,Procurement Executive,3,JNPA WOLP,Port Infrastructure,MGR026,Permanent,Walk-in / Site Gate,30,4.2,53900,0.1403,2.9,1,3,0,0.55
EMP10317,2023-05-27,Stores & Logistics,Site Helper,1,Pune Metro Reach-3,Metro,MGR055,Fixed Term Contract,Labour Contractor,22,2.0,15300,-0.0945,19.1,0,1,0,0.25
EMP10318,2025-01-25,MEP,Junior Engineer,2,Delhi NCR Logistics Hub,Industrial,MGR015,Apprentice / Trainee,Internal Transfer,21,4.5,26200,-0.0439,2.2,1,2,1,0.45
EMP10319,2024-12-07,Civil Execution,Junior Engineer,2,Mantralaya Redevelopment,Government Building,MGR054,Fixed Term Contract,Walk-in / Site Gate,37,2.5,27900,0.0418,7.5,0,2,0,0.15
EMP10320,2025-08-30,Stores & Logistics,Deputy Manager,5,Ahmedabad Water Works,Water,MGR004,Fixed Term Contract,Employee Referral,30,12.8,106100,0.0949,30.3,0,4,1,0.65
EMP10321,2019-12-08,Civil Execution,Supervisor,2,Bengaluru Tech Park,Commercial,MGR111,Fixed Term Contract,Internal Transfer,28,5.3,31600,0.0245,54.7,0,2,1,0.2
EMP10322,2020-04-12,Quality Assurance & Control,Deputy Manager,5,Ahmedabad Water Works,Water,MGR010,Permanent,Recruitment Consultancy,40,6.8,91700,0.0093,16.3,0,4,1,0.65
EMP10323,2024-07-20,Design & Engineering,Design Engineer,4,Ahmedabad Water Works,Water,MGR041,Permanent,Naukri / Job Portal,34,9.2,62400,-0.0634,8.0,1,4,1,0.65
EMP10324,2024-07-20,Accounts & Finance,Deputy Manager,5,Ahmedabad Water Works,Water,MGR065,Fixed Term Contract,Employee Referral,31,6.4,85400,-0.0558,2.8,1,4,1,0.65
EMP10325,2025-07-12,MEP,Junior Engineer,2,Mumbai HO,Corporate,MGR096,Fixed Term Contract,Recruitment Consultancy,29,3.0,24500,-0.0904,11.9,0,2,1,0.05
EMP10326,2021-03-07,Civil Execution,Junior Engineer,2,Mantralaya Redevelopment,Government Building,MGR015,Apprentice / Trainee,Naukri / Job Portal,23,6.5,27700,-0.0117,8.2,0,2,0,0.15
EMP10327,2024-02-24,Planning & Coordination,Deputy Manager,5,Delhi NCR Logistics Hub,Industrial,MGR101,Permanent,Internal Transfer,36,7.6,89500,-0.0236,30.6,0,4,1,0.45
EMP10328,2023-03-01,Civil Execution,Project Manager,6,Delhi NCR Logistics Hub,Industrial,MGR064,Permanent,Naukri / Job Portal,48,8.8,109500,-0.2262,18.8,0,5,0,0.45
EMP10329,2026-01-17,EHS,Supervisor,2,Delhi NCR Logistics Hub,Industrial,MGR009,Permanent,Employee Referral,27,1.6,27300,-0.0764,27.3,0,2,1,0.45
EMP10330,2024-10-05,Planning & Coordination,Deputy Manager,5,JNPA WOLP,Port Infrastructure,MGR073,Fixed Term Contract,Internal Transfer,39,6.9,90700,-0.0028,13.8,0,4,1,0.55
EMP10331,2025-08-30,MEP,Junior Engineer,2,Ahmedabad Water Works,Water,MGR038,Fixed Term Contract,Recruitment Consultancy,26,1.8,24500,-0.0776,53.6,0,2,1,0.65
EMP10332,2026-07-18,Accounts & Finance,Accounts Officer,3,Delhi NCR Logistics Hub,Industrial,MGR028,Permanent,Recruitment Consultancy,29,4.3,38100,-0.0208,6.0,0,2,1,0.45
EMP10333,2025-11-08,Civil Execution,Junior Engineer,2,JNPA WOLP,Port Infrastructure,MGR116,Fixed Term Contract,Naukri / Job Portal,22,1.7,30200,0.1383,3.3,1,2,1,0.55
EMP10334,2020-03-25,Civil Execution,Supervisor,2,Bengaluru Tech Park,Commercial,MGR032,Permanent,Internal Transfer,24,1.9,26700,-0.0998,25.6,0,2,1,0.2
EMP10335,2023-09-30,MEP,Junior Engineer,2,Bengaluru Tech Park,Commercial,MGR041,Fixed Term Contract,Recruitment Consultancy,25,5.5,35000,0.2628,35.0,0,2,0,0.2
EMP10336,2025-04-05,Accounts & Finance,Accounts Officer,3,Nagpur Expressway Pkg-4,Highway,MGR110,Permanent,Recruitment Consultancy,29,4.7,40200,0.0285,2.1,1,2,1,0.85
EMP10337,2021-01-09,Civil Execution,Project Manager,6,Pune Metro Reach-3,Metro,MGR079,Fixed Term Contract,Employee Referral,35,8.5,130100,-0.0777,5.5,0,5,1,0.25
EMP10338,2023-02-07,Accounts & Finance,Deputy Manager,5,Mumbai HO,Corporate,MGR022,Permanent,Recruitment Consultancy,28,7.7,103000,0.1225,2.4,0,4,1,0.05
EMP10339,2019-10-29,Quality Assurance & Control,Junior Engineer,2,Nagpur Expressway Pkg-4,Highway,MGR085,Permanent,Naukri / Job Portal,32,1.8,30000,0.1295,4.8,1,2,0,0.85
EMP10340,2025-10-25,Civil Execution,Site Helper,1,Nagpur Expressway Pkg-4,Highway,MGR098,Permanent,Walk-in / Site Gate,20,0.5,15800,-0.0481,8.3,1,1,1,0.85
EMP10341,2025-05-17,Stores & Logistics,Supervisor,2,Mantralaya Redevelopment,Government Building,MGR020,Fixed Term Contract,Internal Transfer,31,5.0,30100,-0.0208,4.3,0,2,1,0.15
EMP10342,2019-07-13,Civil Execution,Junior Engineer,2,JNPA WOLP,Port Infrastructure,MGR007,Fixed Term Contract,Labour Contractor,27,2.4,30800,0.1515,25.8,0,2,0,0.55
EMP10343,2025-03-29,Accounts & Finance,Deputy Manager,5,JNPA WOLP,Port Infrastructure,MGR030,Permanent,Internal Transfer,45,8.5,106400,0.1494,7.7,0,4,1,0.55
EMP10344,2023-12-23,Civil Execution,Site Engineer,3,Mantralaya Redevelopment,Government Building,MGR048,Fixed Term Contract,Recruitment Consultancy,31,3.5,36800,-0.1386,17.8,0,3,1,0.15
EMP10345,2023-10-21,Quality Assurance & Control,QA/QC Engineer,3,JNPA WOLP,Port Infrastructure,MGR065,Fixed Term Contract,Employee Referral,19,4.1,57700,0.2499,15.9,0,3,0,0.55
EMP10346,2026-02-21,Accounts & Finance,Accounts Officer,3,Nagpur Expressway Pkg-4,Highway,MGR058,Apprentice / Trainee,Labour Contractor,40,8.7,46800,0.1453,57.6,0,2,1,0.85
EMP10347,2023-02-19,Civil Execution,Junior Engineer,2,Bengaluru Tech Park,Commercial,MGR024,Fixed Term Contract,Campus Hiring,31,4.3,23400,-0.1442,56.0,0,2,0,0.2
EMP10348,2021-06-26,Civil Execution,Project Manager,6,JNPA WOLP,Port Infrastructure,MGR092,Fixed Term Contract,Employee Referral,44,9.4,182100,0.2784,4.4,1,5,1,0.55
EMP10349,2020-09-14,EHS,Supervisor,2,Mumbai HO,Corporate,MGR073,Fixed Term Contract,Recruitment Consultancy,36,4.7,36300,0.1849,17.3,0,2,0,0.05
EMP10350,2022-08-02,Accounts & Finance,Deputy Manager,5,Pune Metro Reach-3,Metro,MGR019,Permanent,Naukri / Job Portal,42,8.6,59800,-0.3547,11.6,0,4,1,0.25
EMP10351,2025-08-16,EHS,Deputy Manager,5,Delhi NCR Logistics Hub,Industrial,MGR118,Apprentice / Trainee,Recruitment Consultancy,36,8.5,103900,0.1224,8.6,0,4,0,0.45
EMP10352,2024-08-17,MEP,Junior Engineer,2,JNPA WOLP,Port Infrastructure,MGR072,Retainer,Labour Contractor,22,2.6,20800,-0.2242,1.0,1,2,0,0.55
EMP10353,2019-06-10,Design & Engineering,Senior Engineer,4,JNPA WOLP,Port Infrastructure,MGR050,Permanent,Labour Contractor,31,4.7,68900,0.052,1.1,1,4,0,0.55
EMP10354,2024-11-23,Design & Engineering,Design Engineer,4,Bengaluru Tech Park,Commercial,MGR002,Permanent,Naukri / Job Portal,39,6.5,51400,-0.2053,12.0,0,4,1,0.2
EMP10355,2020-02-01,Accounts & Finance,Deputy Manager,5,Delhi NCR Logistics Hub,Industrial,MGR017,Fixed Term Contract,Naukri / Job Portal,41,6.3,84800,-0.0614,26.6,0,4,0,0.45
EMP10356,2026-07-25,MEP,Senior Engineer,4,Delhi NCR Logistics Hub,Industrial,MGR118,Fixed Term Contract,Employee Referral,27,7.0,74100,0.1025,0.8,1,4,1,0.45
EMP10357,2024-11-16,EHS,Safety Officer,3,Ahmedabad Water Works,Water,MGR047,Apprentice / Trainee,Internal Transfer,46,6.0,42600,0.0189,2.3,1,3,1,0.65
EMP10358,2026-08-01,Procurement,Procurement Executive,3,Mantralaya Redevelopment,Government Building,MGR105,Permanent,Walk-in / Site Gate,19,3.4,39000,-0.1673,11.5,0,3,0,0.15
EMP10359,2024-08-17,Design & Engineering,Deputy Manager,5,JNPA WOLP,Port Infrastructure,MGR035,Fixed Term Contract,Naukri / Job Portal,38,8.6,81300,-0.1227,5.7,1,4,1,0.55
EMP10360,2026-01-03,Design & Engineering,Senior Engineer,4,Bengaluru Tech Park,Commercial,MGR057,Permanent,Walk-in / Site Gate,38,4.9,61700,-0.0601,8.2,0,4,0,0.2
EMP10361,2019-08-31,Business Support Services,Accounts Officer,3,JNPA WOLP,Port Infrastructure,MGR081,Permanent,Labour Contractor,30,3.1,38500,0.0032,13.1,0,2,0,0.55
EMP10362,2025-06-14,Civil Execution,Supervisor,2,Bengaluru Tech Park,Commercial,MGR118,Permanent,Walk-in / Site Gate,27,1.8,29200,-0.0144,29.8,0,2,0,0.2
EMP10363,2024-03-30,Procurement,Deputy Manager,5,JNPA WOLP,Port Infrastructure,MGR046,Permanent,Naukri / Job Portal,32,8.5,83600,-0.0969,2.9,1,4,0,0.55
EMP10364,2023-06-24,Civil Execution,Senior Engineer,4,Mumbai HO,Corporate,MGR045,Permanent,Recruitment Consultancy,41,5.6,68400,0.0338,11.5,0,4,1,0.05
EMP10365,2025-04-26,Planning & Coordination,Senior Engineer,4,JNPA WOLP,Port Infrastructure,MGR023,Permanent,Naukri / Job Portal,26,5.7,67200,0.0145,23.1,0,4,1,0.55
EMP10366,2024-08-24,Civil Execution,Construction Manager,5,Bengaluru Tech Park,Commercial,MGR094,Fixed Term Contract,Recruitment Consultancy,40,7.5,115200,0.1009,14.9,0,5,0,0.2
EMP10367,2026-05-30,Civil Execution,Supervisor,2,JNPA WOLP,Port Infrastructure,MGR083,Fixed Term Contract,Internal Transfer,27,2.6,28500,-0.047,20.7,0,2,1,0.55
EMP10368,2023-02-08,Planning & Coordination,Deputy Manager,5,Bengaluru Tech Park,Commercial,MGR098,Permanent,Recruitment Consultancy,52,7.2,111800,0.2251,10.0,0,4,0,0.2
EMP10369,2024-05-04,HR & Admin,HR Executive,3,Nagpur Expressway Pkg-4,Highway,MGR001,Permanent,Naukri / Job Portal,33,4.8,44400,0.1662,2.1,1,2,0,0.85
EMP10370,2019-12-29,Civil Execution,Junior Engineer,2,Pune Metro Reach-3,Metro,MGR106,Fixed Term Contract,Employee Referral,28,3.0,25700,-0.0459,5.9,0,2,1,0.25
EMP10371,2020-04-25,Business Support Services,Accounts Officer,3,Pune Metro Reach-3,Metro,MGR066,Retainer,Labour Contractor,19,4.4,35700,-0.0835,4.0,0,2,0,0.25
EMP10372,2025-04-19,Business Support Services,HR Executive,3,Mantralaya Redevelopment,Government Building,MGR065,Permanent,Naukri / Job Portal,28,5.6,38200,-0.0057,31.8,0,2,1,0.15
EMP10373,2025-04-19,MEP,Deputy Manager,5,Mantralaya Redevelopment,Government Building,MGR057,Permanent,Naukri / Job Portal,29,6.5,86800,-0.0414,1.0,0,4,0,0.15
EMP10374,2024-04-20,Stores & Logistics,Supervisor,2,Mantralaya Redevelopment,Government Building,MGR003,Permanent,Labour Contractor,27,2.4,33600,0.1262,7.5,0,2,0,0.15
EMP10375,2026-05-02,MEP,Senior Engineer,4,Bengaluru Tech Park,Commercial,MGR025,Permanent,Campus Hiring,35,5.2,60200,-0.0861,10.4,0,4,1,0.2
EMP10376,2023-09-02,Quality Assurance & Control,Junior Engineer,2,Nagpur Expressway Pkg-4,Highway,MGR077,Fixed Term Contract,Recruitment Consultancy,23,3.1,22100,-0.1805,1.8,1,2,1,0.85
EMP10377,2025-07-05,EHS,Safety Officer,3,Delhi NCR Logistics Hub,Industrial,MGR042,Fixed Term Contract,Employee Referral,33,5.0,39900,-0.0348,20.1,0,3,1,0.45
EMP10378,2025-10-11,Planning & Coordination,Deputy Manager,5,Delhi NCR Logistics Hub,Industrial,MGR061,Fixed Term Contract,Employee Referral,49,8.6,88300,-0.0471,4.5,1,4,1,0.45
EMP10379,2019-09-22,Accounts & Finance,Deputy Manager,5,Mumbai HO,Corporate,MGR044,Apprentice / Trainee,Recruitment Consultancy,36,9.1,82700,-0.1124,38.9,0,4,0,0.05
EMP10380,2023-09-09,Planning & Coordination,Planning Engineer,4,Ahmedabad Water Works,Water,MGR078,Permanent,Naukri / Job Portal,34,7.3,54100,-0.1424,75.1,0,4,1,0.65
EMP10381,2025-11-22,Procurement,Procurement Executive,3,Mumbai HO,Corporate,MGR088,Permanent,Labour Contractor,33,6.0,37700,-0.2185,9.5,0,3,1,0.05
EMP10382,2022-12-19,Quality Assurance & Control,Junior Engineer,2,Mumbai HO,Corporate,MGR092,Fixed Term Contract,Labour Contractor,30,2.8,26800,-0.0027,12.9,0,2,1,0.05
EMP10383,2020-07-21,Civil Execution,Site Helper,1,Nagpur Expressway Pkg-4,Highway,MGR112,Fixed Term Contract,Walk-in / Site Gate,27,2.2,17600,0.0392,2.8,1,1,1,0.85
EMP10384,2025-02-01,EHS,Deputy Manager,5,Bengaluru Tech Park,Commercial,MGR026,Retainer,Employee Referral,44,6.5,88000,-0.0282,27.8,0,4,1,0.2
EMP10385,2025-05-17,MEP,Senior Engineer,4,Mantralaya Redevelopment,Government Building,MGR068,Permanent,Recruitment Consultancy,39,11.0,64700,-0.0781,75.6,0,4,1,0.15
EMP10386,2022-11-26,Civil Execution,Project Manager,6,JNPA WOLP,Port Infrastructure,MGR090,Permanent,Naukri / Job Portal,44,9.0,154400,0.0887,0.5,1,5,1,0.55
EMP10387,2026-01-10,Design & Engineering,Senior Engineer,4,JNPA WOLP,Port Infrastructure,MGR032,Permanent,Employee Referral,40,6.3,73400,0.1007,2.3,1,4,1,0.55
EMP10388,2026-07-04,Civil Execution,Project Manager,6,Bengaluru Tech Park,Commercial,MGR068,Apprentice / Trainee,Naukri / Job Portal,35,9.8,169100,0.1821,20.0,0,5,1,0.2
EMP10389,2026-06-20,Design & Engineering,Deputy Manager,5,Mantralaya Redevelopment,Government Building,MGR040,Fixed Term Contract,Recruitment Consultancy,34,7.3,92600,0.0136,32.7,0,4,1,0.15
EMP10390,2026-03-28,Procurement,Deputy Manager,5,Ahmedabad Water Works,Water,MGR084,Permanent,Employee Referral,37,6.8,61400,-0.3242,1.8,1,4,1,0.65
EMP10391,2026-06-06,Stores & Logistics,Deputy Manager,5,Pune Metro Reach-3,Metro,MGR031,Fixed Term Contract,Naukri / Job Portal,37,6.5,85600,-0.0547,21.0,0,4,1,0.25
EMP10392,2024-06-08,Stores & Logistics,Supervisor,2,Ahmedabad Water Works,Water,MGR028,Fixed Term Contract,Campus Hiring,42,5.8,37400,0.2057,4.4,1,2,0,0.65
EMP10393,2025-10-04,MEP,Deputy Manager,5,Mantralaya Redevelopment,Government Building,MGR061,Permanent,Employee Referral,42,8.6,100000,0.0791,19.4,0,4,1,0.15
EMP10394,2024-07-06,Civil Execution,Site Helper,1,Mantralaya Redevelopment,Government Building,MGR120,Fixed Term Contract,Walk-in / Site Gate,21,0.7,17800,0.0698,48.3,0,1,0,0.15
EMP10395,2026-07-04,Stores & Logistics,Site Helper,1,Delhi NCR Logistics Hub,Industrial,MGR080,Fixed Term Contract,Labour Contractor,19,1.7,20400,0.2116,16.8,0,1,0,0.45
EMP10396,2025-05-10,HR & Admin,HR Executive,3,Delhi NCR Logistics Hub,Industrial,MGR043,Permanent,Employee Referral,23,4.6,40900,0.0767,2.1,1,2,1,0.45
EMP10397,2026-06-27,EHS,Deputy Manager,5,Bengaluru Tech Park,Commercial,MGR112,Permanent,Employee Referral,35,7.3,91100,-0.0028,39.4,0,4,0,0.2
EMP10398,2024-03-09,Planning & Coordination,Planning Engineer,4,Ahmedabad Water Works,Water,MGR069,Permanent,Naukri / Job Portal,48,5.5,48200,-0.2204,6.1,1,4,1,0.65
EMP10399,2021-12-29,Accounts & Finance,Deputy Manager,5,JNPA WOLP,Port Infrastructure,MGR075,Apprentice / Trainee,Recruitment Consultancy,39,7.1,67600,-0.2584,0.5,1,4,1,0.55
EMP10400,2025-03-15,Civil Execution,Site Engineer,3,Nagpur Expressway Pkg-4,Highway,MGR063,Permanent,Naukri / Job Portal,46,5.4,38600,-0.1158,10.6,1,3,0,0.85
EMP10401,2024-06-08,Civil Execution,Supervisor,2,Mumbai HO,Corporate,MGR035,Permanent,Naukri / Job Portal,19,2.3,33100,0.1107,21.7,0,2,0,0.05
EMP10402,2022-04-23,Quality Assurance & Control,Junior Engineer,2,Delhi NCR Logistics Hub,Industrial,MGR082,Fixed Term Contract,Recruitment Consultancy,24,4.9,28400,0.0316,0.9,1,2,1,0.45
EMP10403,2022-04-08,Civil Execution,Supervisor,2,Bengaluru Tech Park,Commercial,MGR054,Permanent,Naukri / Job Portal,30,1.8,27800,-0.0616,25.3,0,2,0,0.2
EMP10404,2023-06-10,Accounts & Finance,Deputy Manager,5,Delhi NCR Logistics Hub,Industrial,MGR033,Permanent,Naukri / Job Portal,44,9.8,96700,0.0301,18.3,0,4,1,0.45
EMP10405,2022-06-28,MEP,Deputy Manager,5,Nagpur Expressway Pkg-4,Highway,MGR050,Permanent,Recruitment Consultancy,44,9.5,82900,-0.1141,4.7,1,4,0,0.85
EMP10406,2025-07-19,HR & Admin,HR Executive,3,Delhi NCR Logistics Hub,Industrial,MGR031,Fixed Term Contract,Employee Referral,36,5.1,39300,0.0287,18.2,0,2,1,0.45
EMP10407,2024-08-24,Planning & Coordination,Senior Engineer,4,Bengaluru Tech Park,Commercial,MGR039,Permanent,Labour Contractor,30,6.0,75600,0.1375,17.3,0,4,0,0.2
EMP10408,2019-04-22,Design & Engineering,Deputy Manager,5,Mumbai HO,Corporate,MGR018,Permanent,Employee Referral,37,7.2,92100,0.0092,11.5,0,4,1,0.05
EMP10409,2024-10-19,Civil Execution,Construction Manager,5,JNPA WOLP,Port Infrastructure,MGR097,Apprentice / Trainee,Naukri / Job Portal,40,6.8,100000,-0.0369,1.5,1,5,0,0.55
EMP10410,2021-03-30,Civil Execution,Site Helper,1,Mumbai HO,Corporate,MGR110,Fixed Term Contract,Employee Referral,26,0.7,17000,0.0217,12.7,0,1,0,0.05
EMP10411,2025-05-31,Procurement,Deputy Manager,5,JNPA WOLP,Port Infrastructure,MGR057,Permanent,Naukri / Job Portal,34,12.8,118100,0.2188,3.3,1,4,0,0.55
EMP10412,2019-07-11,EHS,Supervisor,2,JNPA WOLP,Port Infrastructure,MGR068,Fixed Term Contract,Naukri / Job Portal,26,2.1,41900,0.4093,3.6,1,2,1,0.55
EMP10413,2020-01-16,Quality Assurance & Control,Junior Engineer,2,Bengaluru Tech Park,Commercial,MGR104,Fixed Term Contract,Labour Contractor,36,6.4,34200,0.2216,20.4,0,2,0,0.2
EMP10414,2024-09-28,Design & Engineering,Deputy Manager,5,Mumbai HO,Corporate,MGR044,Retainer,Recruitment Consultancy,34,7.1,104200,0.1431,16.3,0,4,1,0.05
EMP10415,2023-10-07,Design & Engineering,Design Engineer,4,Ahmedabad Water Works,Water,MGR106,Fixed Term Contract,Naukri / Job Portal,41,7.1,53700,-0.1753,4.7,0,4,0,0.65
EMP10416,2025-07-26,Civil Execution,Project Manager,6,Nagpur Expressway Pkg-4,Highway,MGR083,Fixed Term Contract,Employee Referral,38,8.0,130500,-0.0698,9.8,1,5,1,0.85
EMP10417,2024-03-16,Procurement,Deputy Manager,5,Ahmedabad Water Works,Water,MGR039,Fixed Term Contract,Recruitment Consultancy,41,8.2,77600,-0.1589,4.2,1,4,1,0.65
EMP10418,2025-02-15,Business Support Services,Accounts Officer,3,Nagpur Expressway Pkg-4,Highway,MGR081,Permanent,Walk-in / Site Gate,34,3.6,39800,0.0311,3.5,1,2,1,0.85
EMP10419,2025-07-12,Accounts & Finance,Deputy Manager,5,Bengaluru Tech Park,Commercial,MGR045,Permanent,Recruitment Consultancy,37,6.6,80100,-0.1164,10.8,0,4,0,0.2
EMP10420,2020-12-27,EHS,Safety Officer,3,Pune Metro Reach-3,Metro,MGR056,Permanent,Labour Contractor,27,6.5,47100,0.1203,22.5,0,3,1,0.25
EMP10421,2025-02-22,Procurement,Procurement Executive,3,JNPA WOLP,Port Infrastructure,MGR017,Fixed Term Contract,Walk-in / Site Gate,38,3.0,58800,0.2613,6.6,0,3,0,0.55
EMP10422,2024-02-17,Quality Assurance & Control,Deputy Manager,5,JNPA WOLP,Port Infrastructure,MGR010,Apprentice / Trainee,Recruitment Consultancy,37,6.6,63600,-0.2984,20.2,0,4,0,0.55
EMP10423,2019-08-12,Planning & Coordination,Senior Engineer,4,JNPA WOLP,Port Infrastructure,MGR097,Permanent,Recruitment Consultancy,36,6.4,59400,-0.1103,1.3,1,4,0,0.55
EMP10424,2025-12-20,Civil Execution,Site Helper,1,Mumbai HO,Corporate,MGR011,Fixed Term Contract,Walk-in / Site Gate,35,2.8,15400,-0.097,31.5,0,1,1,0.05
EMP10425,2020-12-19,Design & Engineering,Deputy Manager,5,Mumbai HO,Corporate,MGR080,Permanent,Recruitment Consultancy,44,8.9,95400,0.0261,5.6,0,4,1,0.05
EMP10426,2020-08-27,Civil Execution,Senior Engineer,4,JNPA WOLP,Port Infrastructure,MGR049,Permanent,Naukri / Job Portal,28,6.0,68400,0.0291,20.4,0,4,1,0.55
EMP10427,2024-11-09,Design & Engineering,Deputy Manager,5,Mantralaya Redevelopment,Government Building,MGR092,Permanent,Recruitment Consultancy,42,8.1,79800,-0.1342,1.9,0,4,0,0.15
EMP10428,2020-07-25,Business Support Services,HR Executive,3,JNPA WOLP,Port Infrastructure,MGR055,Fixed Term Contract,Naukri / Job Portal,31,3.8,35500,-0.0569,4.9,1,2,0,0.55
EMP10429,2021-11-05,Civil Execution,Project Manager,6,Pune Metro Reach-3,Metro,MGR075,Permanent,Recruitment Consultancy,40,10.3,142400,-0.0099,14.9,0,5,0,0.25
EMP10430,2019-11-16,Civil Execution,Project Manager,6,Mantralaya Redevelopment,Government Building,MGR024,Permanent,Naukri / Job Portal,46,8.5,181400,0.286,13.9,0,5,0,0.15
EMP10431,2025-07-19,EHS,Safety Officer,3,Ahmedabad Water Works,Water,MGR093,Permanent,Employee Referral,31,3.6,39900,-0.0193,46.3,0,3,1,0.65
EMP10432,2020-11-30,Civil Execution,Construction Manager,5,Bengaluru Tech Park,Commercial,MGR056,Permanent,Naukri / Job Portal,37,8.6,95000,-0.103,28.0,0,5,0,0.2
EMP10433,2022-01-26,MEP,Site Engineer,3,JNPA WOLP,Port Infrastructure,MGR104,Permanent,Recruitment Consultancy,43,3.5,37400,-0.1246,3.6,1,3,1,0.55
EMP10434,2025-03-22,HR & Admin,HR Executive,3,Mantralaya Redevelopment,Government Building,MGR021,Permanent,Labour Contractor,33,4.7,42800,0.1254,24.7,0,2,0,0.15
EMP10435,2025-01-11,Accounts & Finance,Deputy Manager,5,Mumbai HO,Corporate,MGR003,Apprentice / Trainee,Recruitment Consultancy,46,6.4,109400,0.2095,10.7,0,4,1,0.05
EMP10436,2022-06-12,Civil Execution,Supervisor,2,Ahmedabad Water Works,Water,MGR051,Fixed Term Contract,Naukri / Job Portal,34,1.7,27700,-0.0639,3.7,1,2,1,0.65
EMP10437,2023-12-30,EHS,Deputy Manager,5,Pune Metro Reach-3,Metro,MGR070,Permanent,Employee Referral,38,8.2,91200,-0.0115,36.8,0,4,1,0.25
EMP10438,2023-11-11,MEP,Site Engineer,3,Nagpur Expressway Pkg-4,Highway,MGR022,Permanent,Walk-in / Site Gate,40,5.1,33400,-0.2323,2.6,1,3,0,0.85
EMP10439,2025-11-08,Business Support Services,HR Executive,3,Nagpur Expressway Pkg-4,Highway,MGR098,Fixed Term Contract,Employee Referral,30,3.1,38700,0.0364,0.7,1,2,0,0.85
EMP10440,2020-11-27,Design & Engineering,Deputy Manager,5,Nagpur Expressway Pkg-4,Highway,MGR042,Fixed Term Contract,Employee Referral,44,8.7,91300,-0.0158,4.1,1,4,1,0.85
EMP10441,2023-06-03,MEP,Senior Engineer,4,Nagpur Expressway Pkg-4,Highway,MGR051,Permanent,Walk-in / Site Gate,38,8.3,62800,-0.0788,3.7,1,4,0,0.85
EMP10442,2022-08-08,MEP,Site Engineer,3,Nagpur Expressway Pkg-4,Highway,MGR045,Fixed Term Contract,Employee Referral,37,3.2,44100,0.0358,4.6,1,3,1,0.85
EMP10443,2023-12-02,Design & Engineering,Design Engineer,4,Mumbai HO,Corporate,MGR077,Fixed Term Contract,Employee Referral,40,6.3,56000,-0.1323,1.3,0,4,0,0.05
EMP10444,2023-04-01,Civil Execution,Construction Manager,5,Nagpur Expressway Pkg-4,Highway,MGR029,Permanent,Naukri / Job Portal,42,6.1,124700,0.2104,1.3,1,5,1,0.85
EMP10445,2024-08-31,Business Support Services,Procurement Executive,3,Bengaluru Tech Park,Commercial,MGR001,Fixed Term Contract,Labour Contractor,39,4.7,50600,0.0644,25.2,0,3,0,0.2
EMP10446,2023-04-29,Procurement,Deputy Manager,5,Mumbai HO,Corporate,MGR098,Permanent,Recruitment Consultancy,36,6.9,106800,0.1742,9.2,0,4,0,0.05
EMP10447,2026-04-04,Planning & Coordination,Planning Engineer,4,Bengaluru Tech Park,Commercial,MGR116,Apprentice / Trainee,Employee Referral,37,5.9,49800,-0.1982,12.4,0,4,1,0.2
EMP10448,2025-04-26,Planning & Coordination,Planning Engineer,4,Mantralaya Redevelopment,Government Building,MGR061,Fixed Term Contract,Naukri / Job Portal,42,6.4,57300,-0.0825,12.7,0,4,0,0.15
EMP10449,2023-12-09,Accounts & Finance,Deputy Manager,5,Pune Metro Reach-3,Metro,MGR040,Permanent,Naukri / Job Portal,41,6.8,78700,-0.1338,23.7,0,4,1,0.25
EMP10450,2025-05-24,Stores & Logistics,Deputy Manager,5,Nagpur Expressway Pkg-4,Highway,MGR008,Permanent,Recruitment Consultancy,26,7.8,111200,0.2105,4.1,1,4,1,0.85
EMP10451,2024-05-11,Business Support Services,Procurement Executive,3,Nagpur Expressway Pkg-4,Highway,MGR056,Permanent,Naukri / Job Portal,36,4.8,50700,0.0653,6.6,1,3,1,0.85
EMP10452,2025-06-14,HR & Admin,Deputy Manager,5,JNPA WOLP,Port Infrastructure,MGR001,Apprentice / Trainee,Recruitment Consultancy,46,6.3,84400,-0.0659,5.8,1,4,0,0.55
EMP10453,2023-07-15,Quality Assurance & Control,Junior Engineer,2,Nagpur Expressway Pkg-4,Highway,MGR047,Permanent,Campus Hiring,27,4.0,31800,0.1671,6.9,1,2,1,0.85
EMP10454,2024-06-22,Quality Assurance & Control,Junior Engineer,2,JNPA WOLP,Port Infrastructure,MGR035,Fixed Term Contract,Campus Hiring,39,2.6,25000,-0.0676,7.5,1,2,1,0.55
EMP10455,2023-05-27,Civil Execution,Senior Engineer,4,Pune Metro Reach-3,Metro,MGR095,Fixed Term Contract,Campus Hiring,21,7.1,73200,0.088,20.4,0,4,1,0.25
EMP10456,2025-10-18,Civil Execution,Construction Manager,5,JNPA WOLP,Port Infrastructure,MGR104,Permanent,Naukri / Job Portal,45,6.2,105400,0.0219,66.6,0,5,1,0.55
EMP10457,2020-02-06,Procurement,Procurement Executive,3,Mumbai HO,Corporate,MGR011,Permanent,Campus Hiring,28,5.0,41700,-0.1258,1.6,0,3,1,0.05
EMP10458,2023-04-15,Civil Execution,Construction Manager,5,Pune Metro Reach-3,Metro,MGR087,Fixed Term Contract,Employee Referral,34,7.9,110300,0.0495,20.1,0,5,1,0.25
EMP10459,2022-10-01,Quality Assurance & Control,Deputy Manager,5,Bengaluru Tech Park,Commercial,MGR020,Permanent,Recruitment Consultancy,38,7.4,80800,-0.1165,29.0,0,4,0,0.2
EMP10460,2025-04-05,Civil Execution,Site Engineer,3,Ahmedabad Water Works,Water,MGR101,Permanent,Walk-in / Site Gate,28,4.1,37600,-0.1259,20.5,0,3,1,0.65
EMP10461,2026-03-07,HR & Admin,HR Executive,3,Mantralaya Redevelopment,Government Building,MGR057,Fixed Term Contract,Recruitment Consultancy,31,3.7,38800,0.032,6.5,0,2,1,0.15
EMP10462,2023-11-25,Procurement,Deputy Manager,5,Ahmedabad Water Works,Water,MGR042,Fixed Term Contract,Naukri / Job Portal,40,8.3,75000,-0.188,3.4,1,4,1,0.65
EMP10463,2019-05-24,HR & Admin,HR Executive,3,Ahmedabad Water Works,Water,MGR075,Fixed Term Contract,Internal Transfer,22,3.2,43800,0.1717,1.8,1,2,1,0.65
EMP10464,2025-12-20,Civil Execution,Supervisor,2,JNPA WOLP,Port Infrastructure,MGR113,Retainer,Labour Contractor,25,2.8,26200,-0.1259,2.5,1,2,0,0.55
EMP10465,2024-02-24,Civil Execution,Senior Engineer,4,Delhi NCR Logistics Hub,Industrial,MGR104,Fixed Term Contract,Internal Transfer,35,5.8,66100,-0.0032,7.1,1,4,1,0.45
EMP10466,2024-08-17,Accounts & Finance,Deputy Manager,5,Mumbai HO,Corporate,MGR092,Fixed Term Contract,Recruitment Consultancy,46,6.2,86200,-0.0449,16.1,0,4,0,0.05
EMP10467,2023-08-12,Civil Execution,Senior Engineer,4,Pune Metro Reach-3,Metro,MGR028,Fixed Term Contract,Labour Contractor,37,6.4,70300,0.053,28.3,0,4,0,0.25
EMP10468,2025-06-28,Civil Execution,Construction Manager,5,Delhi NCR Logistics Hub,Industrial,MGR042,Permanent,Naukri / Job Portal,31,6.8,114000,0.0979,4.9,1,5,0,0.45
EMP10469,2021-06-15,Civil Execution,Construction Manager,5,JNPA WOLP,Port Infrastructure,MGR089,Permanent,Recruitment Consultancy,32,7.4,121400,0.1614,1.4,1,5,1,0.55
EMP10470,2025-06-07,Stores & Logistics,Supervisor,2,Mumbai HO,Corporate,MGR107,Fixed Term Contract,Employee Referral,30,3.3,27400,-0.0912,1.3,0,2,0,0.05
EMP10471,2023-04-01,Stores & Logistics,Site Helper,1,Nagpur Expressway Pkg-4,Highway,MGR078,Permanent,Walk-in / Site Gate,23,2.2,16500,-0.0257,2.1,1,1,0,0.85
EMP10472,2024-04-06,Civil Execution,Junior Engineer,2,Bengaluru Tech Park,Commercial,MGR023,Fixed Term Contract,Employee Referral,22,5.2,20400,-0.2615,4.3,0,2,1,0.2
EMP10473,2022-09-30,Business Support Services,Procurement Executive,3,Nagpur Expressway Pkg-4,Highway,MGR032,Permanent,Recruitment Consultancy,39,6.9,58100,0.1924,3.2,1,3,1,0.85
EMP10474,2020-04-11,Procurement,Deputy Manager,5,Delhi NCR Logistics Hub,Industrial,MGR112,Fixed Term Contract,Naukri / Job Portal,38,10.2,108800,0.154,1.2,1,4,1,0.45
EMP10475,2025-02-15,Stores & Logistics,Site Helper,1,Ahmedabad Water Works,Water,MGR028,Fixed Term Contract,Walk-in / Site Gate,29,0.9,13800,-0.1726,5.9,1,1,0,0.65
EMP10476,2025-07-26,Business Support Services,Accounts Officer,3,Mumbai HO,Corporate,MGR032,Permanent,Recruitment Consultancy,34,3.6,30900,-0.1994,9.6,0,2,1,0.05
EMP10477,2019-07-24,Civil Execution,Construction Manager,5,JNPA WOLP,Port Infrastructure,MGR083,Permanent,Recruitment Consultancy,33,6.7,106100,0.023,8.2,1,5,0,0.55
EMP10478,2020-07-02,Business Support Services,Accounts Officer,3,Mumbai HO,Corporate,MGR036,Permanent,Naukri / Job Portal,35,3.8,41600,0.0753,21.8,0,2,0,0.05
EMP10479,2024-06-15,Quality Assurance & Control,Deputy Manager,5,Mumbai HO,Corporate,MGR063,Fixed Term Contract,Naukri / Job Portal,44,9.3,92400,-0.0104,29.5,0,4,1,0.05
EMP10480,2025-01-11,EHS,Safety Officer,3,Mumbai HO,Corporate,MGR094,Permanent,Labour Contractor,26,7.4,46500,0.0951,17.1,0,3,0,0.05
EMP10481,2024-03-02,Procurement,Procurement Executive,3,JNPA WOLP,Port Infrastructure,MGR099,Permanent,Recruitment Consultancy,20,5.2,47700,-0.0023,2.1,1,3,1,0.55
EMP10482,2024-03-09,Stores & Logistics,Deputy Manager,5,Bengaluru Tech Park,Commercial,MGR066,Fixed Term Contract,Recruitment Consultancy,39,7.4,71200,-0.2215,23.6,0,4,0,0.2
EMP10483,2022-06-22,MEP,Senior Engineer,4,Delhi NCR Logistics Hub,Industrial,MGR104,Permanent,Naukri / Job Portal,34,6.5,78800,0.179,31.6,0,4,1,0.45
EMP10484,2019-03-22,Civil Execution,Project Manager,6,Delhi NCR Logistics Hub,Industrial,MGR074,Fixed Term Contract,Recruitment Consultancy,45,11.7,151600,0.0386,51.9,0,5,1,0.45
EMP10485,2021-11-29,Quality Assurance & Control,QA/QC Engineer,3,JNPA WOLP,Port Infrastructure,MGR014,Fixed Term Contract,Naukri / Job Portal,30,6.5,37200,-0.2157,28.1,0,3,0,0.55
EMP10486,2019-03-25,MEP,Site Engineer,3,Mantralaya Redevelopment,Government Building,MGR034,Fixed Term Contract,Employee Referral,32,3.6,39300,-0.0812,5.4,0,3,1,0.15
EMP10487,2022-02-26,MEP,Junior Engineer,2,Bengaluru Tech Park,Commercial,MGR113,Retainer,Naukri / Job Portal,29,1.8,27200,0.024,44.2,0,2,1,0.2
EMP10488,2021-02-15,Design & Engineering,Senior Engineer,4,Mumbai HO,Corporate,MGR120,Permanent,Naukri / Job Portal,35,5.1,63600,-0.0334,35.7,0,4,1,0.05
EMP10489,2021-07-21,Civil Execution,Supervisor,2,Mantralaya Redevelopment,Government Building,MGR055,Permanent,Walk-in / Site Gate,24,3.9,31900,0.0508,32.0,0,2,0,0.15
EMP10490,2024-02-24,Accounts & Finance,Deputy Manager,5,Nagpur Expressway Pkg-4,Highway,MGR001,Fixed Term Contract,Recruitment Consultancy,47,6.9,98200,0.0797,2.0,1,4,1,0.85
EMP10491,2023-11-25,Civil Execution,Project Manager,6,Delhi NCR Logistics Hub,Industrial,MGR092,Fixed Term Contract,Naukri / Job Portal,28,8.0,114300,-0.1852,3.2,1,5,1,0.45
EMP10492,2025-04-26,Accounts & Finance,Deputy Manager,5,JNPA WOLP,Port Infrastructure,MGR087,Permanent,Employee Referral,39,8.2,98200,0.0643,31.6,0,4,1,0.55
EMP10493,2025-08-09,Planning & Coordination,Planning Engineer,4,Mantralaya Redevelopment,Government Building,MGR026,Permanent,Labour Contractor,35,5.4,59700,-0.0333,11.4,0,4,0,0.15
EMP10494,2024-02-10,HR & Admin,Deputy Manager,5,Mumbai HO,Corporate,MGR037,Permanent,Naukri / Job Portal,37,7.2,100900,0.1057,1.9,0,4,1,0.05
EMP10495,2025-11-22,Civil Execution,Project Manager,6,Bengaluru Tech Park,Commercial,MGR105,Permanent,Employee Referral,36,9.4,136500,-0.0417,13.0,0,5,1,0.2
EMP10496,2024-09-28,Civil Execution,Site Helper,1,Bengaluru Tech Park,Commercial,MGR058,Fixed Term Contract,Labour Contractor,30,2.3,17100,0.0085,43.5,0,1,0,0.2
EMP10497,2025-10-25,Stores & Logistics,Store Officer,2,Ahmedabad Water Works,Water,MGR089,Fixed Term Contract,Recruitment Consultancy,28,2.8,27300,-0.0567,1.2,1,2,0,0.65
EMP10498,2026-07-11,Civil Execution,Site Engineer,3,Bengaluru Tech Park,Commercial,MGR081,Fixed Term Contract,Recruitment Consultancy,31,5.7,40800,-0.0686,12.5,0,3,0,0.2
EMP10499,2026-05-09,Design & Engineering,Deputy Manager,5,JNPA WOLP,Port Infrastructure,MGR035,Permanent,Employee Referral,21,7.3,77900,-0.1473,6.8,1,4,0,0.55
EMP10500,2021-04-24,Stores & Logistics,Deputy Manager,5,Nagpur Expressway Pkg-4,Highway,MGR094,Permanent,Recruitment Consultancy,41,9.4,96400,0.0313,1.4,1,4,1,0.85
EMP10501,2019-05-01,Civil Execution,Junior Engineer,2,Ahmedabad Water Works,Water,MGR046,Fixed Term Contract,Naukri / Job Portal,35,1.6,25100,-0.0528,12.8,0,2,1,0.65
EMP10502,2022-12-14,Quality Assurance & Control,QA/QC Engineer,3,JNPA WOLP,Port Infrastructure,MGR113,Permanent,Recruitment Consultancy,27,5.3,46000,-0.0171,0.9,1,3,1,0.55
EMP10503,2020-09-17,MEP,Senior Engineer,4,Pune Metro Reach-3,Metro,MGR066,Permanent,Labour Contractor,32,7.3,74300,0.1019,8.8,0,4,0,0.25
EMP10504,2025-05-24,MEP,Deputy Manager,5,Pune Metro Reach-3,Metro,MGR073,Permanent,Recruitment Consultancy,48,7.2,92500,0.0136,6.8,0,4,1,0.25
EMP10505,2024-10-26,HR & Admin,Deputy Manager,5,JNPA WOLP,Port Infrastructure,MGR051,Permanent,Employee Referral,32,6.5,90600,0.0005,3.4,1,4,1,0.55
EMP10506,2023-06-17,Civil Execution,Project Manager,6,Bengaluru Tech Park,Commercial,MGR065,Permanent,Naukri / Job Portal,40,9.3,144800,0.0177,13.9,0,5,0,0.2
EMP10507,2026-01-24,Stores & Logistics,Store Officer,2,JNPA WOLP,Port Infrastructure,MGR027,Fixed Term Contract,Employee Referral,36,2.0,25000,-0.1281,2.5,1,2,1,0.55
EMP10508,2024-07-27,Business Support Services,Accounts Officer,3,Mumbai HO,Corporate,MGR079,Permanent,Employee Referral,27,7.1,41000,0.0211,1.0,0,2,1,0.05
EMP10509,2023-12-16,Civil Execution,Construction Manager,5,Mantralaya Redevelopment,Government Building,MGR106,Permanent,Recruitment Consultancy,36,8.3,101300,-0.0404,11.1,0,5,1,0.15
EMP10510,2020-06-07,Civil Execution,Project Manager,6,Ahmedabad Water Works,Water,MGR019,Fixed Term Contract,Naukri / Job Portal,33,10.7,96600,-0.3312,4.0,1,5,1,0.65
EMP10511,2025-01-04,EHS,Supervisor,2,Bengaluru Tech Park,Commercial,MGR111,Fixed Term Contract,Employee Referral,31,3.6,28100,-0.0712,7.2,0,2,0,0.2
EMP10512,2021-05-06,Civil Execution,Project Manager,6,JNPA WOLP,Port Infrastructure,MGR101,Permanent,Recruitment Consultancy,42,7.8,146200,0.0444,5.5,1,5,0,0.55
EMP10513,2023-05-06,Accounts & Finance,Deputy Manager,5,Nagpur Expressway Pkg-4,Highway,MGR046,Permanent,Employee Referral,41,6.3,73800,-0.1832,2.2,1,4,1,0.85
EMP10514,2025-12-27,Stores & Logistics,Supervisor,2,Bengaluru Tech Park,Commercial,MGR011,Permanent,Walk-in / Site Gate,24,3.3,29100,-0.0348,18.2,0,2,1,0.2
EMP10515,2024-07-06,Stores & Logistics,Supervisor,2,Delhi NCR Logistics Hub,Industrial,MGR028,Fixed Term Contract,Labour Contractor,19,5.5,35600,0.1516,2.6,1,2,0,0.45
EMP10516,2023-06-03,Quality Assurance & Control,Deputy Manager,5,Delhi NCR Logistics Hub,Industrial,MGR082,Fixed Term Contract,Recruitment Consultancy,40,6.7,108200,0.1922,3.7,1,4,1,0.45
EMP10517,2025-08-30,Quality Assurance & Control,Deputy Manager,5,Ahmedabad Water Works,Water,MGR092,Apprentice / Trainee,Recruitment Consultancy,52,6.8,85600,-0.0578,1.5,1,4,1,0.65
EMP10518,2023-01-10,EHS,Deputy Manager,5,JNPA WOLP,Port Infrastructure,MGR050,Permanent,Recruitment Consultancy,41,8.6,103100,0.1126,18.2,0,4,1,0.55
EMP10519,2026-05-09,Civil Execution,Junior Engineer,2,Nagpur Expressway Pkg-4,Highway,MGR112,Fixed Term Contract,Naukri / Job Portal,30,1.7,25900,-0.0238,2.6,1,2,1,0.85
EMP10520,2021-02-28,Planning & Coordination,Deputy Manager,5,Mantralaya Redevelopment,Government Building,MGR112,Fixed Term Contract,Recruitment Consultancy,41,7.5,99900,0.0911,27.4,0,4,1,0.15
EMP10521,2021-01-28,Design & Engineering,Design Engineer,4,Ahmedabad Water Works,Water,MGR039,Permanent,Employee Referral,40,5.8,58300,-0.0916,2.4,1,4,1,0.65
EMP10522,2021-10-30,MEP,Deputy Manager,5,Delhi NCR Logistics Hub,Industrial,MGR084,Permanent,Employee Referral,40,7.0,97600,0.0719,29.7,0,4,1,0.45
EMP10523,2024-04-20,MEP,Site Engineer,3,Ahmedabad Water Works,Water,MGR007,Apprentice / Trainee,Naukri / Job Portal,24,3.7,48300,0.128,55.9,0,3,1,0.65
EMP10524,2023-09-30,Procurement,Procurement Executive,3,Mumbai HO,Corporate,MGR098,Permanent,Labour Contractor,32,3.1,54000,0.157,12.3,0,3,1,0.05
EMP10525,2025-02-08,Planning & Coordination,Senior Engineer,4,JNPA WOLP,Port Infrastructure,MGR037,Permanent,Employee Referral,31,9.5,66500,-0.0372,3.0,1,4,1,0.55
EMP10526,2023-05-20,HR & Admin,Deputy Manager,5,Mumbai HO,Corporate,MGR066,Permanent,Employee Referral,37,6.7,98000,0.0798,7.7,0,4,1,0.05
EMP10527,2022-11-02,MEP,Senior Engineer,4,Ahmedabad Water Works,Water,MGR082,Permanent,Recruitment Consultancy,33,5.4,57200,-0.1336,2.6,1,4,1,0.65
EMP10528,2025-05-03,Business Support Services,Procurement Executive,3,Mumbai HO,Corporate,MGR069,Permanent,Walk-in / Site Gate,29,3.4,41200,-0.1203,21.6,0,3,0,0.05
EMP10529,2022-12-09,Procurement,Deputy Manager,5,Mumbai HO,Corporate,MGR057,Permanent,Recruitment Consultancy,33,9.1,64800,-0.3045,6.7,0,4,1,0.05
EMP10530,2023-06-10,MEP,Site Engineer,3,Bengaluru Tech Park,Commercial,MGR052,Apprentice / Trainee,Employee Referral,39,3.4,52300,0.2256,22.8,0,3,1,0.2
EMP10531,2025-09-13,HR & Admin,Deputy Manager,5,Mumbai HO,Corporate,MGR032,Fixed Term Contract,Employee Referral,37,10.5,92800,-0.0189,6.8,0,4,1,0.05
EMP10532,2024-06-29,Civil Execution,Project Manager,6,Ahmedabad Water Works,Water,MGR067,Fixed Term Contract,Naukri / Job Portal,40,8.4,148500,0.0539,1.7,1,5,1,0.65
EMP10533,2024-09-14,Civil Execution,Site Engineer,3,Mantralaya Redevelopment,Government Building,MGR039,Permanent,Walk-in / Site Gate,29,3.9,47900,0.1161,10.3,0,3,0,0.15
EMP10534,2024-11-16,Civil Execution,Junior Engineer,2,Bengaluru Tech Park,Commercial,MGR073,Permanent,Recruitment Consultancy,37,2.6,25500,-0.0489,2.7,0,2,0,0.2
EMP10535,2024-04-27,EHS,Safety Officer,3,Mantralaya Redevelopment,Government Building,MGR057,Apprentice / Trainee,Naukri / Job Portal,37,3.2,34200,-0.1555,33.4,0,3,0,0.15
EMP10536,2023-04-01,Civil Execution,Project Manager,6,Bengaluru Tech Park,Commercial,MGR013,Fixed Term Contract,Recruitment Consultancy,43,10.5,137600,-0.0453,38.7,0,5,0,0.2
EMP10537,2023-01-20,Stores & Logistics,Deputy Manager,5,Pune Metro Reach-3,Metro,MGR057,Permanent,Employee Referral,42,6.3,62900,-0.3038,6.5,0,4,1,0.25
EMP10538,2020-05-23,Quality Assurance & Control,QA/QC Engineer,3,Nagpur Expressway Pkg-4,Highway,MGR016,Fixed Term Contract,Labour Contractor,25,3.9,38200,-0.1706,1.9,1,3,0,0.85
EMP10539,2026-06-13,Civil Execution,Construction Manager,5,Bengaluru Tech Park,Commercial,MGR037,Permanent,Recruitment Consultancy,25,8.6,116300,0.0981,6.9,0,5,0,0.2
EMP10540,2026-05-23,MEP,Deputy Manager,5,Bengaluru Tech Park,Commercial,MGR053,Fixed Term Contract,Recruitment Consultancy,40,6.8,101000,0.1117,8.5,0,4,0,0.2
EMP10541,2024-12-07,HR & Admin,Deputy Manager,5,Mumbai HO,Corporate,MGR082,Fixed Term Contract,Recruitment Consultancy,37,6.5,121900,0.3462,21.1,0,4,1,0.05
EMP10542,2019-11-16,MEP,Deputy Manager,5,JNPA WOLP,Port Infrastructure,MGR029,Permanent,Employee Referral,36,6.3,89100,-0.0138,1.2,1,4,1,0.55
EMP10543,2019-10-13,Accounts & Finance,Accounts Officer,3,Bengaluru Tech Park,Commercial,MGR105,Fixed Term Contract,Internal Transfer,33,3.4,45400,0.1789,15.1,0,2,1,0.2
EMP10544,2023-08-26,Business Support Services,Accounts Officer,3,Mumbai HO,Corporate,MGR017,Permanent,Walk-in / Site Gate,29,3.6,41500,0.0752,7.2,0,2,0,0.05
EMP10545,2024-03-02,Procurement,Deputy Manager,5,Mumbai HO,Corporate,MGR042,Permanent,Internal Transfer,31,7.4,81800,-0.1056,12.0,0,4,0,0.05
EMP10546,2025-02-01,Planning & Coordination,Senior Engineer,4,Delhi NCR Logistics Hub,Industrial,MGR048,Fixed Term Contract,Internal Transfer,26,5.5,74500,0.1272,3.6,1,4,1,0.45
EMP10547,2023-11-04,Design & Engineering,Senior Engineer,4,Ahmedabad Water Works,Water,MGR058,Fixed Term Contract,Recruitment Consultancy,38,5.6,60600,-0.0841,78.0,0,4,0,0.65
EMP10548,2021-12-05,Stores & Logistics,Supervisor,2,Delhi NCR Logistics Hub,Industrial,MGR028,Retainer,Employee Referral,32,2.2,32900,0.1053,1.9,1,2,1,0.45
EMP10549,2025-11-01,EHS,Supervisor,2,Pune Metro Reach-3,Metro,MGR069,Permanent,Recruitment Consultancy,31,2.1,25100,-0.1558,36.6,0,2,1,0.25
EMP10550,2023-04-01,Civil Execution,Site Engineer,3,Delhi NCR Logistics Hub,Industrial,MGR084,Apprentice / Trainee,Recruitment Consultancy,31,4.8,45500,0.0493,22.2,0,3,1,0.45
EMP10551,2020-02-18,Quality Assurance & Control,QA/QC Engineer,3,Nagpur Expressway Pkg-4,Highway,MGR082,Permanent,Walk-in / Site Gate,30,4.0,43900,-0.048,3.0,1,3,1,0.85
EMP10552,2023-04-29,MEP,Deputy Manager,5,Nagpur Expressway Pkg-4,Highway,MGR006,Permanent,Naukri / Job Portal,41,8.2,83000,-0.1004,44.6,0,4,0,0.85
EMP10553,2025-10-11,Civil Execution,Site Engineer,3,Mantralaya Redevelopment,Government Building,MGR028,Permanent,Employee Referral,31,3.9,38100,-0.1123,8.2,0,3,1,0.15
EMP10554,2024-08-03,Civil Execution,Site Engineer,3,Nagpur Expressway Pkg-4,Highway,MGR047,Fixed Term Contract,Naukri / Job Portal,36,3.8,43100,0.0054,3.2,1,3,1,0.85
EMP10555,2019-05-31,Business Support Services,Accounts Officer,3,Bengaluru Tech Park,Commercial,MGR080,Permanent,Walk-in / Site Gate,38,5.0,41300,0.053,35.0,0,2,0,0.2
EMP10556,2025-08-09,Design & Engineering,Deputy Manager,5,Pune Metro Reach-3,Metro,MGR071,Permanent,Recruitment Consultancy,47,9.0,115100,0.2367,12.4,0,4,1,0.25
EMP10557,2019-09-09,Procurement,Deputy Manager,5,Mumbai HO,Corporate,MGR069,Permanent,Recruitment Consultancy,43,8.4,97600,0.0555,18.4,0,4,1,0.05
EMP10558,2024-05-18,Civil Execution,Senior Engineer,4,Delhi NCR Logistics Hub,Industrial,MGR002,Fixed Term Contract,Labour Contractor,30,5.4,70700,0.0709,20.6,0,4,0,0.45
EMP10559,2024-01-06,Design & Engineering,Deputy Manager,5,Delhi NCR Logistics Hub,Industrial,MGR099,Apprentice / Trainee,Employee Referral,34,7.8,114000,0.241,8.0,1,4,1,0.45
EMP10560,2026-04-18,Civil Execution,Junior Engineer,2,Nagpur Expressway Pkg-4,Highway,MGR050,Permanent,Walk-in / Site Gate,37,2.1,28600,0.073,9.8,1,2,0,0.85
EMP10561,2020-11-10,Civil Execution,Construction Manager,5,Mumbai HO,Corporate,MGR100,Permanent,Employee Referral,38,8.9,118500,0.1153,11.2,0,5,1,0.05
EMP10562,2023-02-12,Design & Engineering,Design Engineer,4,Mumbai HO,Corporate,MGR042,Permanent,Employee Referral,34,6.5,60200,-0.0693,4.9,0,4,1,0.05
EMP10563,2020-06-15,Civil Execution,Construction Manager,5,Delhi NCR Logistics Hub,Industrial,MGR095,Permanent,Recruitment Consultancy,45,6.7,109900,0.0596,5.4,1,5,0,0.45
EMP10564,2020-04-21,Stores & Logistics,Supervisor,2,JNPA WOLP,Port Infrastructure,MGR014,Fixed Term Contract,Labour Contractor,33,2.3,36700,0.2315,2.4,1,2,0,0.55
EMP10565,2023-05-20,Civil Execution,Project Manager,6,JNPA WOLP,Port Infrastructure,MGR052,Permanent,Employee Referral,43,10.0,149800,0.0449,2.9,1,5,1,0.55
EMP10566,2025-07-05,Procurement,Procurement Executive,3,Delhi NCR Logistics Hub,Industrial,MGR062,Permanent,Labour Contractor,35,4.8,46600,-0.0208,1.0,0,3,0,0.45
EMP10567,2025-10-11,Stores & Logistics,Site Helper,1,JNPA WOLP,Port Infrastructure,MGR002,Fixed Term Contract,Walk-in / Site Gate,19,0.1,18500,0.1199,20.2,0,1,0,0.55
EMP10568,2020-06-05,Civil Execution,Supervisor,2,Bengaluru Tech Park,Commercial,MGR096,Fixed Term Contract,Labour Contractor,32,1.8,31600,0.0666,10.3,0,2,0,0.2
EMP10569,2023-08-19,HR & Admin,HR Executive,3,Pune Metro Reach-3,Metro,MGR064,Permanent,Recruitment Consultancy,41,4.9,49300,0.2934,14.8,0,2,0,0.25
EMP10570,2024-09-07,Quality Assurance & Control,Deputy Manager,5,Bengaluru Tech Park,Commercial,MGR087,Retainer,Naukri / Job Portal,35,7.8,102000,0.1104,34.7,0,4,0,0.2
EMP10571,2025-10-11,Civil Execution,Construction Manager,5,Nagpur Expressway Pkg-4,Highway,MGR107,Permanent,Recruitment Consultancy,34,9.7,127500,0.1896,35.4,0,5,1,0.85
EMP10572,2025-06-07,Accounts & Finance,Deputy Manager,5,Bengaluru Tech Park,Commercial,MGR112,Permanent,Employee Referral,39,6.6,104700,0.155,3.7,0,4,0,0.2
EMP10573,2020-01-14,Accounts & Finance,Deputy Manager,5,Mantralaya Redevelopment,Government Building,MGR068,Retainer,Recruitment Consultancy,39,6.4,108900,0.204,15.4,0,4,0,0.15
EMP10574,2023-05-27,Civil Execution,Site Helper,1,Pune Metro Reach-3,Metro,MGR119,Apprentice / Trainee,Employee Referral,32,0.8,15200,-0.0875,15.1,0,1,1,0.25
EMP10575,2024-08-10,Planning & Coordination,Deputy Manager,5,Pune Metro Reach-3,Metro,MGR064,Permanent,Naukri / Job Portal,39,6.7,88200,-0.0281,15.2,0,4,1,0.25
EMP10576,2026-01-31,Stores & Logistics,Store Officer,2,Bengaluru Tech Park,Commercial,MGR026,Retainer,Campus Hiring,25,2.6,33100,0.1464,29.2,0,2,1,0.2
EMP10577,2025-05-31,Civil Execution,Senior Engineer,4,Ahmedabad Water Works,Water,MGR093,Apprentice / Trainee,Walk-in / Site Gate,46,5.9,73100,0.1011,1.0,1,4,0,0.65
EMP10578,2019-09-16,Planning & Coordination,Deputy Manager,5,Nagpur Expressway Pkg-4,Highway,MGR117,Permanent,Naukri / Job Portal,34,11.1,102100,0.0726,1.5,1,4,1,0.85
EMP10579,2025-11-08,MEP,Senior Engineer,4,JNPA WOLP,Port Infrastructure,MGR042,Apprentice / Trainee,Labour Contractor,40,5.7,56400,-0.1486,0.5,1,4,0,0.55
EMP10580,2026-01-24,Stores & Logistics,Supervisor,2,Pune Metro Reach-3,Metro,MGR047,Permanent,Campus Hiring,20,3.0,29700,-0.0114,5.1,0,2,1,0.25
EMP10581,2026-02-21,MEP,Site Engineer,3,JNPA WOLP,Port Infrastructure,MGR066,Fixed Term Contract,Employee Referral,23,4.7,54600,0.2606,8.4,1,3,1,0.55
EMP10582,2019-03-06,Civil Execution,Project Manager,6,Ahmedabad Water Works,Water,MGR003,Permanent,Naukri / Job Portal,42,8.1,155400,0.1065,7.1,1,5,0,0.65
EMP10583,2020-10-18,Civil Execution,Construction Manager,5,Pune Metro Reach-3,Metro,MGR070,Permanent,Employee Referral,47,7.7,104600,-0.0026,31.6,0,5,1,0.25
EMP10584,2021-02-02,Civil Execution,Site Helper,1,Delhi NCR Logistics Hub,Industrial,MGR001,Fixed Term Contract,Walk-in / Site Gate,24,3.5,20900,0.2156,19.6,0,1,1,0.45
EMP10585,2024-05-18,Business Support Services,Procurement Executive,3,Mumbai HO,Corporate,MGR042,Permanent,Internal Transfer,38,3.1,42900,-0.0809,3.1,0,3,0,0.05
EMP10586,2023-10-28,EHS,Deputy Manager,5,Nagpur Expressway Pkg-4,Highway,MGR071,Fixed Term Contract,Employee Referral,42,7.4,95300,0.042,1.5,1,4,1,0.85
EMP10587,2024-08-03,Civil Execution,Site Helper,1,Nagpur Expressway Pkg-4,Highway,MGR038,Retainer,Labour Contractor,19,1.0,16800,0.0061,2.3,1,1,0,0.85
EMP10588,2025-08-23,MEP,Senior Engineer,4,Pune Metro Reach-3,Metro,MGR083,Permanent,Walk-in / Site Gate,36,6.9,83900,0.2497,43.1,0,4,1,0.25
EMP10589,2023-06-17,Design & Engineering,Deputy Manager,5,Mantralaya Redevelopment,Government Building,MGR062,Apprentice / Trainee,Recruitment Consultancy,42,8.6,90200,-0.0266,45.4,0,4,0,0.15
EMP10590,2024-08-17,MEP,Junior Engineer,2,Bengaluru Tech Park,Commercial,MGR098,Fixed Term Contract,Naukri / Job Portal,20,4.0,35900,0.3175,25.7,0,2,1,0.2
EMP10591,2023-01-29,MEP,Site Engineer,3,Delhi NCR Logistics Hub,Industrial,MGR101,Permanent,Labour Contractor,35,3.8,44000,0.0264,12.0,0,3,0,0.45
EMP10592,2019-07-08,Civil Execution,Supervisor,2,JNPA WOLP,Port Infrastructure,MGR013,Retainer,Walk-in / Site Gate,27,3.5,35400,0.1715,64.5,0,2,0,0.55
EMP10593,2026-01-10,Planning & Coordination,Deputy Manager,5,Nagpur Expressway Pkg-4,Highway,MGR012,Permanent,Recruitment Consultancy,43,8.1,78800,-0.145,33.9,0,4,0,0.85
EMP10594,2024-08-10,Civil Execution,Senior Engineer,4,Nagpur Expressway Pkg-4,Highway,MGR010,Permanent,Walk-in / Site Gate,41,6.2,59300,-0.1098,2.8,1,4,0,0.85
EMP10595,2025-12-06,Business Support Services,HR Executive,3,Bengaluru Tech Park,Commercial,MGR100,Apprentice / Trainee,Recruitment Consultancy,28,3.5,31400,-0.1629,12.8,0,2,1,0.2
EMP10596,2023-06-24,Design & Engineering,Senior Engineer,4,Delhi NCR Logistics Hub,Industrial,MGR117,Fixed Term Contract,Recruitment Consultancy,31,6.8,71800,0.0707,16.6,0,4,1,0.45
EMP10597,2025-08-09,Procurement,Deputy Manager,5,Bengaluru Tech Park,Commercial,MGR024,Fixed Term Contract,Recruitment Consultancy,48,8.0,106400,0.1557,4.4,0,4,1,0.2
EMP10598,2025-09-20,Stores & Logistics,Deputy Manager,5,Nagpur Expressway Pkg-4,Highway,MGR047,Permanent,Naukri / Job Portal,52,9.2,104300,0.1182,4.4,1,4,1,0.85
EMP10599,2021-02-25,Accounts & Finance,Accounts Officer,3,Mumbai HO,Corporate,MGR064,Fixed Term Contract,Labour Contractor,32,4.4,38900,-0.0014,5.5,0,2,0,0.05
EMP10600,2024-08-31,HR & Admin,HR Executive,3,Delhi NCR Logistics Hub,Industrial,MGR038,Retainer,Recruitment Consultancy,25,3.1,35900,-0.0385,4.8,0,2,0,0.45
EMP10601,2023-12-23,Quality Assurance & Control,Junior Engineer,2,Ahmedabad Water Works,Water,MGR091,Permanent,Labour Contractor,36,3.6,29500,0.0876,10.8,0,2,0,0.65
EMP10602,2025-09-27,Procurement,Procurement Executive,3,Pune Metro Reach-3,Metro,MGR054,Fixed Term Contract,Campus Hiring,27,3.3,45600,-0.0253,2.1,0,3,0,0.25
EMP10603,2024-04-27,Civil Execution,Construction Manager,5,Delhi NCR Logistics Hub,Industrial,MGR103,Retainer,Recruitment Consultancy,48,6.8,99800,-0.0388,3.8,0,5,0,0.45
EMP10604,2025-04-12,Procurement,Deputy Manager,5,Ahmedabad Water Works,Water,MGR091,Permanent,Recruitment Consultancy,37,7.6,81200,-0.1141,13.2,0,4,1,0.65
EMP10605,2023-05-20,Civil Execution,Supervisor,2,Nagpur Expressway Pkg-4,Highway,MGR087,Retainer,Employee Referral,30,5.6,30200,-0.0242,5.4,1,2,1,0.85
EMP10606,2024-12-07,Civil Execution,Site Engineer,3,Delhi NCR Logistics Hub,Industrial,MGR029,Permanent,Employee Referral,36,3.6,35100,-0.1794,1.6,1,3,1,0.45
EMP10607,2025-03-15,Accounts & Finance,Accounts Officer,3,Nagpur Expressway Pkg-4,Highway,MGR010,Permanent,Internal Transfer,38,3.1,42400,0.1048,92.2,0,2,1,0.85
EMP10608,2023-02-14,Civil Execution,Construction Manager,5,Bengaluru Tech Park,Commercial,MGR110,Permanent,Recruitment Consultancy,33,7.0,114900,0.1041,1.0,0,5,1,0.2
EMP10609,2020-02-24,EHS,Supervisor,2,JNPA WOLP,Port Infrastructure,MGR117,Fixed Term Contract,Labour Contractor,30,2.0,33200,0.118,10.6,0,2,0,0.55
EMP10610,2023-02-15,Stores & Logistics,Supervisor,2,Ahmedabad Water Works,Water,MGR110,Fixed Term Contract,Naukri / Job Portal,28,4.0,27500,-0.0952,5.6,1,2,1,0.65
EMP10611,2023-07-15,Planning & Coordination,Planning Engineer,4,JNPA WOLP,Port Infrastructure,MGR002,Permanent,Employee Referral,33,5.9,66600,0.0724,12.7,0,4,1,0.55
EMP10612,2023-12-16,Civil Execution,Project Manager,6,Nagpur Expressway Pkg-4,Highway,MGR102,Fixed Term Contract,Recruitment Consultancy,33,11.2,109700,-0.2445,2.8,1,5,0,0.85
EMP10613,2025-05-24,Design & Engineering,Design Engineer,4,Mantralaya Redevelopment,Government Building,MGR046,Permanent,Employee Referral,40,5.1,64600,0.0146,3.1,0,4,0,0.15
EMP10614,2026-08-01,Accounts & Finance,Deputy Manager,5,Mumbai HO,Corporate,MGR118,Fixed Term Contract,Recruitment Consultancy,43,6.4,94900,0.0492,3.2,0,4,0,0.05
EMP10615,2026-07-04,MEP,Senior Engineer,4,Ahmedabad Water Works,Water,MGR102,Permanent,Walk-in / Site Gate,37,8.2,77700,0.141,2.2,1,4,0,0.65
EMP10616,2020-12-24,Civil Execution,Senior Engineer,4,Ahmedabad Water Works,Water,MGR061,Permanent,Naukri / Job Portal,39,4.9,74500,0.1349,1.2,1,4,1,0.65
EMP10617,2025-04-12,Civil Execution,Senior Engineer,4,Nagpur Expressway Pkg-4,Highway,MGR049,Fixed Term Contract,Naukri / Job Portal,45,6.5,69400,0.0384,7.6,1,4,1,0.85
EMP10618,2019-10-15,Stores & Logistics,Supervisor,2,Mantralaya Redevelopment,Government Building,MGR108,Fixed Term Contract,Employee Referral,22,1.6,19200,-0.3504,3.7,0,2,1,0.15
EMP10619,2024-01-13,Civil Execution,Junior Engineer,2,JNPA WOLP,Port Infrastructure,MGR118,Apprentice / Trainee,Internal Transfer,32,2.5,26900,0.0045,2.6,1,2,1,0.55
EMP10620,2024-04-27,Procurement,Deputy Manager,5,Delhi NCR Logistics Hub,Industrial,MGR028,Fixed Term Contract,Recruitment Consultancy,30,6.0,104900,0.1649,3.0,1,4,0,0.45
EMP10621,2025-11-22,HR & Admin,HR Executive,3,Pune Metro Reach-3,Metro,MGR085,Permanent,Labour Contractor,37,5.2,33600,-0.1215,24.5,0,2,0,0.25
EMP10622,2020-10-15,Accounts & Finance,Accounts Officer,3,Pune Metro Reach-3,Metro,MGR080,Retainer,Recruitment Consultancy,35,3.5,40700,0.0557,27.5,0,2,1,0.25
EMP10623,2024-05-04,Planning & Coordination,Deputy Manager,5,Pune Metro Reach-3,Metro,MGR070,Permanent,Employee Referral,48,7.9,87900,-0.0442,19.0,0,4,1,0.25
EMP10624,2026-06-27,Civil Execution,Construction Manager,5,Bengaluru Tech Park,Commercial,MGR021,Permanent,Recruitment Consultancy,42,6.6,125300,0.2094,12.2,0,5,1,0.2
EMP10625,2022-05-02,Business Support Services,HR Executive,3,Pune Metro Reach-3,Metro,MGR067,Permanent,Recruitment Consultancy,43,3.8,37800,0.0042,3.9,0,2,1,0.25
EMP10626,2019-07-21,Stores & Logistics,Site Helper,1,Delhi NCR Logistics Hub,Industrial,MGR094,Fixed Term Contract,Walk-in / Site Gate,26,2.4,16500,-0.028,30.0,0,1,1,0.45
EMP10627,2025-04-05,Stores & Logistics,Site Helper,1,Nagpur Expressway Pkg-4,Highway,MGR112,Fixed Term Contract,Labour Contractor,19,0.5,20600,0.241,2.7,0,1,0,0.85
EMP10628,2024-11-23,Stores & Logistics,Site Helper,1,Mantralaya Redevelopment,Government Building,MGR077,Fixed Term Contract,Walk-in / Site Gate,33,0.7,17300,0.0398,10.2,0,1,0,0.15
EMP10629,2022-06-10,Civil Execution,Site Engineer,3,Mantralaya Redevelopment,Government Building,MGR032,Permanent,Naukri / Job Portal,19,4.1,41000,-0.0469,5.6,0,3,0,0.15
EMP10630,2019-10-07,Civil Execution,Supervisor,2,Pune Metro Reach-3,Metro,MGR094,Permanent,Recruitment Consultancy,25,2.7,30300,0.012,21.4,0,2,1,0.25
EMP10631,2022-10-18,Civil Execution,Junior Engineer,2,JNPA WOLP,Port Infrastructure,MGR009,Fixed Term Contract,Naukri / Job Portal,20,2.1,30700,0.1517,3.0,1,2,0,0.55
EMP10632,2025-12-06,HR & Admin,Deputy Manager,5,Pune Metro Reach-3,Metro,MGR101,Permanent,Employee Referral,32,6.3,76000,-0.1588,23.5,0,4,1,0.25
EMP10633,2024-04-13,Accounts & Finance,Accounts Officer,3,JNPA WOLP,Port Infrastructure,MGR120,Fixed Term Contract,Recruitment Consultancy,44,5.9,36600,-0.0762,2.3,1,2,1,0.55
EMP10634,2019-02-22,Civil Execution,Site Helper,1,Delhi NCR Logistics Hub,Industrial,MGR089,Fixed Term Contract,Labour Contractor,25,1.1,14100,-0.1566,1.7,1,1,0,0.45
EMP10635,2026-03-21,Procurement,Procurement Executive,3,JNPA WOLP,Port Infrastructure,MGR105,Permanent,Employee Referral,33,3.5,50100,0.0685,6.6,1,3,1,0.55
EMP10636,2021-03-07,Civil Execution,Supervisor,2,Mantralaya Redevelopment,Government Building,MGR071,Fixed Term Contract,Recruitment Consultancy,47,3.0,33800,0.125,3.2,0,2,0,0.15
EMP10637,2021-05-08,Stores & Logistics,Deputy Manager,5,Nagpur Expressway Pkg-4,Highway,MGR002,Permanent,Internal Transfer,32,6.3,79000,-0.1256,2.4,1,4,1,0.85
EMP10638,2025-01-04,Civil Execution,Site Helper,1,Ahmedabad Water Works,Water,MGR024,Fixed Term Contract,Labour Contractor,25,0.6,19000,0.1433,1.9,1,1,0,0.65
EMP10639,2026-04-04,Quality Assurance & Control,Junior Engineer,2,Ahmedabad Water Works,Water,MGR098,Apprentice / Trainee,Employee Referral,28,4.9,27700,0.0062,9.4,0,2,1,0.65
EMP10640,2024-05-11,MEP,Site Engineer,3,Delhi NCR Logistics Hub,Industrial,MGR100,Permanent,Naukri / Job Portal,27,3.2,45800,0.0758,1.1,1,3,1,0.45
EMP10641,2020-09-10,MEP,Deputy Manager,5,Pune Metro Reach-3,Metro,MGR092,Permanent,Internal Transfer,50,8.4,107300,0.1604,26.4,0,4,1,0.25
EMP10642,2025-04-26,Civil Execution,Junior Engineer,2,Ahmedabad Water Works,Water,MGR041,Permanent,Campus Hiring,36,2.2,27900,0.0455,25.3,0,2,1,0.65
EMP10643,2025-09-27,Procurement,Deputy Manager,5,Mumbai HO,Corporate,MGR056,Permanent,Employee Referral,43,11.7,100900,0.0533,21.6,0,4,1,0.05
EMP10644,2024-03-02,Civil Execution,Site Helper,1,JNPA WOLP,Port Infrastructure,MGR046,Fixed Term Contract,Walk-in / Site Gate,19,0.8,17400,0.0445,6.4,1,1,0,0.55
EMP10645,2026-06-13,Quality Assurance & Control,Deputy Manager,5,Bengaluru Tech Park,Commercial,MGR083,Fixed Term Contract,Internal Transfer,40,8.0,112100,0.2176,16.4,0,4,1,0.2
EMP10646,2025-12-06,MEP,Junior Engineer,2,Pune Metro Reach-3,Metro,MGR090,Apprentice / Trainee,Internal Transfer,36,5.8,29200,0.05,1.6,0,2,0,0.25
EMP10647,2025-06-14,Planning & Coordination,Deputy Manager,5,Nagpur Expressway Pkg-4,Highway,MGR019,Permanent,Recruitment Consultancy,40,6.9,84600,-0.0699,2.8,1,4,1,0.85
EMP10648,2019-12-21,Civil Execution,Site Helper,1,Pune Metro Reach-3,Metro,MGR044,Fixed Term Contract,Labour Contractor,21,3.2,16800,-0.0195,19.2,0,1,0,0.25
EMP10649,2024-03-02,Accounts & Finance,Accounts Officer,3,Ahmedabad Water Works,Water,MGR033,Retainer,Naukri / Job Portal,32,3.7,47400,0.2266,44.4,0,2,1,0.65
EMP10650,2022-10-26,MEP,Junior Engineer,2,Delhi NCR Logistics Hub,Industrial,MGR064,Fixed Term Contract,Walk-in / Site Gate,27,2.6,31400,0.1712,12.4,0,2,0,0.45
EMP10651,2026-06-20,Business Support Services,Procurement Executive,3,Pune Metro Reach-3,Metro,MGR016,Fixed Term Contract,Naukri / Job Portal,24,3.2,45700,-0.022,2.1,0,3,0,0.25
EMP10652,2019-06-09,Civil Execution,Junior Engineer,2,Nagpur Expressway Pkg-4,Highway,MGR032,Fixed Term Contract,Recruitment Consultancy,34,5.3,25900,-0.0634,1.7,1,2,1,0.85
EMP10653,2022-06-30,HR & Admin,Deputy Manager,5,JNPA WOLP,Port Infrastructure,MGR081,Permanent,Naukri / Job Portal,38,7.0,97100,0.0664,1.1,1,4,0,0.55
EMP10654,2023-08-12,Civil Execution,Site Engineer,3,Bengaluru Tech Park,Commercial,MGR024,Apprentice / Trainee,Employee Referral,29,4.6,47100,0.0887,10.6,0,3,1,0.2
EMP10655,2024-06-22,Stores & Logistics,Supervisor,2,Nagpur Expressway Pkg-4,Highway,MGR010,Fixed Term Contract,Recruitment Consultancy,36,6.1,32600,0.0475,1.4,1,2,1,0.85
EMP10656,2022-12-25,Design & Engineering,Senior Engineer,4,Ahmedabad Water Works,Water,MGR094,Apprentice / Trainee,Labour Contractor,24,5.1,69300,0.0533,2.8,1,4,0,0.65
EMP10657,2024-03-02,MEP,Senior Engineer,4,JNPA WOLP,Port Infrastructure,MGR044,Fixed Term Contract,Naukri / Job Portal,35,5.5,60700,-0.0816,5.7,1,4,0,0.55
EMP10658,2022-12-30,Quality Assurance & Control,Deputy Manager,5,Mantralaya Redevelopment,Government Building,MGR010,Permanent,Employee Referral,38,6.7,113500,0.2506,4.7,0,4,0,0.15
EMP10659,2024-03-23,Stores & Logistics,Site Helper,1,Nagpur Expressway Pkg-4,Highway,MGR094,Fixed Term Contract,Labour Contractor,26,0.1,15800,-0.0436,1.2,1,1,0,0.85
EMP10660,2024-06-22,Stores & Logistics,Supervisor,2,Bengaluru Tech Park,Commercial,MGR039,Permanent,Naukri / Job Portal,38,4.6,29100,-0.049,12.4,0,2,0,0.2
EMP10661,2025-09-13,Civil Execution,Site Helper,1,Mantralaya Redevelopment,Government Building,MGR079,Fixed Term Contract,Labour Contractor,26,1.1,19100,0.1425,1.3,0,1,0,0.15
EMP10662,2024-05-11,MEP,Senior Engineer,4,Ahmedabad Water Works,Water,MGR076,Apprentice / Trainee,Employee Referral,35,6.3,70300,0.0542,0.5,1,4,1,0.65
EMP10663,2025-08-16,HR & Admin,Deputy Manager,5,Delhi NCR Logistics Hub,Industrial,MGR046,Permanent,Employee Referral,40,7.5,90200,-0.0149,1.3,1,4,1,0.45
EMP10664,2026-01-31,MEP,Deputy Manager,5,Nagpur Expressway Pkg-4,Highway,MGR004,Apprentice / Trainee,Recruitment Consultancy,40,6.4,107900,0.1929,4.9,1,4,0,0.85
EMP10665,2025-07-26,MEP,Junior Engineer,2,Pune Metro Reach-3,Metro,MGR115,Permanent,Walk-in / Site Gate,19,2.0,24300,-0.0873,29.0,0,2,0,0.25
EMP10666,2020-05-14,MEP,Junior Engineer,2,Pune Metro Reach-3,Metro,MGR080,Fixed Term Contract,Recruitment Consultancy,33,3.1,25800,-0.0433,19.1,0,2,1,0.25
EMP10667,2024-11-30,Stores & Logistics,Site Helper,1,JNPA WOLP,Port Infrastructure,MGR069,Fixed Term Contract,Walk-in / Site Gate,31,1.2,13700,-0.1815,4.8,1,1,1,0.55
EMP10668,2026-07-11,Procurement,Procurement Executive,3,Delhi NCR Logistics Hub,Industrial,MGR039,Fixed Term Contract,Naukri / Job Portal,24,3.2,42100,-0.099,5.0,1,3,0,0.45
EMP10669,2020-10-19,Business Support Services,HR Executive,3,Mantralaya Redevelopment,Government Building,MGR032,Apprentice / Trainee,Naukri / Job Portal,32,5.9,42000,0.0895,12.1,0,2,0,0.15
EMP10670,2023-04-15,Business Support Services,Accounts Officer,3,Mantralaya Redevelopment,Government Building,MGR063,Permanent,Employee Referral,35,4.7,32300,-0.1736,49.4,0,2,1,0.15
EMP10671,2021-06-13,Civil Execution,Project Manager,6,Nagpur Expressway Pkg-4,Highway,MGR087,Fixed Term Contract,Employee Referral,40,7.7,128400,-0.0817,3.3,1,5,1,0.85
EMP10672,2020-02-22,Accounts & Finance,Accounts Officer,3,JNPA WOLP,Port Infrastructure,MGR024,Fixed Term Contract,Employee Referral,37,5.5,49600,0.2575,45.7,0,2,1,0.55
EMP10673,2025-12-06,MEP,Junior Engineer,2,JNPA WOLP,Port Infrastructure,MGR049,Permanent,Naukri / Job Portal,36,3.5,33300,0.2291,6.5,1,2,1,0.55
EMP10674,2024-03-09,Accounts & Finance,Accounts Officer,3,Mantralaya Redevelopment,Government Building,MGR072,Permanent,Employee Referral,40,3.9,29300,-0.2435,23.1,0,2,1,0.15
EMP10675,2024-09-21,Quality Assurance & Control,Deputy Manager,5,Ahmedabad Water Works,Water,MGR072,Fixed Term Contract,Recruitment Consultancy,36,6.5,105100,0.1607,3.4,1,4,0,0.65
EMP10676,2022-12-28,Accounts & Finance,Deputy Manager,5,Mumbai HO,Corporate,MGR065,Fixed Term Contract,Naukri / Job Portal,37,7.6,101300,0.1052,6.5,0,4,1,0.05
EMP10677,2021-09-26,Civil Execution,Construction Manager,5,Ahmedabad Water Works,Water,MGR112,Retainer,Employee Referral,41,6.4,111600,0.0796,8.4,1,5,1,0.65
EMP10678,2019-11-30,Stores & Logistics,Site Helper,1,Bengaluru Tech Park,Commercial,MGR103,Fixed Term Contract,Walk-in / Site Gate,23,0.7,16700,0.0037,31.4,0,1,0,0.2
EMP10679,2024-08-03,EHS,Supervisor,2,Bengaluru Tech Park,Commercial,MGR049,Fixed Term Contract,Employee Referral,33,3.6,32000,0.0578,9.4,0,2,1,0.2
EMP10680,2023-11-18,Civil Execution,Site Engineer,3,Delhi NCR Logistics Hub,Industrial,MGR032,Apprentice / Trainee,Labour Contractor,34,3.6,46500,0.0872,35.7,0,3,0,0.45
EMP10681,2026-01-24,MEP,Deputy Manager,5,Mantralaya Redevelopment,Government Building,MGR052,Permanent,Recruitment Consultancy,43,8.2,86200,-0.0657,1.2,0,4,1,0.15
EMP10682,2023-11-18,Planning & Coordination,Planning Engineer,4,Mumbai HO,Corporate,MGR086,Fixed Term Contract,Naukri / Job Portal,33,4.8,57400,-0.0642,14.3,0,4,1,0.05
EMP10683,2024-03-16,MEP,Junior Engineer,2,Bengaluru Tech Park,Commercial,MGR062,Fixed Term Contract,Employee Referral,35,2.7,26500,-0.0128,3.8,0,2,1,0.2
EMP10684,2023-07-29,EHS,Supervisor,2,Pune Metro Reach-3,Metro,MGR016,Fixed Term Contract,Naukri / Job Portal,39,3.2,22000,-0.2694,45.6,0,2,1,0.25
EMP10685,2025-09-20,Procurement,Procurement Executive,3,Nagpur Expressway Pkg-4,Highway,MGR031,Permanent,Campus Hiring,25,7.5,50600,0.0316,0.5,1,3,1,0.85
EMP10686,2025-07-26,Accounts & Finance,Deputy Manager,5,Nagpur Expressway Pkg-4,Highway,MGR038,Permanent,Employee Referral,36,7.2,90300,-0.0105,6.0,1,4,1,0.85
EMP10687,2023-05-20,Civil Execution,Junior Engineer,2,Pune Metro Reach-3,Metro,MGR040,Retainer,Recruitment Consultancy,23,1.7,23800,-0.1029,16.4,0,2,1,0.25
EMP10688,2021-10-28,Civil Execution,Construction Manager,5,Bengaluru Tech Park,Commercial,MGR118,Permanent,Naukri / Job Portal,35,6.3,122700,0.1883,7.5,0,5,0,0.2
EMP10689,2020-07-17,Design & Engineering,Design Engineer,4,Pune Metro Reach-3,Metro,MGR089,Retainer,Naukri / Job Portal,33,5.5,56700,-0.1135,30.5,0,4,1,0.25
EMP10690,2025-02-08,Design & Engineering,Deputy Manager,5,Bengaluru Tech Park,Commercial,MGR099,Permanent,Employee Referral,40,6.5,68800,-0.2402,14.9,0,4,1,0.2
EMP10691,2026-05-09,MEP,Deputy Manager,5,Pune Metro Reach-3,Metro,MGR030,Permanent,Internal Transfer,34,6.6,104900,0.1572,23.3,0,4,0,0.25
EMP10692,2026-03-21,Civil Execution,Site Engineer,3,Mantralaya Redevelopment,Government Building,MGR033,Fixed Term Contract,Internal Transfer,28,7.1,40300,-0.0942,8.8,0,3,1,0.15
EMP10693,2026-03-28,Civil Execution,Construction Manager,5,Mantralaya Redevelopment,Government Building,MGR023,Permanent,Recruitment Consultancy,31,6.7,110700,0.0673,12.3,0,5,0,0.15
EMP10694,2020-07-23,EHS,Safety Officer,3,Delhi NCR Logistics Hub,Industrial,MGR120,Fixed Term Contract,Employee Referral,26,3.6,39700,-0.0242,4.3,1,3,1,0.45
EMP10695,2020-10-08,Civil Execution,Project Manager,6,Nagpur Expressway Pkg-4,Highway,MGR096,Permanent,Internal Transfer,43,10.8,132900,-0.0808,2.7,1,5,1,0.85
EMP10696,2025-11-22,Planning & Coordination,Deputy Manager,5,Bengaluru Tech Park,Commercial,MGR020,Permanent,Naukri / Job Portal,31,6.2,81200,-0.1003,8.5,0,4,0,0.2
EMP10697,2023-11-04,Quality Assurance & Control,Deputy Manager,5,Mantralaya Redevelopment,Government Building,MGR060,Permanent,Recruitment Consultancy,42,6.9,68000,-0.2524,13.5,0,4,0,0.15
EMP10698,2019-10-31,Quality Assurance & Control,Deputy Manager,5,JNPA WOLP,Port Infrastructure,MGR073,Permanent,Recruitment Consultancy,35,7.2,81500,-0.1069,4.7,1,4,0,0.55
EMP10699,2023-04-29,Design & Engineering,Design Engineer,4,Bengaluru Tech Park,Commercial,MGR016,Permanent,Naukri / Job Portal,29,5.6,63200,-0.013,21.2,0,4,1,0.2
EMP10700,2025-02-01,Design & Engineering,Deputy Manager,5,Nagpur Expressway Pkg-4,Highway,MGR040,Fixed Term Contract,Employee Referral,45,8.7,81800,-0.1182,5.3,1,4,1,0.85
EMP10701,2021-05-18,EHS,Supervisor,2,Bengaluru Tech Park,Commercial,MGR026,Fixed Term Contract,Walk-in / Site Gate,22,2.7,28200,-0.0581,17.5,0,2,1,0.2
EMP10702,2025-08-16,Stores & Logistics,Deputy Manager,5,Bengaluru Tech Park,Commercial,MGR083,Fixed Term Contract,Employee Referral,39,6.8,92600,0.0192,14.3,0,4,1,0.2
EMP10703,2020-09-16,Planning & Coordination,Senior Engineer,4,Pune Metro Reach-3,Metro,MGR094,Permanent,Walk-in / Site Gate,32,5.5,59900,-0.0937,5.9,0,4,0,0.25
EMP10704,2019-10-10,Civil Execution,Construction Manager,5,Delhi NCR Logistics Hub,Industrial,MGR104,Permanent,Recruitment Consultancy,38,9.5,85100,-0.2043,27.0,0,5,1,0.45
EMP10705,2019-08-20,Accounts & Finance,Accounts Officer,3,Nagpur Expressway Pkg-4,Highway,MGR017,Apprentice / Trainee,Labour Contractor,35,3.6,40100,0.0389,2.9,1,2,0,0.85
EMP10706,2025-01-11,Civil Execution,Site Helper,1,JNPA WOLP,Port Infrastructure,MGR112,Fixed Term Contract,Labour Contractor,21,0.8,18400,0.1045,24.1,0,1,1,0.55
EMP10707,2019-10-22,Stores & Logistics,Deputy Manager,5,Bengaluru Tech Park,Commercial,MGR086,Permanent,Recruitment Consultancy,34,8.2,99800,0.0817,10.8,0,4,1,0.2
EMP10708,2023-09-09,Civil Execution,Construction Manager,5,Delhi NCR Logistics Hub,Industrial,MGR026,Fixed Term Contract,Employee Referral,37,6.7,117100,0.129,5.7,1,5,1,0.45
EMP10709,2025-07-12,Business Support Services,Accounts Officer,3,Mumbai HO,Corporate,MGR057,Permanent,Naukri / Job Portal,30,4.0,33200,-0.1438,10.2,0,2,0,0.05
EMP10710,2024-10-05,Accounts & Finance,Deputy Manager,5,Bengaluru Tech Park,Commercial,MGR030,Permanent,Employee Referral,29,7.2,91100,-0.0017,51.3,0,4,1,0.2
EMP10711,2021-02-24,Planning & Coordination,Planning Engineer,4,Bengaluru Tech Park,Commercial,MGR079,Permanent,Naukri / Job Portal,34,6.6,50600,-0.1916,6.5,0,4,0,0.2
EMP10712,2025-11-15,Civil Execution,Junior Engineer,2,JNPA WOLP,Port Infrastructure,MGR079,Fixed Term Contract,Naukri / Job Portal,26,5.6,31100,0.1208,34.3,0,2,1,0.55
EMP10713,2025-03-01,MEP,Senior Engineer,4,Mantralaya Redevelopment,Government Building,MGR117,Apprentice / Trainee,Naukri / Job Portal,29,4.7,62100,-0.0519,29.5,0,4,0,0.15
EMP10714,2024-10-05,MEP,Senior Engineer,4,Delhi NCR Logistics Hub,Industrial,MGR090,Permanent,Internal Transfer,31,6.7,77800,0.1615,1.8,1,4,1,0.45
EMP10715,2024-07-27,Quality Assurance & Control,Deputy Manager,5,Nagpur Expressway Pkg-4,Highway,MGR031,Fixed Term Contract,Recruitment Consultancy,33,7.2,91000,-0.0028,2.4,1,4,1,0.85
EMP10716,2019-07-06,Business Support Services,Accounts Officer,3,Nagpur Expressway Pkg-4,Highway,MGR103,Fixed Term Contract,Walk-in / Site Gate,34,4.1,43600,0.1231,3.4,1,2,0,0.85
EMP10717,2025-08-16,Quality Assurance & Control,Junior Engineer,2,Nagpur Expressway Pkg-4,Highway,MGR071,Fixed Term Contract,Labour Contractor,26,2.4,28700,0.0729,16.9,0,2,1,0.85
EMP10718,2023-12-23,Stores & Logistics,Supervisor,2,Nagpur Expressway Pkg-4,Highway,MGR074,Fixed Term Contract,Recruitment Consultancy,33,4.7,30700,0.0021,5.6,1,2,0,0.85
EMP10719,2025-02-01,Procurement,Procurement Executive,3,Delhi NCR Logistics Hub,Industrial,MGR078,Apprentice / Trainee,Walk-in / Site Gate,28,3.6,50900,0.0843,13.8,0,3,0,0.45
EMP10720,2020-03-03,Procurement,Deputy Manager,5,Delhi NCR Logistics Hub,Industrial,MGR082,Fixed Term Contract,Recruitment Consultancy,33,6.5,98400,0.0867,2.8,1,4,1,0.45
EMP10721,2024-04-13,Civil Execution,Senior Engineer,4,Bengaluru Tech Park,Commercial,MGR113,Permanent,Labour Contractor,45,5.7,69100,0.0432,16.1,0,4,0,0.2
EMP10722,2022-02-03,Design & Engineering,Design Engineer,4,Bengaluru Tech Park,Commercial,MGR043,Permanent,Employee Referral,31,6.2,67600,0.0486,6.4,0,4,1,0.2
EMP10723,2024-11-09,Quality Assurance & Control,Junior Engineer,2,JNPA WOLP,Port Infrastructure,MGR060,Permanent,Employee Referral,24,2.6,23400,-0.1272,3.4,1,2,1,0.55
EMP10724,2024-02-03,Civil Execution,Supervisor,2,JNPA WOLP,Port Infrastructure,MGR008,Fixed Term Contract,Campus Hiring,26,3.8,25100,-0.1722,1.5,1,2,0,0.55
EMP10725,2024-05-25,Procurement,Procurement Executive,3,Pune Metro Reach-3,Metro,MGR053,Fixed Term Contract,Naukri / Job Portal,31,3.6,51200,0.0907,25.3,0,3,0,0.25
EMP10726,2023-11-25,Civil Execution,Site Helper,1,Ahmedabad Water Works,Water,MGR037,Permanent,Walk-in / Site Gate,25,2.7,13400,-0.2134,0.9,1,1,0,0.65
EMP10727,2023-10-07,Planning & Coordination,Planning Engineer,4,Ahmedabad Water Works,Water,MGR082,Permanent,Campus Hiring,31,4.7,66500,0.0853,2.7,1,4,1,0.65
EMP10728,2022-06-18,Civil Execution,Project Manager,6,JNPA WOLP,Port Infrastructure,MGR004,Fixed Term Contract,Employee Referral,38,9.2,135500,-0.0467,2.3,1,5,1,0.55
EMP10729,2020-01-13,Civil Execution,Project Manager,6,Nagpur Expressway Pkg-4,Highway,MGR119,Permanent,Employee Referral,51,10.0,144200,0.0059,3.3,1,5,1,0.85
EMP10730,2019-12-11,Design & Engineering,Senior Engineer,4,Ahmedabad Water Works,Water,MGR115,Retainer,Naukri / Job Portal,39,6.0,60800,-0.0852,6.2,1,4,1,0.65
EMP10731,2019-04-30,Stores & Logistics,Store Officer,2,Pune Metro Reach-3,Metro,MGR075,Fixed Term Contract,Recruitment Consultancy,35,3.4,30100,0.0329,12.2,0,2,1,0.25
EMP10732,2025-01-04,Civil Execution,Construction Manager,5,Nagpur Expressway Pkg-4,Highway,MGR098,Permanent,Employee Referral,35,9.1,101300,-0.0487,49.1,0,5,1,0.85
EMP10733,2025-04-12,Planning & Coordination,Deputy Manager,5,Mantralaya Redevelopment,Government Building,MGR016,Permanent,Naukri / Job Portal,45,6.5,78500,-0.1331,21.3,0,4,1,0.15
EMP10734,2019-04-04,Business Support Services,Procurement Executive,3,Mumbai HO,Corporate,MGR084,Permanent,Labour Contractor,40,4.4,51000,0.0765,14.6,0,3,0,0.05
EMP10735,2019-02-28,Stores & Logistics,Site Helper,1,Nagpur Expressway Pkg-4,Highway,MGR085,Fixed Term Contract,Labour Contractor,30,2.0,16600,-0.0175,3.7,1,1,0,0.85
EMP10736,2026-01-31,Design & Engineering,Senior Engineer,4,Pune Metro Reach-3,Metro,MGR065,Fixed Term Contract,Labour Contractor,45,4.7,67800,0.0352,41.1,0,4,0,0.25
EMP10737,2024-09-28,Accounts & Finance,Accounts Officer,3,Mumbai HO,Corporate,MGR086,Permanent,Employee Referral,26,3.1,32700,-0.1479,4.6,0,2,1,0.05
EMP10738,2023-01-10,MEP,Junior Engineer,2,Pune Metro Reach-3,Metro,MGR023,Permanent,Naukri / Job Portal,27,4.0,22000,-0.1926,17.7,0,2,1,0.25
EMP10739,2024-10-26,Civil Execution,Site Engineer,3,Pune Metro Reach-3,Metro,MGR088,Permanent,Labour Contractor,29,4.4,47200,0.0935,7.7,0,3,0,0.25
EMP10740,2019-10-12,Quality Assurance & Control,Deputy Manager,5,JNPA WOLP,Port Infrastructure,MGR029,Permanent,Recruitment Consultancy,35,8.6,107800,0.1633,30.0,0,4,0,0.55
EMP10741,2025-09-27,MEP,Site Engineer,3,JNPA WOLP,Port Infrastructure,MGR053,Apprentice / Trainee,Campus Hiring,37,3.7,45200,0.0556,3.3,1,3,1,0.55
EMP10742,2026-03-21,EHS,Deputy Manager,5,Ahmedabad Water Works,Water,MGR117,Fixed Term Contract,Recruitment Consultancy,40,7.0,85100,-0.0654,3.6,1,4,0,0.65
EMP10743,2024-03-16,Quality Assurance & Control,Deputy Manager,5,Delhi NCR Logistics Hub,Industrial,MGR045,Fixed Term Contract,Employee Referral,32,6.3,87100,-0.036,2.7,1,4,1,0.45
EMP10744,2026-06-20,Design & Engineering,Deputy Manager,5,Mumbai HO,Corporate,MGR114,Fixed Term Contract,Naukri / Job Portal,36,8.0,83200,-0.0963,8.7,0,4,0,0.05
EMP10745,2019-10-09,Civil Execution,Project Manager,6,Bengaluru Tech Park,Commercial,MGR084,Fixed Term Contract,Recruitment Consultancy,55,8.8,144100,0.0183,11.1,0,5,1,0.2
EMP10746,2025-11-22,Design & Engineering,Deputy Manager,5,Mantralaya Redevelopment,Government Building,MGR032,Apprentice / Trainee,Recruitment Consultancy,35,6.2,71700,-0.2055,3.1,0,4,0,0.15
EMP10747,2023-11-11,Civil Execution,Site Engineer,3,Mumbai HO,Corporate,MGR084,Permanent,Employee Referral,31,5.7,47100,0.0752,12.6,0,3,1,0.05
EMP10748,2025-02-01,Civil Execution,Junior Engineer,2,Delhi NCR Logistics Hub,Industrial,MGR026,Apprentice / Trainee,Recruitment Consultancy,23,2.0,29800,0.1193,42.8,0,2,1,0.45
EMP10749,2023-11-18,Civil Execution,Project Manager,6,JNPA WOLP,Port Infrastructure,MGR083,Permanent,Naukri / Job Portal,26,8.5,116300,-0.1755,3.8,1,5,0,0.55
EMP10750,2022-07-08,Procurement,Deputy Manager,5,Delhi NCR Logistics Hub,Industrial,MGR017,Permanent,Internal Transfer,41,7.8,101400,0.1038,22.1,0,4,0,0.45
EMP10751,2025-04-26,HR & Admin,HR Executive,3,JNPA WOLP,Port Infrastructure,MGR004,Apprentice / Trainee,Campus Hiring,32,4.0,42600,0.1291,2.5,1,2,0,0.55
EMP10752,2024-05-18,Stores & Logistics,Store Officer,2,JNPA WOLP,Port Infrastructure,MGR098,Fixed Term Contract,Campus Hiring,25,1.8,28400,-0.0072,4.3,1,2,1,0.55
EMP10753,2025-06-14,Civil Execution,Senior Engineer,4,Bengaluru Tech Park,Commercial,MGR035,Permanent,Employee Referral,19,5.1,67300,0.0229,12.2,0,4,1,0.2
EMP10754,2020-04-22,Civil Execution,Junior Engineer,2,Nagpur Expressway Pkg-4,Highway,MGR078,Fixed Term Contract,Naukri / Job Portal,30,3.2,27500,0.0186,5.5,1,2,0,0.85
EMP10755,2024-10-12,Quality Assurance & Control,Junior Engineer,2,Pune Metro Reach-3,Metro,MGR101,Permanent,Naukri / Job Portal,30,2.3,24100,-0.098,19.3,0,2,0,0.25
EMP10756,2022-04-30,Stores & Logistics,Site Helper,1,Mumbai HO,Corporate,MGR090,Fixed Term Contract,Walk-in / Site Gate,19,0.6,15900,-0.0433,1.8,0,1,0,0.05
EMP10757,2019-05-29,Accounts & Finance,Deputy Manager,5,Mumbai HO,Corporate,MGR005,Permanent,Recruitment Consultancy,27,6.2,95100,0.0537,8.7,0,4,0,0.05
EMP10758,2019-05-19,Procurement,Deputy Manager,5,Mumbai HO,Corporate,MGR064,Permanent,Employee Referral,49,7.3,105500,0.1548,12.5,0,4,1,0.05
EMP10759,2020-08-14,Planning & Coordination,Planning Engineer,4,Pune Metro Reach-3,Metro,MGR086,Apprentice / Trainee,Recruitment Consultancy,32,5.3,56300,-0.0874,37.7,0,4,0,0.25
EMP10760,2026-04-11,Civil Execution,Site Helper,1,JNPA WOLP,Port Infrastructure,MGR020,Permanent,Labour Contractor,19,1.7,16700,-0.0081,5.8,1,1,0,0.55
EMP10761,2023-09-30,HR & Admin,HR Executive,3,JNPA WOLP,Port Infrastructure,MGR033,Permanent,Naukri / Job Portal,36,3.8,42800,0.137,30.6,0,2,1,0.55
EMP10762,2024-03-16,Stores & Logistics,Supervisor,2,Pune Metro Reach-3,Metro,MGR012,Permanent,Walk-in / Site Gate,28,3.1,38200,0.27,24.1,0,2,0,0.25
EMP10763,2025-04-05,Design & Engineering,Deputy Manager,5,Mumbai HO,Corporate,MGR059,Fixed Term Contract,Internal Transfer,41,7.5,60300,-0.3414,28.0,0,4,1,0.05
EMP10764,2019-07-07,Civil Execution,Construction Manager,5,Delhi NCR Logistics Hub,Industrial,MGR007,Permanent,Recruitment Consultancy,36,6.8,100000,-0.0369,0.7,1,5,1,0.45
EMP10765,2023-07-01,Procurement,Deputy Manager,5,Nagpur Expressway Pkg-4,Highway,MGR106,Retainer,Recruitment Consultancy,35,7.1,95400,0.0465,2.4,1,4,1,0.85
EMP10766,2022-11-03,Civil Execution,Junior Engineer,2,Ahmedabad Water Works,Water,MGR076,Permanent,Naukri / Job Portal,19,2.3,22000,-0.1766,30.5,0,2,0,0.65
EMP10767,2026-02-28,Planning & Coordination,Planning Engineer,4,JNPA WOLP,Port Infrastructure,MGR050,Permanent,Walk-in / Site Gate,37,5.7,62400,0.007,1.9,1,4,1,0.55
EMP10768,2025-10-25,Business Support Services,Procurement Executive,3,Mantralaya Redevelopment,Government Building,MGR091,Permanent,Walk-in / Site Gate,30,3.6,44300,-0.0563,3.0,0,3,0,0.15
EMP10769,2023-07-01,Stores & Logistics,Store Officer,2,Nagpur Expressway Pkg-4,Highway,MGR066,Fixed Term Contract,Employee Referral,29,3.1,23600,-0.1874,7.4,1,2,0,0.85
EMP10770,2023-11-11,Procurement,Deputy Manager,5,Ahmedabad Water Works,Water,MGR038,Permanent,Naukri / Job Portal,41,7.5,77500,-0.1536,3.6,1,4,1,0.65
EMP10771,2024-03-09,MEP,Deputy Manager,5,Pune Metro Reach-3,Metro,MGR004,Fixed Term Contract,Employee Referral,39,7.7,95200,0.0375,23.2,0,4,1,0.25
EMP10772,2024-05-11,Stores & Logistics,Supervisor,2,Bengaluru Tech Park,Commercial,MGR014,Fixed Term Contract,Naukri / Job Portal,19,1.6,23600,-0.2015,8.4,0,2,1,0.2
EMP10773,2024-11-23,Planning & Coordination,Planning Engineer,4,JNPA WOLP,Port Infrastructure,MGR116,Permanent,Recruitment Consultancy,26,4.6,69200,0.1307,5.8,1,4,1,0.55
EMP10774,2020-04-27,Planning & Coordination,Planning Engineer,4,Ahmedabad Water Works,Water,MGR055,Fixed Term Contract,Naukri / Job Portal,31,6.4,65900,0.0552,1.1,1,4,1,0.65
EMP10775,2025-09-20,Accounts & Finance,Accounts Officer,3,JNPA WOLP,Port Infrastructure,MGR004,Permanent,Recruitment Consultancy,37,3.3,41400,0.0763,8.3,1,2,1,0.55
EMP10776,2026-05-16,Civil Execution,Supervisor,2,Bengaluru Tech Park,Commercial,MGR024,Fixed Term Contract,Recruitment Consultancy,37,3.5,25800,-0.1462,9.4,0,2,1,0.2
EMP10777,2019-05-08,Design & Engineering,Senior Engineer,4,JNPA WOLP,Port Infrastructure,MGR046,Permanent,Naukri / Job Portal,36,7.8,67200,-0.0089,4.1,1,4,1,0.55
EMP10778,2023-10-21,Quality Assurance & Control,Junior Engineer,2,JNPA WOLP,Port Infrastructure,MGR027,Fixed Term Contract,Employee Referral,28,5.7,33000,0.188,53.1,0,2,1,0.55
EMP10779,2023-12-30,Design & Engineering,Senior Engineer,4,Mantralaya Redevelopment,Government Building,MGR104,Fixed Term Contract,Recruitment Consultancy,34,5.3,69500,0.0539,8.2,0,4,0,0.15
EMP10780,2022-08-25,Civil Execution,Site Engineer,3,Bengaluru Tech Park,Commercial,MGR050,Fixed Term Contract,Internal Transfer,20,3.6,40500,-0.0531,33.3,0,3,1,0.2
EMP10781,2021-01-17,Civil Execution,Site Helper,1,Nagpur Expressway Pkg-4,Highway,MGR036,Permanent,Labour Contractor,22,1.2,17100,0.0217,4.6,1,1,0,0.85
EMP10782,2026-08-08,Business Support Services,Procurement Executive,3,Mumbai HO,Corporate,MGR053,Apprentice / Trainee,Recruitment Consultancy,25,5.3,60000,0.2536,15.7,0,3,1,0.05
EMP10783,2024-06-15,MEP,Junior Engineer,2,Bengaluru Tech Park,Commercial,MGR099,Fixed Term Contract,Naukri / Job Portal,31,2.7,28900,0.0767,7.5,0,2,1,0.2
EMP10784,2023-10-28,Planning & Coordination,Deputy Manager,5,Delhi NCR Logistics Hub,Industrial,MGR068,Apprentice / Trainee,Naukri / Job Portal,45,6.5,86700,-0.0425,5.6,0,4,1,0.45
EMP10785,2025-06-07,EHS,Deputy Manager,5,JNPA WOLP,Port Infrastructure,MGR075,Permanent,Recruitment Consultancy,37,9.3,109400,0.1716,3.3,1,4,1,0.55
EMP10786,2021-05-04,Planning & Coordination,Deputy Manager,5,Bengaluru Tech Park,Commercial,MGR066,Permanent,Internal Transfer,38,7.8,75700,-0.1759,20.5,0,4,1,0.2
EMP10787,2025-06-28,EHS,Safety Officer,3,Nagpur Expressway Pkg-4,Highway,MGR047,Fixed Term Contract,Naukri / Job Portal,30,4.9,37300,-0.0967,3.7,1,3,0,0.85
EMP10788,2020-03-10,Procurement,Deputy Manager,5,Bengaluru Tech Park,Commercial,MGR113,Permanent,Recruitment Consultancy,33,6.4,86800,-0.0404,2.8,0,4,0,0.2
EMP10789,2024-10-12,Civil Execution,Supervisor,2,Pune Metro Reach-3,Metro,MGR059,Fixed Term Contract,Naukri / Job Portal,27,2.0,31600,0.0641,33.1,0,2,1,0.25
EMP10790,2020-01-23,HR & Admin,HR Executive,3,Delhi NCR Logistics Hub,Industrial,MGR024,Permanent,Naukri / Job Portal,32,6.8,29600,-0.2398,23.6,0,2,0,0.45
EMP10791,2024-03-02,Planning & Coordination,Deputy Manager,5,Nagpur Expressway Pkg-4,Highway,MGR026,Fixed Term Contract,Recruitment Consultancy,48,11.1,94500,-0.0072,2.2,1,4,1,0.85
EMP10792,2025-04-05,Civil Execution,Construction Manager,5,Nagpur Expressway Pkg-4,Highway,MGR087,Permanent,Recruitment Consultancy,47,6.5,94700,-0.0849,0.8,1,5,1,0.85
EMP10793,2024-03-09,Civil Execution,Senior Engineer,4,Pune Metro Reach-3,Metro,MGR058,Permanent,Internal Transfer,44,5.0,66100,0.0058,13.8,0,4,1,0.25
EMP10794,2026-04-18,Business Support Services,Procurement Executive,3,Pune Metro Reach-3,Metro,MGR044,Permanent,Naukri / Job Portal,35,4.7,43700,-0.0807,19.0,0,3,1,0.25
EMP10795,2026-07-11,Business Support Services,Accounts Officer,3,Ahmedabad Water Works,Water,MGR027,Permanent,Walk-in / Site Gate,25,5.7,39000,-0.0134,36.3,0,2,0,0.65
EMP10796,2022-07-29,Business Support Services,HR Executive,3,JNPA WOLP,Port Infrastructure,MGR049,Permanent,Walk-in / Site Gate,32,4.2,37100,-0.0189,4.3,1,2,0,0.55
EMP10797,2024-02-10,Stores & Logistics,Supervisor,2,Mantralaya Redevelopment,Government Building,MGR071,Fixed Term Contract,Labour Contractor,36,2.3,35600,0.1946,13.9,0,2,0,0.15
EMP10798,2023-11-18,MEP,Deputy Manager,5,Delhi NCR Logistics Hub,Industrial,MGR067,Fixed Term Contract,Employee Referral,44,6.5,102000,0.1264,3.5,1,4,1,0.45
EMP10799,2023-07-15,Quality Assurance & Control,QA/QC Engineer,3,Nagpur Expressway Pkg-4,Highway,MGR034,Permanent,Naukri / Job Portal,34,4.3,41200,-0.1096,3.1,1,3,1,0.85
EMP10800,2026-06-27,Civil Execution,Senior Engineer,4,Nagpur Expressway Pkg-4,Highway,MGR080,Permanent,Walk-in / Site Gate,39,6.1,58800,-0.1163,0.5,1,4,0,0.85
EMP10801,2024-07-20,Accounts & Finance,Accounts Officer,3,Delhi NCR Logistics Hub,Industrial,MGR119,Permanent,Employee Referral,29,4.5,44700,0.1462,2.9,1,2,1,0.45
EMP10802,2024-03-09,Civil Execution,Site Engineer,3,Ahmedabad Water Works,Water,MGR026,Permanent,Naukri / Job Portal,28,6.3,43800,-0.0068,0.7,1,3,0,0.65
EMP10803,2020-12-15,Civil Execution,Junior Engineer,2,Bengaluru Tech Park,Commercial,MGR055,Permanent,Employee Referral,30,2.2,31400,0.1766,30.0,0,2,1,0.2
EMP10804,2019-12-03,Stores & Logistics,Site Helper,1,Ahmedabad Water Works,Water,MGR074,Apprentice / Trainee,Walk-in / Site Gate,21,2.8,15500,-0.0911,6.3,1,1,0,0.65
EMP10805,2026-02-14,Design & Engineering,Senior Engineer,4,Bengaluru Tech Park,Commercial,MGR070,Permanent,Employee Referral,38,4.7,78500,0.1985,7.9,0,4,1,0.2
EMP10806,2024-08-24,MEP,Deputy Manager,5,Mantralaya Redevelopment,Government Building,MGR075,Permanent,Recruitment Consultancy,49,8.8,88700,-0.0449,12.4,0,4,0,0.15
EMP10807,2025-03-29,Quality Assurance & Control,Deputy Manager,5,Delhi NCR Logistics Hub,Industrial,MGR059,Permanent,Employee Referral,37,9.3,91500,-0.0201,6.1,1,4,1,0.45
EMP10808,2021-09-05,Civil Execution,Junior Engineer,2,Nagpur Expressway Pkg-4,Highway,MGR078,Retainer,Naukri / Job Portal,33,5.3,26900,-0.0273,6.3,1,2,0,0.85
EMP10809,2019-09-25,Civil Execution,Construction Manager,5,Ahmedabad Water Works,Water,MGR081,Fixed Term Contract,Recruitment Consultancy,41,9.6,107500,0.0041,1.9,1,5,0,0.65
EMP10810,2021-03-19,Stores & Logistics,Deputy Manager,5,JNPA WOLP,Port Infrastructure,MGR100,Permanent,Recruitment Consultancy,30,7.2,59000,-0.3535,16.0,0,4,0,0.55
EMP10811,2025-12-20,Quality Assurance & Control,QA/QC Engineer,3,Ahmedabad Water Works,Water,MGR011,Permanent,Recruitment Consultancy,29,3.9,51000,0.1073,7.8,0,3,1,0.65
EMP10812,2026-07-25,MEP,Junior Engineer,2,Nagpur Expressway Pkg-4,Highway,MGR049,Fixed Term Contract,Recruitment Consultancy,19,3.4,28600,0.0569,2.4,1,2,1,0.85
EMP10813,2024-11-23,Civil Execution,Site Helper,1,Delhi NCR Logistics Hub,Industrial,MGR119,Fixed Term Contract,Walk-in / Site Gate,20,2.8,14300,-0.1615,3.7,0,1,0,0.45
EMP10814,2021-06-03,Stores & Logistics,Site Helper,1,Bengaluru Tech Park,Commercial,MGR068,Fixed Term Contract,Walk-in / Site Gate,34,3.5,16300,-0.0519,11.0,0,1,0,0.2
EMP10815,2021-08-19,Quality Assurance & Control,Junior Engineer,2,JNPA WOLP,Port Infrastructure,MGR094,Fixed Term Contract,Employee Referral,36,2.8,24700,-0.0809,13.0,0,2,1,0.55
EMP10816,2024-02-17,Business Support Services,Accounts Officer,3,Delhi NCR Logistics Hub,Industrial,MGR068,Permanent,Employee Referral,32,3.1,44700,0.1648,61.0,0,2,1,0.45
EMP10817,2022-01-14,Stores & Logistics,Store Officer,2,Pune Metro Reach-3,Metro,MGR029,Fixed Term Contract,Walk-in / Site Gate,26,2.5,23600,-0.1817,7.5,0,2,0,0.25
EMP10818,2024-03-23,Planning & Coordination,Deputy Manager,5,Pune Metro Reach-3,Metro,MGR071,Permanent,Recruitment Consultancy,33,6.4,103700,0.1465,21.0,0,4,1,0.25
EMP10819,2025-04-05,MEP,Junior Engineer,2,Bengaluru Tech Park,Commercial,MGR065,Fixed Term Contract,Naukri / Job Portal,23,2.0,27100,0.0179,19.0,0,2,1,0.2
EMP10820,2023-08-05,EHS,Deputy Manager,5,JNPA WOLP,Port Infrastructure,MGR051,Permanent,Employee Referral,43,9.4,105100,0.1244,8.4,1,4,0,0.55
EMP10821,2019-05-08,Civil Execution,Supervisor,2,Ahmedabad Water Works,Water,MGR077,Fixed Term Contract,Recruitment Consultancy,20,2.6,34700,0.1603,3.8,1,2,0,0.65
EMP10822,2023-07-08,MEP,Site Engineer,3,Bengaluru Tech Park,Commercial,MGR032,Permanent,Recruitment Consultancy,20,4.2,46100,0.0704,4.7,0,3,0,0.2
EMP10823,2023-04-15,Civil Execution,Site Engineer,3,Ahmedabad Water Works,Water,MGR054,Permanent,Internal Transfer,37,3.6,47100,0.1012,24.8,0,3,1,0.65
EMP10824,2023-09-30,Procurement,Deputy Manager,5,Delhi NCR Logistics Hub,Industrial,MGR089,Permanent,Employee Referral,38,6.7,89900,-0.0094,45.9,0,4,1,0.45
EMP10825,2020-08-01,Business Support Services,Procurement Executive,3,Nagpur Expressway Pkg-4,Highway,MGR029,Fixed Term Contract,Recruitment Consultancy,21,4.4,46800,-0.0122,0.9,1,3,0,0.85
EMP10826,2024-03-30,Business Support Services,Accounts Officer,3,Bengaluru Tech Park,Commercial,MGR092,Retainer,Labour Contractor,33,3.6,34500,-0.1062,15.6,0,2,1,0.2
EMP10827,2024-08-17,Civil Execution,Site Helper,1,Ahmedabad Water Works,Water,MGR051,Permanent,Walk-in / Site Gate,25,0.3,14200,-0.1425,35.4,0,1,0,0.65
EMP10828,2025-01-18,Design & Engineering,Senior Engineer,4,Ahmedabad Water Works,Water,MGR062,Permanent,Labour Contractor,37,5.0,66300,0.0088,5.9,1,4,0,0.65
EMP10829,2019-03-01,HR & Admin,HR Executive,3,Pune Metro Reach-3,Metro,MGR062,Permanent,Naukri / Job Portal,43,5.7,45700,0.1882,49.5,0,2,0,0.25
EMP10830,2024-05-18,Procurement,Deputy Manager,5,Mumbai HO,Corporate,MGR029,Fixed Term Contract,Recruitment Consultancy,35,7.4,87500,-0.0433,14.7,0,4,0,0.05
EMP10831,2025-07-26,Accounts & Finance,Accounts Officer,3,Pune Metro Reach-3,Metro,MGR054,Permanent,Recruitment Consultancy,36,3.9,39900,0.0302,16.8,0,2,0,0.25
EMP10832,2021-11-11,Design & Engineering,Senior Engineer,4,Nagpur Expressway Pkg-4,Highway,MGR015,Apprentice / Trainee,Naukri / Job Portal,39,7.3,60200,-0.1072,8.4,1,4,1,0.85
EMP10833,2023-10-07,Civil Execution,Construction Manager,5,Ahmedabad Water Works,Water,MGR045,Fixed Term Contract,Internal Transfer,45,10.4,114300,0.0585,1.6,1,5,1,0.65
EMP10834,2024-02-10,Business Support Services,HR Executive,3,Mumbai HO,Corporate,MGR037,Permanent,Naukri / Job Portal,31,4.2,47400,0.2535,12.9,0,2,1,0.05
EMP10835,2023-08-12,MEP,Site Engineer,3,Delhi NCR Logistics Hub,Industrial,MGR001,Fixed Term Contract,Naukri / Job Portal,31,3.6,45500,0.0638,2.7,1,3,1,0.45
EMP10836,2025-08-02,Design & Engineering,Deputy Manager,5,Mumbai HO,Corporate,MGR037,Fixed Term Contract,Naukri / Job Portal,36,6.8,103000,0.1337,8.1,0,4,0,0.05
EMP10837,2024-02-24,Planning & Coordination,Senior Engineer,4,Bengaluru Tech Park,Commercial,MGR076,Permanent,Labour Contractor,25,5.1,67700,0.029,23.5,0,4,0,0.2
EMP10838,2021-04-30,Civil Execution,Senior Engineer,4,Nagpur Expressway Pkg-4,Highway,MGR118,Retainer,Walk-in / Site Gate,43,7.3,56000,-0.1695,4.3,1,4,0,0.85
EMP10839,2023-09-23,Accounts & Finance,Deputy Manager,5,Pune Metro Reach-3,Metro,MGR062,Fixed Term Contract,Employee Referral,36,7.7,108500,0.1824,5.2,0,4,0,0.25
EMP10840,2024-08-17,Stores & Logistics,Site Helper,1,Bengaluru Tech Park,Commercial,MGR083,Fixed Term Contract,Labour Contractor,21,0.6,18200,0.0951,3.3,0,1,1,0.2
EMP10841,2023-07-15,Civil Execution,Site Helper,1,Bengaluru Tech Park,Commercial,MGR015,Fixed Term Contract,Labour Contractor,19,0.3,16900,0.0206,14.0,0,1,0,0.2
EMP10842,2024-06-08,Civil Execution,Project Manager,6,Mumbai HO,Corporate,MGR013,Permanent,Recruitment Consultancy,35,9.1,121600,-0.1435,6.0,0,5,1,0.05
EMP10843,2026-01-10,EHS,Deputy Manager,5,Bengaluru Tech Park,Commercial,MGR091,Fixed Term Contract,Recruitment Consultancy,44,7.4,98400,0.0759,11.1,0,4,1,0.2
EMP10844,2022-01-01,EHS,Safety Officer,3,Mantralaya Redevelopment,Government Building,MGR017,Permanent,Naukri / Job Portal,31,7.4,34500,-0.1875,14.7,0,3,1,0.15
EMP10845,2021-09-04,Accounts & Finance,Deputy Manager,5,Ahmedabad Water Works,Water,MGR028,Permanent,Naukri / Job Portal,48,7.0,72400,-0.2049,2.5,1,4,0,0.65
EMP10846,2021-05-06,MEP,Senior Engineer,4,Ahmedabad Water Works,Water,MGR071,Permanent,Recruitment Consultancy,22,5.8,68700,0.036,38.4,0,4,0,0.65
EMP10847,2025-12-13,Procurement,Deputy Manager,5,Ahmedabad Water Works,Water,MGR069,Permanent,Employee Referral,37,7.4,95500,0.0442,26.5,0,4,1,0.65
EMP10848,2024-08-03,HR & Admin,HR Executive,3,Delhi NCR Logistics Hub,Industrial,MGR117,Permanent,Naukri / Job Portal,32,4.8,35000,-0.0807,61.9,0,2,1,0.45
EMP10849,2021-03-02,Accounts & Finance,Deputy Manager,5,Mantralaya Redevelopment,Government Building,MGR106,Permanent,Employee Referral,36,8.9,86700,-0.0675,29.1,0,4,1,0.15
EMP10850,2024-10-26,Civil Execution,Supervisor,2,JNPA WOLP,Port Infrastructure,MGR028,Fixed Term Contract,Naukri / Job Portal,36,2.7,31000,0.0354,42.0,0,2,0,0.55
EMP10851,2020-03-31,Planning & Coordination,Deputy Manager,5,JNPA WOLP,Port Infrastructure,MGR082,Permanent,Employee Referral,34,6.9,94800,0.0423,5.6,1,4,1,0.55
EMP10852,2023-09-23,Quality Assurance & Control,QA/QC Engineer,3,Bengaluru Tech Park,Commercial,MGR011,Permanent,Naukri / Job Portal,37,4.8,39000,-0.1619,8.3,0,3,1,0.2
EMP10853,2026-03-28,MEP,Site Engineer,3,Ahmedabad Water Works,Water,MGR017,Permanent,Recruitment Consultancy,31,4.0,39600,-0.0784,3.2,1,3,0,0.65
EMP10854,2023-07-29,Stores & Logistics,Supervisor,2,JNPA WOLP,Port Infrastructure,MGR016,Permanent,Walk-in / Site Gate,26,3.1,33100,0.1004,19.5,0,2,0,0.55
EMP10855,2020-10-13,MEP,Senior Engineer,4,Nagpur Expressway Pkg-4,Highway,MGR027,Permanent,Labour Contractor,32,5.2,53600,-0.1863,8.3,1,4,0,0.85
EMP10856,2022-10-26,Planning & Coordination,Deputy Manager,5,Delhi NCR Logistics Hub,Industrial,MGR115,Permanent,Naukri / Job Portal,41,6.5,73200,-0.1916,2.3,1,4,1,0.45
EMP10857,2019-11-09,Civil Execution,Site Helper,1,Bengaluru Tech Park,Commercial,MGR063,Apprentice / Trainee,Walk-in / Site Gate,24,0.4,18300,0.1038,20.0,0,1,0,0.2
EMP10858,2025-01-18,Quality Assurance & Control,QA/QC Engineer,3,Pune Metro Reach-3,Metro,MGR118,Fixed Term Contract,Naukri / Job Portal,24,3.4,54600,0.1923,33.7,0,3,1,0.25
EMP10859,2025-06-21,Civil Execution,Site Helper,1,Mantralaya Redevelopment,Government Building,MGR117,Fixed Term Contract,Labour Contractor,25,1.1,13300,-0.2044,13.9,0,1,0,0.15
EMP10860,2021-11-18,HR & Admin,Deputy Manager,5,Bengaluru Tech Park,Commercial,MGR111,Permanent,Naukri / Job Portal,38,6.9,86000,-0.0545,35.2,0,4,0,0.2
EMP10861,2024-03-23,EHS,Safety Officer,3,Mantralaya Redevelopment,Government Building,MGR096,Retainer,Walk-in / Site Gate,34,6.2,44100,0.0525,13.8,0,3,0,0.15
EMP10862,2024-03-16,Accounts & Finance,Deputy Manager,5,Mumbai HO,Corporate,MGR043,Permanent,Employee Referral,35,6.7,108200,0.1922,13.6,0,4,1,0.05
EMP10863,2021-07-24,Stores & Logistics,Store Officer,2,Ahmedabad Water Works,Water,MGR034,Permanent,Labour Contractor,19,1.8,30400,0.0628,5.9,1,2,1,0.65
EMP10864,2023-06-03,Design & Engineering,Senior Engineer,4,Delhi NCR Logistics Hub,Industrial,MGR020,Permanent,Recruitment Consultancy,41,5.4,76300,0.1558,3.1,1,4,0,0.45
EMP10865,2026-04-18,EHS,Supervisor,2,Pune Metro Reach-3,Metro,MGR022,Fixed Term Contract,Labour Contractor,34,1.9,30700,0.035,26.5,0,2,0,0.25
EMP10866,2026-02-14,Quality Assurance & Control,Junior Engineer,2,Bengaluru Tech Park,Commercial,MGR002,Retainer,Naukri / Job Portal,32,5.0,27100,-0.0167,37.1,0,2,0,0.2
EMP10867,2023-06-24,Quality Assurance & Control,Deputy Manager,5,Nagpur Expressway Pkg-4,Highway,MGR039,Fixed Term Contract,Employee Referral,50,13.3,82200,-0.1561,5.6,1,4,0,0.85
EMP10868,2023-12-23,Civil Execution,Senior Engineer,4,JNPA WOLP,Port Infrastructure,MGR107,Permanent,Recruitment Consultancy,38,6.5,74300,0.1117,8.2,1,4,1,0.55
EMP10869,2021-07-22,EHS,Safety Officer,3,Pune Metro Reach-3,Metro,MGR013,Permanent,Naukri / Job Portal,39,3.1,49600,0.2262,3.1,0,3,1,0.25
EMP10870,2025-04-19,Procurement,Procurement Executive,3,Mumbai HO,Corporate,MGR038,Permanent,Naukri / Job Portal,33,5.2,38500,-0.1947,23.3,0,3,0,0.05
EMP10871,2023-04-29,Procurement,Deputy Manager,5,Ahmedabad Water Works,Water,MGR054,Permanent,Naukri / Job Portal,33,6.5,82600,-0.0878,33.2,0,4,1,0.65
EMP10872,2022-05-15,Civil Execution,Junior Engineer,2,Nagpur Expressway Pkg-4,Highway,MGR039,Permanent,Naukri / Job Portal,20,5.5,22900,-0.1738,90.5,0,2,0,0.85
EMP10873,2025-03-15,MEP,Junior Engineer,2,Nagpur Expressway Pkg-4,Highway,MGR117,Retainer,Naukri / Job Portal,33,3.9,26600,-0.0227,2.2,1,2,0,0.85
EMP10874,2020-12-28,Civil Execution,Supervisor,2,JNPA WOLP,Port Infrastructure,MGR038,Fixed Term Contract,Labour Contractor,19,2.6,34500,0.1537,2.1,1,2,0,0.55
EMP10875,2022-08-09,Civil Execution,Site Engineer,3,Mantralaya Redevelopment,Government Building,MGR059,Permanent,Internal Transfer,19,3.8,53000,0.2363,19.8,0,3,1,0.15
EMP10876,2024-03-09,Civil Execution,Junior Engineer,2,Pune Metro Reach-3,Metro,MGR056,Fixed Term Contract,Recruitment Consultancy,19,2.9,27200,0.011,7.2,0,2,1,0.25
EMP10877,2019-04-01,Civil Execution,Supervisor,2,Ahmedabad Water Works,Water,MGR059,Fixed Term Contract,Naukri / Job Portal,35,2.6,33800,0.1303,5.2,1,2,1,0.65
EMP10878,2024-12-07,Design & Engineering,Senior Engineer,4,Mumbai HO,Corporate,MGR033,Permanent,Labour Contractor,40,6.6,67600,0.0103,2.7,0,4,0,0.05
EMP10879,2022-05-26,Business Support Services,HR Executive,3,Mumbai HO,Corporate,MGR084,Permanent,Naukri / Job Portal,37,4.4,36600,-0.0343,8.2,0,2,0,0.05
EMP10880,2025-05-10,Business Support Services,Procurement Executive,3,JNPA WOLP,Port Infrastructure,MGR116,Permanent,Naukri / Job Portal,26,4.1,43400,-0.0808,0.8,1,3,0,0.55
EMP10881,2024-06-01,Civil Execution,Supervisor,2,Mumbai HO,Corporate,MGR098,Permanent,Naukri / Job Portal,25,3.4,30400,0.0072,7.3,0,2,1,0.05
EMP10882,2020-09-24,Planning & Coordination,Senior Engineer,4,Nagpur Expressway Pkg-4,Highway,MGR025,Permanent,Recruitment Consultancy,35,5.0,71000,0.0803,9.7,0,4,0,0.85
EMP10883,2021-02-05,Accounts & Finance,Deputy Manager,5,Mumbai HO,Corporate,MGR064,Fixed Term Contract,Recruitment Consultancy,37,7.8,104900,0.1419,5.4,0,4,1,0.05
EMP10884,2025-10-11,Civil Execution,Senior Engineer,4,Bengaluru Tech Park,Commercial,MGR031,Permanent,Naukri / Job Portal,34,6.3,58200,-0.1273,7.9,0,4,1,0.2
EMP10885,2024-02-03,Civil Execution,Construction Manager,5,Ahmedabad Water Works,Water,MGR024,Fixed Term Contract,Internal Transfer,39,7.2,104200,-0.0009,17.8,0,5,1,0.65
EMP10886,2026-03-21,Planning & Coordination,Planning Engineer,4,Delhi NCR Logistics Hub,Industrial,MGR116,Permanent,Walk-in / Site Gate,32,4.6,48400,-0.2092,0.5,1,4,0,0.45
EMP10887,2022-09-29,Civil Execution,Project Manager,6,JNPA WOLP,Port Infrastructure,MGR014,Permanent,Employee Referral,47,7.9,143900,0.0269,18.7,0,5,1,0.55
EMP10888,2022-08-24,Civil Execution,Site Engineer,3,Bengaluru Tech Park,Commercial,MGR059,Permanent,Internal Transfer,40,4.7,30900,-0.2866,26.1,0,3,0,0.2
EMP10889,2020-12-05,Design & Engineering,Deputy Manager,5,Nagpur Expressway Pkg-4,Highway,MGR043,Fixed Term Contract,Recruitment Consultancy,43,10.3,99300,0.0521,3.0,1,4,0,0.85
EMP10890,2025-06-28,MEP,Senior Engineer,4,Bengaluru Tech Park,Commercial,MGR009,Retainer,Naukri / Job Portal,23,5.4,63700,-0.0351,10.4,0,4,0,0.2
EMP10891,2025-10-04,EHS,Deputy Manager,5,Nagpur Expressway Pkg-4,Highway,MGR074,Permanent,Employee Referral,35,6.8,87100,-0.0413,3.0,1,4,1,0.85
EMP10892,2023-05-27,Civil Execution,Construction Manager,5,Ahmedabad Water Works,Water,MGR105,Permanent,Employee Referral,37,8.4,77200,-0.2695,2.4,1,5,0,0.65
EMP10893,2025-01-11,Civil Execution,Supervisor,2,JNPA WOLP,Port Infrastructure,MGR108,Fixed Term Contract,Employee Referral,25,4.4,23100,-0.2434,2.3,1,2,1,0.55
EMP10894,2024-06-15,MEP,Site Engineer,3,Nagpur Expressway Pkg-4,Highway,MGR114,Fixed Term Contract,Naukri / Job Portal,30,3.2,39600,-0.0699,6.6,1,3,1,0.85
EMP10895,2025-07-12,MEP,Deputy Manager,5,Ahmedabad Water Works,Water,MGR011,Permanent,Recruitment Consultancy,36,6.3,100200,0.109,8.8,1,4,1,0.65
EMP10896,2021-07-25,Business Support Services,Procurement Executive,3,Delhi NCR Logistics Hub,Industrial,MGR007,Permanent,Employee Referral,32,3.6,55100,0.1737,17.3,0,3,1,0.45
EMP10897,2021-01-31,Procurement,Deputy Manager,5,Bengaluru Tech Park,Commercial,MGR014,Fixed Term Contract,Naukri / Job Portal,48,9.5,80900,-0.1355,12.2,0,4,1,0.2
EMP10898,2025-05-03,Civil Execution,Junior Engineer,2,Ahmedabad Water Works,Water,MGR069,Fixed Term Contract,Labour Contractor,28,6.0,23100,-0.1712,87.3,0,2,0,0.65
EMP10899,2025-12-06,Quality Assurance & Control,Deputy Manager,5,Delhi NCR Logistics Hub,Industrial,MGR004,Permanent,Naukri / Job Portal,26,8.8,89200,-0.0395,0.8,1,4,0,0.45
EMP10900,2025-05-03,EHS,Deputy Manager,5,Nagpur Expressway Pkg-4,Highway,MGR010,Permanent,Recruitment Consultancy,41,7.6,88000,-0.0399,6.1,1,4,1,0.85
EMP10901,2021-06-08,MEP,Deputy Manager,5,Nagpur Expressway Pkg-4,Highway,MGR030,Fixed Term Contract,Employee Referral,37,7.0,84100,-0.0764,3.6,1,4,1,0.85
EMP10902,2025-09-13,Stores & Logistics,Supervisor,2,Pune Metro Reach-3,Metro,MGR108,Permanent,Labour Contractor,29,4.2,29300,-0.0381,17.8,0,2,0,0.25
EMP10903,2021-10-14,Procurement,Deputy Manager,5,Mumbai HO,Corporate,MGR011,Permanent,Naukri / Job Portal,46,9.9,91300,-0.0285,6.8,0,4,0,0.05
EMP10904,2023-02-20,Quality Assurance & Control,Junior Engineer,2,JNPA WOLP,Port Infrastructure,MGR070,Fixed Term Contract,Naukri / Job Portal,27,3.3,25100,-0.0714,3.5,1,2,0,0.55
EMP10905,2026-06-06,Accounts & Finance,Deputy Manager,5,Nagpur Expressway Pkg-4,Highway,MGR101,Fixed Term Contract,Naukri / Job Portal,41,10.5,104700,0.107,1.2,1,4,0,0.85
EMP10906,2025-02-01,Planning & Coordination,Deputy Manager,5,Mumbai HO,Corporate,MGR100,Fixed Term Contract,Internal Transfer,28,8.7,73500,-0.2077,18.1,0,4,1,0.05
EMP10907,2023-02-24,Business Support Services,Procurement Executive,3,Mumbai HO,Corporate,MGR081,Retainer,Walk-in / Site Gate,33,5.0,42700,-0.1048,4.3,0,3,0,0.05
EMP10908,2021-12-09,HR & Admin,Deputy Manager,5,Bengaluru Tech Park,Commercial,MGR077,Permanent,Employee Referral,34,7.0,79900,-0.1225,20.2,0,4,0,0.2
EMP10909,2025-05-03,Planning & Coordination,Senior Engineer,4,JNPA WOLP,Port Infrastructure,MGR002,Retainer,Labour Contractor,40,7.9,66400,-0.0218,3.3,1,4,0,0.55
EMP10910,2025-11-01,Design & Engineering,Design Engineer,4,Delhi NCR Logistics Hub,Industrial,MGR027,Fixed Term Contract,Naukri / Job Portal,36,6.2,50600,-0.2151,1.6,1,4,1,0.45
EMP10911,2022-02-05,Procurement,Deputy Manager,5,Mumbai HO,Corporate,MGR069,Permanent,Internal Transfer,33,6.6,92000,0.0149,5.8,0,4,1,0.05
EMP10912,2024-08-10,Civil Execution,Senior Engineer,4,Bengaluru Tech Park,Commercial,MGR104,Permanent,Campus Hiring,45,9.1,67300,-0.0214,4.2,0,4,0,0.2
EMP10913,2026-05-16,MEP,Deputy Manager,5,JNPA WOLP,Port Infrastructure,MGR072,Permanent,Internal Transfer,42,6.2,105400,0.1679,1.7,1,4,1,0.55
EMP10914,2025-06-07,Stores & Logistics,Deputy Manager,5,Ahmedabad Water Works,Water,MGR099,Retainer,Naukri / Job Portal,40,9.6,84600,-0.0969,0.7,1,4,0,0.65
EMP10915,2021-08-24,Business Support Services,Accounts Officer,3,JNPA WOLP,Port Infrastructure,MGR116,Fixed Term Contract,Internal Transfer,38,3.8,50100,0.295,5.3,1,2,1,0.55
EMP10916,2025-06-28,HR & Admin,Deputy Manager,5,JNPA WOLP,Port Infrastructure,MGR112,Apprentice / Trainee,Recruitment Consultancy,41,8.6,100100,0.0802,2.1,1,4,0,0.55
EMP10917,2023-11-25,Planning & Coordination,Deputy Manager,5,Pune Metro Reach-3,Metro,MGR053,Fixed Term Contract,Employee Referral,46,9.9,103000,0.096,16.9,0,4,1,0.25
EMP10918,2023-10-07,Quality Assurance & Control,QA/QC Engineer,3,Delhi NCR Logistics Hub,Industrial,MGR026,Fixed Term Contract,Employee Referral,31,4.1,56900,0.2325,3.6,1,3,1,0.45
EMP10919,2022-12-26,Business Support Services,Accounts Officer,3,Pune Metro Reach-3,Metro,MGR103,Permanent,Campus Hiring,39,8.5,44600,0.0938,6.9,0,2,1,0.25
EMP10920,2023-05-13,EHS,Deputy Manager,5,Nagpur Expressway Pkg-4,Highway,MGR119,Permanent,Employee Referral,47,8.2,86000,-0.0679,4.6,1,4,1,0.85
EMP10921,2025-03-08,Design & Engineering,Design Engineer,4,Bengaluru Tech Park,Commercial,MGR043,Fixed Term Contract,Walk-in / Site Gate,42,4.7,44500,-0.2979,6.4,0,4,0,0.2
EMP10922,2024-03-02,Civil Execution,Construction Manager,5,Ahmedabad Water Works,Water,MGR080,Fixed Term Contract,Employee Referral,47,7.4,91000,-0.1294,9.6,1,5,1,0.65
EMP10923,2024-05-25,Design & Engineering,Design Engineer,4,Mumbai HO,Corporate,MGR065,Permanent,Recruitment Consultancy,45,8.1,67500,0.0253,15.3,0,4,1,0.05
EMP10924,2022-05-05,Design & Engineering,Deputy Manager,5,Nagpur Expressway Pkg-4,Highway,MGR052,Retainer,Naukri / Job Portal,19,7.9,99400,0.0809,2.8,1,4,1,0.85
EMP10925,2026-07-25,EHS,Supervisor,2,Bengaluru Tech Park,Commercial,MGR090,Fixed Term Contract,Campus Hiring,32,2.4,28200,-0.0548,9.0,0,2,0,0.2
EMP10926,2024-10-19,Stores & Logistics,Supervisor,2,JNPA WOLP,Port Infrastructure,MGR026,Fixed Term Contract,Walk-in / Site Gate,35,1.7,29000,-0.02,19.1,0,2,1,0.55
EMP10927,2024-12-07,Quality Assurance & Control,Deputy Manager,5,Delhi NCR Logistics Hub,Industrial,MGR096,Permanent,Internal Transfer,25,8.5,94200,0.0176,1.2,1,4,1,0.45
EMP10928,2019-06-18,Stores & Logistics,Supervisor,2,Ahmedabad Water Works,Water,MGR091,Fixed Term Contract,Internal Transfer,24,2.8,26700,-0.1092,3.4,1,2,1,0.65
EMP10929,2024-09-28,Accounts & Finance,Deputy Manager,5,Bengaluru Tech Park,Commercial,MGR028,Permanent,Recruitment Consultancy,41,7.6,109400,0.1935,15.3,0,4,1,0.2
EMP10930,2023-08-12,Procurement,Deputy Manager,5,Mumbai HO,Corporate,MGR097,Fixed Term Contract,Naukri / Job Portal,32,10.1,90400,-0.0401,1.0,0,4,1,0.05
EMP10931,2025-12-06,Civil Execution,Project Manager,6,Pune Metro Reach-3,Metro,MGR021,Retainer,Recruitment Consultancy,37,9.1,118000,-0.1689,11.8,0,5,1,0.25
EMP10932,2023-11-25,Business Support Services,Procurement Executive,3,Ahmedabad Water Works,Water,MGR058,Permanent,Recruitment Consultancy,49,5.5,47900,-0.0015,58.8,0,3,0,0.65
EMP10933,2019-03-07,MEP,Site Engineer,3,Mantralaya Redevelopment,Government Building,MGR081,Permanent,Campus Hiring,41,5.5,57100,0.3065,11.3,0,3,1,0.15
EMP10934,2023-06-03,Procurement,Deputy Manager,5,Mumbai HO,Corporate,MGR020,Retainer,Naukri / Job Portal,35,7.4,86200,-0.0575,22.3,0,4,0,0.05
EMP10935,2021-02-03,Stores & Logistics,Supervisor,2,Nagpur Expressway Pkg-4,Highway,MGR064,Permanent,Campus Hiring,31,2.9,24600,-0.1803,2.2,1,2,0,0.85
EMP10936,2024-08-24,MEP,Deputy Manager,5,JNPA WOLP,Port Infrastructure,MGR053,Retainer,Recruitment Consultancy,29,6.1,87400,-0.0305,1.5,1,4,0,0.55
EMP10937,2025-08-09,Planning & Coordination,Senior Engineer,4,JNPA WOLP,Port Infrastructure,MGR100,Fixed Term Contract,Naukri / Job Portal,23,5.1,75500,0.1475,7.3,0,4,0,0.55
EMP10938,2026-05-09,Planning & Coordination,Senior Engineer,4,Mantralaya Redevelopment,Government Building,MGR056,Permanent,Labour Contractor,44,5.1,59500,-0.0957,6.5,0,4,0,0.15
EMP10939,2025-08-30,Stores & Logistics,Store Officer,2,Pune Metro Reach-3,Metro,MGR084,Fixed Term Contract,Naukri / Job Portal,28,2.4,23200,-0.1946,16.1,0,2,0,0.25
EMP10940,2024-01-20,Civil Execution,Construction Manager,5,JNPA WOLP,Port Infrastructure,MGR112,Fixed Term Contract,Naukri / Job Portal,35,11.3,88900,-0.1845,58.3,0,5,1,0.55
EMP10941,2024-04-13,Civil Execution,Construction Manager,5,JNPA WOLP,Port Infrastructure,MGR031,Permanent,Employee Referral,34,6.5,91500,-0.1158,10.3,1,5,0,0.55
EMP10942,2020-01-27,Civil Execution,Site Engineer,3,Pune Metro Reach-3,Metro,MGR092,Fixed Term Contract,Recruitment Consultancy,29,6.0,39500,-0.1013,20.6,0,3,1,0.25
EMP10943,2026-02-07,MEP,Senior Engineer,4,JNPA WOLP,Port Infrastructure,MGR063,Fixed Term Contract,Recruitment Consultancy,37,5.1,54500,-0.1717,2.9,1,4,1,0.55
EMP10944,2023-12-16,Design & Engineering,Deputy Manager,5,Ahmedabad Water Works,Water,MGR042,Permanent,Recruitment Consultancy,35,7.5,98500,0.0758,6.3,1,4,1,0.65
EMP10945,2025-08-16,HR & Admin,Deputy Manager,5,Pune Metro Reach-3,Metro,MGR015,Permanent,Recruitment Consultancy,31,6.8,100700,0.1084,10.6,0,4,1,0.25
EMP10946,2019-12-06,Stores & Logistics,Supervisor,2,Pune Metro Reach-3,Metro,MGR047,Fixed Term Contract,Walk-in / Site Gate,34,1.9,32500,0.0957,10.8,0,2,0,0.25
EMP10947,2025-12-27,Planning & Coordination,Senior Engineer,4,Pune Metro Reach-3,Metro,MGR090,Permanent,Labour Contractor,40,6.3,63300,-0.0508,5.0,0,4,0,0.25
EMP10948,2025-04-05,Stores & Logistics,Store Officer,2,Nagpur Expressway Pkg-4,Highway,MGR109,Permanent,Internal Transfer,31,3.1,29600,0.0192,3.3,1,2,1,0.85
EMP10949,2023-09-09,Stores & Logistics,Site Helper,1,Nagpur Expressway Pkg-4,Highway,MGR037,Fixed Term Contract,Labour Contractor,31,0.2,18300,0.1064,17.4,0,1,0,0.85
EMP10950,2024-03-09,Stores & Logistics,Site Helper,1,Bengaluru Tech Park,Commercial,MGR079,Permanent,Walk-in / Site Gate,25,1.4,17500,0.0431,24.2,0,1,1,0.2
EMP10951,2023-12-09,MEP,Junior Engineer,2,Bengaluru Tech Park,Commercial,MGR012,Permanent,Labour Contractor,28,5.7,23700,-0.1468,5.9,0,2,0,0.2
EMP10952,2024-07-13,MEP,Site Engineer,3,Pune Metro Reach-3,Metro,MGR023,Permanent,Labour Contractor,22,4.9,41000,-0.0555,9.6,0,3,0,0.25
EMP10953,2023-12-02,Business Support Services,Accounts Officer,3,Bengaluru Tech Park,Commercial,MGR075,Fixed Term Contract,Recruitment Consultancy,29,5.8,40500,0.0234,11.6,0,2,0,0.2
EMP10954,2024-07-06,HR & Admin,Deputy Manager,5,Delhi NCR Logistics Hub,Industrial,MGR090,Fixed Term Contract,Employee Referral,49,6.1,82000,-0.0904,3.8,1,4,1,0.45
EMP10955,2020-06-22,Procurement,Procurement Executive,3,Mantralaya Redevelopment,Government Building,MGR082,Permanent,Walk-in / Site Gate,30,4.4,48200,0.0174,85.0,0,3,0,0.15
EMP10956,2024-03-23,Civil Execution,Senior Engineer,4,Ahmedabad Water Works,Water,MGR083,Permanent,Labour Contractor,34,6.2,67900,0.0193,3.4,1,4,0,0.65
EMP10957,2020-04-17,Design & Engineering,Design Engineer,4,Mumbai HO,Corporate,MGR041,Permanent,Labour Contractor,33,5.2,65000,0.0197,40.7,0,4,0,0.05
EMP10958,2021-05-27,MEP,Site Engineer,3,Bengaluru Tech Park,Commercial,MGR073,Fixed Term Contract,Employee Referral,36,6.9,45900,0.0339,8.8,0,3,0,0.2
EMP10959,2023-07-01,Stores & Logistics,Site Helper,1,Mantralaya Redevelopment,Government Building,MGR080,Fixed Term Contract,Walk-in / Site Gate,26,1.3,16800,0.0025,11.0,0,1,0,0.15
EMP10960,2024-08-10,Stores & Logistics,Store Officer,2,Mantralaya Redevelopment,Government Building,MGR064,Fixed Term Contract,Employee Referral,33,3.4,29700,0.0191,24.3,0,2,1,0.15
EMP10961,2021-09-15,Quality Assurance & Control,Deputy Manager,5,Delhi NCR Logistics Hub,Industrial,MGR075,Permanent,Recruitment Consultancy,41,6.7,103000,0.1349,52.9,0,4,1,0.45
EMP10962,2024-12-21,Quality Assurance & Control,Junior Engineer,2,Bengaluru Tech Park,Commercial,MGR031,Permanent,Employee Referral,42,3.7,26700,-0.0167,1.9,0,2,1,0.2
EMP10963,2023-11-11,Civil Execution,Junior Engineer,2,JNPA WOLP,Port Infrastructure,MGR001,Fixed Term Contract,Internal Transfer,32,1.8,24200,-0.0889,4.8,1,2,1,0.55
EMP10964,2023-04-22,Civil Execution,Site Helper,1,JNPA WOLP,Port Infrastructure,MGR089,Fixed Term Contract,Walk-in / Site Gate,20,0.3,21000,0.2682,21.3,0,1,1,0.55
EMP10965,2019-09-25,EHS,Safety Officer,3,Mantralaya Redevelopment,Government Building,MGR064,Apprentice / Trainee,Walk-in / Site Gate,36,4.1,44100,0.0777,11.0,0,3,1,0.15
EMP10966,2025-05-03,Civil Execution,Site Helper,1,Bengaluru Tech Park,Commercial,MGR016,Permanent,Walk-in / Site Gate,26,1.1,18700,0.1186,7.5,0,1,0,0.2
EMP10967,2025-06-07,Planning & Coordination,Planning Engineer,4,Nagpur Expressway Pkg-4,Highway,MGR067,Fixed Term Contract,Recruitment Consultancy,36,6.8,55100,-0.1217,3.0,1,4,1,0.85
EMP10968,2020-09-07,Civil Execution,Supervisor,2,Mantralaya Redevelopment,Government Building,MGR053,Fixed Term Contract,Recruitment Consultancy,32,2.0,24800,-0.1649,8.6,0,2,1,0.15
EMP10969,2024-03-02,HR & Admin,Deputy Manager,5,Mantralaya Redevelopment,Government Building,MGR069,Fixed Term Contract,Naukri / Job Portal,45,7.6,111300,0.2143,15.4,0,4,0,0.15
EMP10970,2020-03-15,Civil Execution,Site Engineer,3,Ahmedabad Water Works,Water,MGR055,Retainer,Recruitment Consultancy,35,3.7,47800,0.1163,32.2,0,3,1,0.65
EMP10971,2023-04-22,Civil Execution,Project Manager,6,JNPA WOLP,Port Infrastructure,MGR093,Fixed Term Contract,Employee Referral,39,8.9,151400,0.0687,7.0,1,5,1,0.55
EMP10972,2020-08-06,Civil Execution,Site Helper,1,Bengaluru Tech Park,Commercial,MGR059,Permanent,Labour Contractor,35,0.5,18400,0.1085,11.6,0,1,0,0.2
EMP10973,2025-09-06,MEP,Deputy Manager,5,Mumbai HO,Corporate,MGR107,Fixed Term Contract,Recruitment Consultancy,37,7.8,88000,-0.042,13.3,0,4,1,0.05
EMP10974,2021-06-30,Planning & Coordination,Planning Engineer,4,Mantralaya Redevelopment,Government Building,MGR043,Fixed Term Contract,Employee Referral,27,5.1,58800,-0.0447,19.6,0,4,1,0.15
EMP10975,2025-07-05,Civil Execution,Supervisor,2,Pune Metro Reach-3,Metro,MGR058,Fixed Term Contract,Naukri / Job Portal,38,2.2,32200,0.0818,25.0,0,2,0,0.25
EMP10976,2019-08-15,Civil Execution,Junior Engineer,2,Mantralaya Redevelopment,Government Building,MGR101,Fixed Term Contract,Recruitment Consultancy,21,1.6,27800,0.0491,11.4,0,2,0,0.15
EMP10977,2025-02-15,EHS,Deputy Manager,5,Bengaluru Tech Park,Commercial,MGR109,Retainer,Employee Referral,43,7.9,97100,0.0559,21.3,0,4,1,0.2
EMP10978,2019-03-31,Civil Execution,Junior Engineer,2,Mantralaya Redevelopment,Government Building,MGR087,Fixed Term Contract,Employee Referral,20,2.7,27700,0.0319,33.8,0,2,1,0.15
EMP10979,2021-04-21,MEP,Junior Engineer,2,Bengaluru Tech Park,Commercial,MGR077,Retainer,Recruitment Consultancy,27,2.5,30200,0.1277,9.4,0,2,1,0.2
EMP10980,2022-06-01,Civil Execution,Junior Engineer,2,Ahmedabad Water Works,Water,MGR085,Retainer,Naukri / Job Portal,33,2.7,28500,0.0618,10.3,0,2,0,0.65
EMP10981,2024-08-17,Procurement,Deputy Manager,5,Delhi NCR Logistics Hub,Industrial,MGR003,Permanent,Employee Referral,45,10.6,117400,0.2399,1.4,1,4,0,0.45
EMP10982,2025-10-18,Design & Engineering,Deputy Manager,5,Mumbai HO,Corporate,MGR031,Fixed Term Contract,Recruitment Consultancy,37,7.1,86300,-0.0533,14.5,0,4,0,0.05
EMP10983,2025-10-04,EHS,Safety Officer,3,Delhi NCR Logistics Hub,Industrial,MGR007,Permanent,Internal Transfer,26,3.4,38800,-0.0441,1.1,1,3,1,0.45
EMP10984,2020-01-25,HR & Admin,HR Executive,3,Mumbai HO,Corporate,MGR068,Permanent,Employee Referral,29,4.3,34200,-0.0966,10.7,0,2,1,0.05
EMP10985,2019-04-27,Accounts & Finance,Accounts Officer,3,Mantralaya Redevelopment,Government Building,MGR043,Permanent,Employee Referral,32,4.6,40100,0.0271,3.7,0,2,1,0.15
EMP10986,2025-01-04,MEP,Junior Engineer,2,Delhi NCR Logistics Hub,Industrial,MGR006,Fixed Term Contract,Campus Hiring,34,2.2,33900,0.2703,1.5,1,2,0,0.45
EMP10987,2020-11-06,Stores & Logistics,Deputy Manager,5,Mantralaya Redevelopment,Government Building,MGR103,Permanent,Employee Referral,46,10.2,88200,-0.0645,11.3,0,4,1,0.15
EMP10988,2024-08-03,Business Support Services,HR Executive,3,Pune Metro Reach-3,Metro,MGR010,Permanent,Employee Referral,30,5.4,40400,0.0539,6.5,0,2,1,0.25
EMP10989,2023-04-29,Stores & Logistics,Site Helper,1,Bengaluru Tech Park,Commercial,MGR018,Fixed Term Contract,Labour Contractor,29,1.6,15800,-0.0605,16.3,0,1,0,0.2
EMP10990,2024-01-27,Civil Execution,Junior Engineer,2,Mumbai HO,Corporate,MGR066,Fixed Term Contract,Employee Referral,36,3.8,31100,0.144,19.6,0,2,1,0.05
EMP10991,2021-10-24,Planning & Coordination,Senior Engineer,4,Ahmedabad Water Works,Water,MGR116,Fixed Term Contract,Naukri / Job Portal,36,6.0,69000,0.0382,4.8,1,4,1,0.65
EMP10992,2024-08-24,Stores & Logistics,Supervisor,2,Pune Metro Reach-3,Metro,MGR056,Fixed Term Contract,Naukri / Job Portal,30,3.1,36000,0.1969,42.0,0,2,0,0.25
EMP10993,2021-05-06,Planning & Coordination,Senior Engineer,4,Ahmedabad Water Works,Water,MGR090,Permanent,Employee Referral,41,5.1,56600,-0.1397,24.5,0,4,1,0.65
EMP10994,2024-11-02,Planning & Coordination,Senior Engineer,4,Pune Metro Reach-3,Metro,MGR001,Permanent,Naukri / Job Portal,33,5.9,74800,0.1267,9.0,0,4,1,0.25
EMP10995,2023-11-25,HR & Admin,Deputy Manager,5,Mumbai HO,Corporate,MGR043,Fixed Term Contract,Recruitment Consultancy,41,8.6,79900,-0.1378,10.1,0,4,1,0.05
EMP10996,2025-04-05,MEP,Deputy Manager,5,Bengaluru Tech Park,Commercial,MGR039,Permanent,Employee Referral,38,11.2,103200,0.083,38.2,0,4,1,0.2
EMP10997,2025-01-18,Stores & Logistics,Deputy Manager,5,Bengaluru Tech Park,Commercial,MGR070,Permanent,Recruitment Consultancy,51,8.3,88100,-0.0462,6.7,0,4,1,0.2
EMP10998,2019-12-09,EHS,Deputy Manager,5,Bengaluru Tech Park,Commercial,MGR038,Permanent,Recruitment Consultancy,41,7.4,96500,0.0551,4.0,0,4,0,0.2
EMP10999,2024-07-13,Procurement,Procurement Executive,3,Delhi NCR Logistics Hub,Industrial,MGR018,Fixed Term Contract,Employee Referral,37,3.6,47400,0.0097,17.7,0,3,1,0.45
EMP11000,2022-08-01,Civil Execution,Supervisor,2,Nagpur Expressway Pkg-4,Highway,MGR016,Retainer,Employee Referral,31,5.4,20500,-0.3361,1.5,1,2,1,0.85
EMP11001,2025-02-08,Business Support Services,Procurement Executive,3,Mumbai HO,Corporate,MGR023,Permanent,Naukri / Job Portal,39,5.5,42100,-0.1224,19.2,0,3,1,0.05
EMP11002,2025-11-01,Civil Execution,Junior Engineer,2,Mumbai HO,Corporate,MGR120,Permanent,Labour Contractor,25,2.5,30500,0.1389,30.2,0,2,0,0.05
EMP11003,2025-08-09,HR & Admin,HR Executive,3,Mumbai HO,Corporate,MGR082,Fixed Term Contract,Naukri / Job Portal,29,3.7,29600,-0.2127,1.0,0,2,0,0.05
EMP11004,2024-08-10,Business Support Services,Accounts Officer,3,JNPA WOLP,Port Infrastructure,MGR090,Fixed Term Contract,Recruitment Consultancy,32,6.3,28000,-0.2964,9.5,1,2,1,0.55
EMP11005,2020-03-30,Civil Execution,Site Helper,1,Mantralaya Redevelopment,Government Building,MGR035,Permanent,Labour Contractor,24,0.4,20400,0.2305,9.2,0,1,0,0.15
EMP11006,2026-03-07,Civil Execution,Site Helper,1,JNPA WOLP,Port Infrastructure,MGR009,Permanent,Walk-in / Site Gate,37,0.7,18200,0.0938,2.6,1,1,1,0.55
EMP11007,2025-11-15,MEP,Site Engineer,3,Delhi NCR Logistics Hub,Industrial,MGR053,Fixed Term Contract,Naukri / Job Portal,42,3.4,48200,0.1295,3.3,1,3,1,0.45
EMP11008,2022-08-19,Civil Execution,Construction Manager,5,Delhi NCR Logistics Hub,Industrial,MGR012,Fixed Term Contract,Recruitment Consultancy,41,7.1,111000,0.0655,6.0,1,5,0,0.45
EMP11009,2023-06-03,MEP,Site Engineer,3,Mantralaya Redevelopment,Government Building,MGR069,Permanent,Naukri / Job Portal,42,3.8,46500,0.0847,13.8,0,3,1,0.15
EMP11010,2025-01-18,Civil Execution,Construction Manager,5,Nagpur Expressway Pkg-4,Highway,MGR075,Permanent,Employee Referral,44,7.1,125900,0.2085,21.2,1,5,1,0.85
EMP11011,2021-12-16,Business Support Services,Accounts Officer,3,Nagpur Expressway Pkg-4,Highway,MGR046,Permanent,Walk-in / Site Gate,36,8.9,38400,-0.0623,1.9,1,2,0,0.85
EMP11012,2024-11-23,Design & Engineering,Senior Engineer,4,Mumbai HO,Corporate,MGR040,Permanent,Recruitment Consultancy,41,5.6,59900,-0.0947,2.4,0,4,0,0.05
EMP11013,2023-11-04,Planning & Coordination,Planning Engineer,4,Pune Metro Reach-3,Metro,MGR069,Fixed Term Contract,Naukri / Job Portal,33,5.3,57900,-0.0614,3.0,0,4,1,0.25
EMP11014,2025-06-14,EHS,Supervisor,2,Bengaluru Tech Park,Commercial,MGR054,Permanent,Naukri / Job Portal,25,6.1,35700,0.1471,65.9,0,2,1,0.2
EMP11015,2023-10-21,MEP,Site Engineer,3,Bengaluru Tech Park,Commercial,MGR074,Apprentice / Trainee,Employee Referral,38,5.2,43500,-0.0013,20.8,0,3,1,0.2
EMP11016,2024-09-21,HR & Admin,Deputy Manager,5,Mumbai HO,Corporate,MGR116,Fixed Term Contract,Employee Referral,36,8.7,75900,-0.1818,10.5,0,4,1,0.05
EMP11017,2024-02-03,EHS,Deputy Manager,5,Delhi NCR Logistics Hub,Industrial,MGR077,Permanent,Recruitment Consultancy,41,7.5,96900,0.0583,4.6,1,4,1,0.45
EMP11018,2021-01-04,Procurement,Deputy Manager,5,JNPA WOLP,Port Infrastructure,MGR027,Permanent,Naukri / Job Portal,36,7.1,117200,0.2857,48.7,0,4,1,0.55
EMP11019,2024-12-14,Civil Execution,Site Helper,1,Nagpur Expressway Pkg-4,Highway,MGR087,Fixed Term Contract,Walk-in / Site Gate,36,1.0,19600,0.1738,2.5,1,1,0,0.85
EMP11020,2026-05-16,MEP,Deputy Manager,5,Bengaluru Tech Park,Commercial,MGR109,Fixed Term Contract,Recruitment Consultancy,44,7.3,70500,-0.2283,32.6,0,4,0,0.2
EMP11021,2021-03-27,Business Support Services,Accounts Officer,3,Mumbai HO,Corporate,MGR010,Permanent,Employee Referral,30,7.1,42400,0.056,27.3,0,2,1,0.05
EMP11022,2026-05-09,EHS,Deputy Manager,5,Delhi NCR Logistics Hub,Industrial,MGR088,Apprentice / Trainee,Employee Referral,31,6.2,100700,0.1158,0.6,1,4,1,0.45
EMP11023,2021-11-14,Civil Execution,Supervisor,2,Nagpur Expressway Pkg-4,Highway,MGR084,Fixed Term Contract,Walk-in / Site Gate,29,2.8,32100,0.0709,5.2,1,2,0,0.85
EMP11024,2019-10-13,Business Support Services,Accounts Officer,3,Nagpur Expressway Pkg-4,Highway,MGR030,Fixed Term Contract,Naukri / Job Portal,34,4.9,38400,-0.0198,2.9,1,2,1,0.85
EMP11025,2025-10-25,Design & Engineering,Senior Engineer,4,Pune Metro Reach-3,Metro,MGR066,Fixed Term Contract,Naukri / Job Portal,37,6.1,79600,0.1963,4.6,0,4,1,0.25
EMP11026,2026-03-28,Planning & Coordination,Senior Engineer,4,Mantralaya Redevelopment,Government Building,MGR039,Permanent,Naukri / Job Portal,45,7.3,77000,0.1419,1.0,0,4,1,0.15
EMP11027,2026-05-02,Civil Execution,Junior Engineer,2,Nagpur Expressway Pkg-4,Highway,MGR017,Fixed Term Contract,Internal Transfer,31,2.0,23100,-0.1324,26.1,0,2,1,0.85
EMP11028,2024-09-07,Business Support Services,HR Executive,3,JNPA WOLP,Port Infrastructure,MGR023,Permanent,Recruitment Consultancy,28,3.7,34000,-0.0957,12.7,0,2,0,0.55
EMP11029,2024-11-02,Stores & Logistics,Deputy Manager,5,Bengaluru Tech Park,Commercial,MGR059,Fixed Term Contract,Internal Transfer,40,6.4,104000,0.1498,5.2,0,4,1,0.2
EMP11030,2024-01-20,Business Support Services,Procurement Executive,3,Ahmedabad Water Works,Water,MGR074,Fixed Term Contract,Internal Transfer,26,3.8,54500,0.1583,2.4,1,3,1,0.65
EMP11031,2025-01-18,Civil Execution,Construction Manager,5,Mumbai HO,Corporate,MGR079,Apprentice / Trainee,Naukri / Job Portal,53,9.1,103000,-0.0327,30.7,0,5,1,0.05
EMP11032,2026-06-13,Accounts & Finance,Accounts Officer,3,Mumbai HO,Corporate,MGR055,Permanent,Labour Contractor,27,7.2,40000,-0.0049,23.1,0,2,0,0.05
EMP11033,2024-10-05,Planning & Coordination,Deputy Manager,5,Nagpur Expressway Pkg-4,Highway,MGR049,Fixed Term Contract,Employee Referral,42,7.2,90200,-0.0116,5.1,1,4,0,0.85
EMP11034,2021-02-10,Civil Execution,Project Manager,6,Bengaluru Tech Park,Commercial,MGR035,Permanent,Employee Referral,38,9.7,134000,-0.0623,25.1,0,5,1,0.2
EMP11035,2020-06-08,Accounts & Finance,Deputy Manager,5,Mumbai HO,Corporate,MGR101,Fixed Term Contract,Employee Referral,32,6.4,82900,-0.0835,12.5,0,4,1,0.05
EMP11036,2021-03-21,Civil Execution,Junior Engineer,2,Bengaluru Tech Park,Commercial,MGR107,Retainer,Walk-in / Site Gate,32,2.6,32400,0.2085,36.1,0,2,0,0.2
EMP11037,2019-11-09,Business Support Services,HR Executive,3,Bengaluru Tech Park,Commercial,MGR016,Permanent,Naukri / Job Portal,30,9.8,39900,-0.0083,50.8,0,2,1,0.2
EMP11038,2019-06-14,Business Support Services,Procurement Executive,3,Nagpur Expressway Pkg-4,Highway,MGR020,Permanent,Naukri / Job Portal,30,5.7,45100,-0.0619,2.9,1,3,0,0.85
EMP11039,2024-07-20,Design & Engineering,Design Engineer,4,Nagpur Expressway Pkg-4,Highway,MGR053,Permanent,Recruitment Consultancy,24,5.6,50700,-0.2082,7.3,1,4,1,0.85
EMP11040,2022-06-06,EHS,Deputy Manager,5,Mantralaya Redevelopment,Government Building,MGR018,Fixed Term Contract,Employee Referral,30,8.7,67500,-0.2724,32.5,0,4,1,0.15
EMP11041,2026-01-31,Civil Execution,Senior Engineer,4,Bengaluru Tech Park,Commercial,MGR007,Permanent,Recruitment Consultancy,38,8.3,73700,0.081,14.4,0,4,0,0.2
EMP11042,2023-07-15,Planning & Coordination,Deputy Manager,5,Bengaluru Tech Park,Commercial,MGR007,Apprentice / Trainee,Recruitment Consultancy,33,8.3,94800,0.0263,33.9,0,4,1,0.2
EMP11043,2023-07-22,Design & Engineering,Design Engineer,4,Pune Metro Reach-3,Metro,MGR034,Permanent,Recruitment Consultancy,31,5.2,63300,-0.007,19.9,0,4,0,0.25
EMP11044,2025-07-12,MEP,Junior Engineer,2,Pune Metro Reach-3,Metro,MGR028,Fixed Term Contract,Campus Hiring,19,2.6,23800,-0.1123,47.5,0,2,1,0.25
EMP11045,2023-11-18,Civil Execution,Project Manager,6,Pune Metro Reach-3,Metro,MGR085,Permanent,Employee Referral,42,16.5,164800,0.0747,21.4,0,5,1,0.25
EMP11046,2024-05-11,HR & Admin,Deputy Manager,5,Bengaluru Tech Park,Commercial,MGR003,Permanent,Recruitment Consultancy,40,7.4,98800,0.0803,21.6,0,4,0,0.2
EMP11047,2026-05-16,Quality Assurance & Control,QA/QC Engineer,3,Ahmedabad Water Works,Water,MGR003,Permanent,Naukri / Job Portal,33,3.9,50200,0.0899,0.9,1,3,1,0.65
EMP11048,2023-10-21,Civil Execution,Supervisor,2,Nagpur Expressway Pkg-4,Highway,MGR092,Permanent,Naukri / Job Portal,30,3.4,27000,-0.1055,1.9,1,2,1,0.85
EMP11049,2019-10-04,Stores & Logistics,Supervisor,2,Bengaluru Tech Park,Commercial,MGR099,Retainer,Recruitment Consultancy,19,2.5,24300,-0.1865,7.9,0,2,0,0.2
EMP11050,2021-12-27,Procurement,Deputy Manager,5,Mumbai HO,Corporate,MGR037,Fixed Term Contract,Employee Referral,44,6.7,86100,-0.0513,5.4,0,4,1,0.05
EMP11051,2024-02-10,MEP,Senior Engineer,4,Pune Metro Reach-3,Metro,MGR035,Permanent,Employee Referral,35,6.5,67700,0.0129,34.4,0,4,0,0.25
EMP11052,2024-11-09,Design & Engineering,Design Engineer,4,Bengaluru Tech Park,Commercial,MGR035,Permanent,Recruitment Consultancy,37,4.6,51400,-0.1881,4.7,0,4,0,0.2
EMP11053,2023-12-16,HR & Admin,Deputy Manager,5,Pune Metro Reach-3,Metro,MGR086,Permanent,Recruitment Consultancy,42,6.5,84300,-0.069,5.9,0,4,0,0.25
EMP11054,2023-06-03,MEP,Junior Engineer,2,Nagpur Expressway Pkg-4,Highway,MGR076,Permanent,Naukri / Job Portal,28,3.1,21200,-0.2139,2.0,1,2,0,0.85
EMP11055,2024-12-07,Business Support Services,Procurement Executive,3,Delhi NCR Logistics Hub,Industrial,MGR056,Fixed Term Contract,Employee Referral,30,3.0,41400,-0.112,1.4,1,3,1,0.45
EMP11056,2020-05-27,Civil Execution,Project Manager,6,Nagpur Expressway Pkg-4,Highway,MGR048,Fixed Term Contract,Employee Referral,46,8.2,138500,-0.0149,8.2,1,5,1,0.85
EMP11057,2020-10-27,Civil Execution,Construction Manager,5,Delhi NCR Logistics Hub,Industrial,MGR042,Fixed Term Contract,Recruitment Consultancy,39,7.3,80000,-0.2338,1.0,1,5,1,0.45
EMP11058,2023-04-08,HR & Admin,HR Executive,3,Mantralaya Redevelopment,Government Building,MGR014,Permanent,Labour Contractor,32,4.1,32900,-0.129,21.3,0,2,0,0.15
EMP11059,2024-03-23,Stores & Logistics,Site Helper,1,Delhi NCR Logistics Hub,Industrial,MGR064,Fixed Term Contract,Walk-in / Site Gate,24,0.6,17400,0.047,0.5,1,1,0,0.45
EMP11060,2025-09-20,Business Support Services,Accounts Officer,3,Nagpur Expressway Pkg-4,Highway,MGR033,Retainer,Recruitment Consultancy,31,7.7,41100,0.0169,4.4,1,2,1,0.85
EMP11061,2026-06-27,Accounts & Finance,Deputy Manager,5,Pune Metro Reach-3,Metro,MGR120,Retainer,Employee Referral,32,8.9,105200,0.1315,55.4,0,4,1,0.25
EMP11062,2025-09-27,Planning & Coordination,Planning Engineer,4,Nagpur Expressway Pkg-4,Highway,MGR059,Permanent,Naukri / Job Portal,35,9.5,74400,0.1515,4.4,1,4,0,0.85
EMP11063,2025-05-10,MEP,Senior Engineer,4,JNPA WOLP,Port Infrastructure,MGR032,Permanent,Campus Hiring,28,8.3,61200,-0.1023,3.4,1,4,1,0.55
EMP11064,2026-01-31,Stores & Logistics,Store Officer,2,Mantralaya Redevelopment,Government Building,MGR068,Fixed Term Contract,Employee Referral,32,1.5,33600,0.1788,16.6,0,2,1,0.15
EMP11065,2022-11-08,Procurement,Deputy Manager,5,Mumbai HO,Corporate,MGR061,Apprentice / Trainee,Naukri / Job Portal,54,6.1,80200,-0.1104,38.9,0,4,0,0.05
EMP11066,2024-11-30,Civil Execution,Project Manager,6,Nagpur Expressway Pkg-4,Highway,MGR057,Permanent,Naukri / Job Portal,40,8.6,166100,0.1763,2.3,1,5,1,0.85
EMP11067,2026-06-27,Accounts & Finance,Deputy Manager,5,Ahmedabad Water Works,Water,MGR035,Permanent,Recruitment Consultancy,44,8.4,82100,-0.1121,2.9,1,4,0,0.65
EMP11068,2025-08-09,MEP,Deputy Manager,5,Delhi NCR Logistics Hub,Industrial,MGR119,Permanent,Employee Referral,41,6.2,91500,0.0139,3.6,1,4,1,0.45
EMP11069,2023-07-29,Business Support Services,Procurement Executive,3,Pune Metro Reach-3,Metro,MGR042,Permanent,Naukri / Job Portal,28,5.1,50100,0.0491,6.7,0,3,1,0.25
EMP11070,2024-04-13,MEP,Deputy Manager,5,JNPA WOLP,Port Infrastructure,MGR042,Permanent,Internal Transfer,35,6.7,74800,-0.1758,0.9,1,4,1,0.55
EMP11071,2026-05-02,Civil Execution,Senior Engineer,4,JNPA WOLP,Port Infrastructure,MGR001,Permanent,Employee Referral,33,5.7,89400,0.3496,24.7,0,4,1,0.55
EMP11072,2026-08-08,Quality Assurance & Control,Junior Engineer,2,Delhi NCR Logistics Hub,Industrial,MGR104,Retainer,Naukri / Job Portal,26,2.7,24200,-0.0984,1.1,1,2,1,0.45
EMP11073,2021-03-25,Civil Execution,Site Engineer,3,Pune Metro Reach-3,Metro,MGR001,Permanent,Labour Contractor,31,3.0,37000,-0.1289,19.2,0,3,0,0.25
EMP11074,2026-01-31,Planning & Coordination,Planning Engineer,4,Delhi NCR Logistics Hub,Industrial,MGR067,Permanent,Employee Referral,38,7.3,64600,0.0241,4.4,1,4,1,0.45
EMP11075,2026-01-10,Planning & Coordination,Senior Engineer,4,Mumbai HO,Corporate,MGR078,Permanent,Campus Hiring,36,5.6,44000,-0.335,4.5,0,4,0,0.05
EMP11076,2023-07-08,Civil Execution,Junior Engineer,2,JNPA WOLP,Port Infrastructure,MGR075,Permanent,Naukri / Job Portal,27,2.0,30200,0.1343,0.8,1,2,0,0.55
EMP11077,2026-07-11,Quality Assurance & Control,Junior Engineer,2,Delhi NCR Logistics Hub,Industrial,MGR085,Fixed Term Contract,Recruitment Consultancy,23,1.8,24900,-0.0626,43.8,0,2,0,0.45
EMP11078,2024-11-30,Stores & Logistics,Supervisor,2,Bengaluru Tech Park,Commercial,MGR033,Fixed Term Contract,Recruitment Consultancy,26,2.5,33100,0.1081,15.5,0,2,1,0.2
EMP11079,2022-04-26,Civil Execution,Senior Engineer,4,Bengaluru Tech Park,Commercial,MGR092,Permanent,Recruitment Consultancy,49,5.0,47400,-0.2788,22.3,0,4,0,0.2
EMP11080,2025-02-08,Civil Execution,Construction Manager,5,Pune Metro Reach-3,Metro,MGR077,Permanent,Employee Referral,43,8.2,112100,0.0631,41.2,0,5,1,0.25
EMP11081,2023-08-19,Civil Execution,Supervisor,2,Mantralaya Redevelopment,Government Building,MGR052,Permanent,Recruitment Consultancy,34,1.9,33100,0.1159,15.0,0,2,0,0.15
EMP11082,2025-03-29,Design & Engineering,Design Engineer,4,Pune Metro Reach-3,Metro,MGR098,Permanent,Naukri / Job Portal,41,4.8,71600,0.1283,27.5,0,4,0,0.25
EMP11083,2020-05-08,Civil Execution,Junior Engineer,2,Nagpur Expressway Pkg-4,Highway,MGR119,Fixed Term Contract,Naukri / Job Portal,19,2.6,23000,-0.1421,1.7,1,2,1,0.85
EMP11084,2023-10-14,EHS,Safety Officer,3,Mantralaya Redevelopment,Government Building,MGR030,Permanent,Recruitment Consultancy,39,3.7,49200,0.2079,19.6,0,3,0,0.15
EMP11085,2024-11-02,Stores & Logistics,Store Officer,2,JNPA WOLP,Port Infrastructure,MGR106,Fixed Term Contract,Recruitment Consultancy,36,4.5,28600,-0.0309,30.8,0,2,0,0.55
EMP11086,2026-05-02,Procurement,Procurement Executive,3,Delhi NCR Logistics Hub,Industrial,MGR085,Fixed Term Contract,Naukri / Job Portal,31,3.0,47300,0.0146,0.5,1,3,1,0.45
EMP11087,2024-12-07,Civil Execution,Supervisor,2,JNPA WOLP,Port Infrastructure,MGR055,Permanent,Walk-in / Site Gate,30,1.6,26900,-0.0899,19.7,0,2,0,0.55
EMP11088,2025-04-12,MEP,Senior Engineer,4,JNPA WOLP,Port Infrastructure,MGR043,Apprentice / Trainee,Labour Contractor,38,4.8,72200,0.1011,17.9,0,4,0,0.55
EMP11089,2024-08-17,HR & Admin,HR Executive,3,Bengaluru Tech Park,Commercial,MGR041,Permanent,Employee Referral,31,3.7,39300,0.0453,3.6,0,2,1,0.2
EMP11090,2023-01-13,MEP,Site Engineer,3,Ahmedabad Water Works,Water,MGR002,Fixed Term Contract,Campus Hiring,37,4.7,49600,0.1452,6.8,0,3,0,0.65
EMP11091,2023-10-14,Civil Execution,Project Manager,6,Ahmedabad Water Works,Water,MGR081,Permanent,Recruitment Consultancy,45,8.1,138900,-0.011,4.5,1,5,0,0.65
EMP11092,2023-11-04,Procurement,Deputy Manager,5,Mumbai HO,Corporate,MGR054,Fixed Term Contract,Recruitment Consultancy,44,7.7,104400,0.1377,17.3,0,4,0,0.05
EMP11093,2025-01-11,Civil Execution,Site Helper,1,Nagpur Expressway Pkg-4,Highway,MGR092,Fixed Term Contract,Labour Contractor,23,1.7,14800,-0.121,4.5,1,1,0,0.85
EMP11094,2024-06-22,Civil Execution,Supervisor,2,JNPA WOLP,Port Infrastructure,MGR021,Permanent,Naukri / Job Portal,36,3.5,36900,0.2211,3.2,1,2,0,0.55
EMP11095,2024-06-15,Business Support Services,Accounts Officer,3,Mantralaya Redevelopment,Government Building,MGR042,Permanent,Naukri / Job Portal,27,4.7,42600,0.0899,14.1,0,2,0,0.15
EMP11096,2022-04-11,Stores & Logistics,Store Officer,2,Bengaluru Tech Park,Commercial,MGR115,Fixed Term Contract,Labour Contractor,34,5.9,27600,-0.0795,7.0,0,2,0,0.2
EMP11097,2022-07-17,Design & Engineering,Senior Engineer,4,Mantralaya Redevelopment,Government Building,MGR093,Permanent,Naukri / Job Portal,34,8.0,63000,-0.0729,26.6,0,4,0,0.15
EMP11098,2021-02-14,Procurement,Procurement Executive,3,Mumbai HO,Corporate,MGR042,Permanent,Internal Transfer,34,6.9,58100,0.1924,14.6,0,3,1,0.05
EMP11099,2026-01-03,Civil Execution,Site Engineer,3,Delhi NCR Logistics Hub,Industrial,MGR066,Permanent,Naukri / Job Portal,20,3.2,29200,-0.3141,0.7,1,3,0,0.45
EMP11100,2023-10-14,MEP,Senior Engineer,4,Mumbai HO,Corporate,MGR002,Fixed Term Contract,Walk-in / Site Gate,35,6.9,66700,-0.0065,10.6,0,4,0,0.05
EMP11101,2025-06-07,Design & Engineering,Deputy Manager,5,Mantralaya Redevelopment,Government Building,MGR067,Permanent,Naukri / Job Portal,37,7.9,70800,-0.2301,14.2,0,4,1,0.15
EMP11102,2024-11-09,Civil Execution,Construction Manager,5,Nagpur Expressway Pkg-4,Highway,MGR017,Fixed Term Contract,Employee Referral,31,7.8,103700,-0.0122,90.4,0,5,1,0.85
EMP11103,2026-08-08,Civil Execution,Supervisor,2,Bengaluru Tech Park,Commercial,MGR008,Permanent,Recruitment Consultancy,22,2.4,32200,0.0793,5.5,0,2,1,0.2
EMP11104,2020-03-24,MEP,Junior Engineer,2,Bengaluru Tech Park,Commercial,MGR058,Fixed Term Contract,Recruitment Consultancy,34,3.1,29200,0.0828,2.6,0,2,0,0.2
EMP11105,2021-04-17,Design & Engineering,Senior Engineer,4,Bengaluru Tech Park,Commercial,MGR064,Permanent,Campus Hiring,41,4.8,69000,0.0523,31.8,0,4,1,0.2
EMP11106,2025-12-06,EHS,Deputy Manager,5,Nagpur Expressway Pkg-4,Highway,MGR018,Apprentice / Trainee,Employee Referral,43,10.5,102200,0.0805,9.3,1,4,1,0.85
EMP11107,2022-12-29,Quality Assurance & Control,Junior Engineer,2,Mumbai HO,Corporate,MGR074,Retainer,Employee Referral,36,3.2,24500,-0.0925,12.1,0,2,1,0.05
EMP11108,2024-02-17,Civil Execution,Supervisor,2,Delhi NCR Logistics Hub,Industrial,MGR042,Permanent,Recruitment Consultancy,22,3.3,28200,-0.0646,6.8,0,2,0,0.45
EMP11109,2024-02-17,Civil Execution,Site Helper,1,Pune Metro Reach-3,Metro,MGR013,Fixed Term Contract,Walk-in / Site Gate,19,3.3,18100,0.0552,67.3,0,1,0,0.25
EMP11110,2024-10-05,Civil Execution,Project Manager,6,Mumbai HO,Corporate,MGR035,Permanent,Recruitment Consultancy,46,7.9,150800,0.0761,28.6,0,5,1,0.05
EMP11111,2019-11-13,MEP,Deputy Manager,5,Nagpur Expressway Pkg-4,Highway,MGR047,Fixed Term Contract,Naukri / Job Portal,43,6.7,109700,0.2088,4.8,1,4,1,0.85
EMP11112,2026-06-20,Civil Execution,Junior Engineer,2,JNPA WOLP,Port Infrastructure,MGR020,Apprentice / Trainee,Naukri / Job Portal,30,5.3,32400,0.1716,1.2,1,2,1,0.55
EMP11113,2024-05-04,Civil Execution,Junior Engineer,2,Delhi NCR Logistics Hub,Industrial,MGR009,Fixed Term Contract,Employee Referral,29,2.0,26900,0.0104,0.6,1,2,1,0.45
EMP11114,2025-05-10,Accounts & Finance,Accounts Officer,3,Bengaluru Tech Park,Commercial,MGR008,Permanent,Naukri / Job Portal,30,3.6,41900,0.0855,26.0,0,2,1,0.2
EMP11115,2023-08-26,Accounts & Finance,Accounts Officer,3,Bengaluru Tech Park,Commercial,MGR065,Permanent,Recruitment Consultancy,23,5.8,42400,0.0714,11.8,0,2,0,0.2
EMP11116,2020-06-24,Planning & Coordination,Senior Engineer,4,Mantralaya Redevelopment,Government Building,MGR011,Permanent,Labour Contractor,33,6.2,66700,0.0013,17.4,0,4,0,0.15
EMP11117,2024-10-05,MEP,Deputy Manager,5,Pune Metro Reach-3,Metro,MGR038,Permanent,Naukri / Job Portal,44,6.5,83800,-0.0746,42.4,0,4,0,0.25
EMP11118,2024-11-02,Procurement,Deputy Manager,5,Delhi NCR Logistics Hub,Industrial,MGR007,Apprentice / Trainee,Naukri / Job Portal,42,6.4,92100,0.0182,2.9,1,4,1,0.45
EMP11119,2021-09-23,Stores & Logistics,Deputy Manager,5,Ahmedabad Water Works,Water,MGR117,Fixed Term Contract,Naukri / Job Portal,41,6.9,92100,0.0126,1.8,1,4,1,0.65
EMP11120,2021-08-01,Business Support Services,Procurement Executive,3,Mumbai HO,Corporate,MGR018,Permanent,Naukri / Job Portal,26,3.7,56000,0.1915,14.0,0,3,0,0.05
EMP11121,2025-05-31,MEP,Deputy Manager,5,Nagpur Expressway Pkg-4,Highway,MGR045,Permanent,Recruitment Consultancy,40,8.6,58500,-0.3687,3.2,1,4,1,0.85
EMP11122,2023-09-23,Civil Execution,Senior Engineer,4,Pune Metro Reach-3,Metro,MGR103,Fixed Term Contract,Labour Contractor,34,7.7,72700,0.0734,7.3,0,4,0,0.25
EMP11123,2023-08-12,MEP,Deputy Manager,5,Bengaluru Tech Park,Commercial,MGR071,Permanent,Naukri / Job Portal,40,6.7,77800,-0.1427,10.3,0,4,1,0.2
EMP11124,2026-01-17,Civil Execution,Supervisor,2,Mantralaya Redevelopment,Government Building,MGR091,Fixed Term Contract,Employee Referral,28,4.4,26100,-0.1451,17.7,0,2,1,0.15
EMP11125,2024-02-10,Stores & Logistics,Supervisor,2,Mantralaya Redevelopment,Government Building,MGR018,Fixed Term Contract,Walk-in / Site Gate,36,2.9,32500,0.083,3.7,0,2,1,0.15
EMP11126,2023-11-25,Civil Execution,Junior Engineer,2,JNPA WOLP,Port Infrastructure,MGR044,Fixed Term Contract,Employee Referral,28,2.0,21900,-0.1774,9.8,0,2,1,0.55
EMP11127,2023-12-02,Civil Execution,Site Engineer,3,Pune Metro Reach-3,Metro,MGR010,Permanent,Recruitment Consultancy,33,3.8,34300,-0.1999,12.8,0,3,1,0.25
EMP11128,2023-06-24,Design & Engineering,Deputy Manager,5,Mumbai HO,Corporate,MGR118,Apprentice / Trainee,Naukri / Job Portal,36,8.2,99400,0.0773,10.7,0,4,1,0.05
EMP11129,2022-09-21,Civil Execution,Senior Engineer,4,Mantralaya Redevelopment,Government Building,MGR103,Apprentice / Trainee,Campus Hiring,26,5.3,60800,-0.078,6.1,0,4,0,0.15
EMP11130,2021-09-05,Planning & Coordination,Planning Engineer,4,Delhi NCR Logistics Hub,Industrial,MGR065,Apprentice / Trainee,Recruitment Consultancy,27,6.3,60800,-0.0254,37.1,0,4,1,0.45
EMP11131,2024-11-09,Stores & Logistics,Deputy Manager,5,Bengaluru Tech Park,Commercial,MGR003,Retainer,Employee Referral,36,6.9,88100,-0.0314,13.6,0,4,1,0.2
EMP11132,2026-01-10,Procurement,Deputy Manager,5,Mantralaya Redevelopment,Government Building,MGR051,Permanent,Internal Transfer,42,6.4,87200,-0.0359,4.8,0,4,1,0.15
EMP11133,2020-07-07,Civil Execution,Junior Engineer,2,Mantralaya Redevelopment,Government Building,MGR044,Permanent,Naukri / Job Portal,24,2.1,24600,-0.0771,6.7,0,2,1,0.15
EMP11134,2021-01-26,Civil Execution,Construction Manager,5,Bengaluru Tech Park,Commercial,MGR074,Permanent,Employee Referral,38,9.1,120000,0.1269,8.5,0,5,1,0.2
EMP11135,2025-01-04,EHS,Deputy Manager,5,Delhi NCR Logistics Hub,Industrial,MGR071,Permanent,Employee Referral,35,8.6,89600,-0.0331,30.8,0,4,1,0.45
EMP11136,2025-08-23,MEP,Site Engineer,3,JNPA WOLP,Port Infrastructure,MGR062,Apprentice / Trainee,Recruitment Consultancy,33,4.5,39200,-0.0929,1.5,1,3,0,0.55
EMP11137,2025-11-01,Procurement,Deputy Manager,5,Mumbai HO,Corporate,MGR078,Fixed Term Contract,Internal Transfer,29,6.8,93300,0.0269,21.3,0,4,1,0.05
EMP11138,2023-01-10,MEP,Deputy Manager,5,JNPA WOLP,Port Infrastructure,MGR019,Permanent,Recruitment Consultancy,46,7.6,92000,0.0037,9.7,1,4,1,0.55
EMP11139,2024-06-01,Planning & Coordination,Deputy Manager,5,Nagpur Expressway Pkg-4,Highway,MGR036,Fixed Term Contract,Recruitment Consultancy,36,7.2,87900,-0.0368,3.5,1,4,0,0.85
EMP11140,2022-09-07,MEP,Junior Engineer,2,JNPA WOLP,Port Infrastructure,MGR031,Fixed Term Contract,Naukri / Job Portal,27,2.2,31600,0.1841,3.0,1,2,1,0.55
EMP11141,2026-05-30,Accounts & Finance,Deputy Manager,5,Nagpur Expressway Pkg-4,Highway,MGR084,Permanent,Recruitment Consultancy,30,7.2,112500,0.2328,2.1,1,4,0,0.85
EMP11142,2023-08-05,Civil Execution,Supervisor,2,Ahmedabad Water Works,Water,MGR032,Fixed Term Contract,Labour Contractor,33,3.6,34800,0.1503,3.9,1,2,0,0.65
EMP11143,2023-10-07,Accounts & Finance,Deputy Manager,5,Nagpur Expressway Pkg-4,Highway,MGR017,Fixed Term Contract,Employee Referral,32,8.8,115300,0.2415,1.8,1,4,1,0.85
EMP11144,2021-08-20,Accounts & Finance,Deputy Manager,5,Ahmedabad Water Works,Water,MGR003,Permanent,Recruitment Consultancy,40,8.6,119300,0.2874,7.4,1,4,1,0.65
EMP11145,2025-07-05,MEP,Site Engineer,3,Bengaluru Tech Park,Commercial,MGR048,Apprentice / Trainee,Recruitment Consultancy,28,4.1,46700,0.0856,31.4,0,3,1,0.2
EMP11146,2025-07-12,Business Support Services,Accounts Officer,3,Nagpur Expressway Pkg-4,Highway,MGR081,Permanent,Walk-in / Site Gate,40,8.8,43800,0.0707,4.7,1,2,0,0.85
EMP11147,2019-08-31,Quality Assurance & Control,QA/QC Engineer,3,Bengaluru Tech Park,Commercial,MGR093,Permanent,Campus Hiring,32,6.3,42500,-0.102,11.6,0,3,1,0.2
EMP11148,2020-10-06,Civil Execution,Site Helper,1,Mantralaya Redevelopment,Government Building,MGR070,Permanent,Walk-in / Site Gate,19,1.0,12300,-0.2634,11.1,0,1,1,0.15
EMP11149,2025-10-04,EHS,Safety Officer,3,Ahmedabad Water Works,Water,MGR119,Fixed Term Contract,Naukri / Job Portal,40,5.1,39100,-0.0553,0.7,1,3,1,0.65
EMP11150,2025-02-22,Business Support Services,Accounts Officer,3,Mumbai HO,Corporate,MGR042,Apprentice / Trainee,Recruitment Consultancy,37,3.6,34000,-0.1191,12.6,0,2,0,0.05
EMP11151,2020-04-08,Accounts & Finance,Deputy Manager,5,Nagpur Expressway Pkg-4,Highway,MGR070,Permanent,Recruitment Consultancy,42,6.3,78700,-0.1289,7.2,1,4,0,0.85
EMP11152,2021-11-22,Stores & Logistics,Store Officer,2,Bengaluru Tech Park,Commercial,MGR014,Fixed Term Contract,Recruitment Consultancy,31,3.7,27300,-0.0664,39.1,0,2,1,0.2
EMP11153,2026-05-30,Business Support Services,Accounts Officer,3,Ahmedabad Water Works,Water,MGR073,Fixed Term Contract,Labour Contractor,32,3.7,42900,0.1102,5.1,1,2,0,0.65
EMP11154,2025-12-13,MEP,Deputy Manager,5,Bengaluru Tech Park,Commercial,MGR119,Permanent,Recruitment Consultancy,33,7.2,83800,-0.0817,30.8,0,4,1,0.2
EMP11155,2021-06-06,Civil Execution,Site Helper,1,Mumbai HO,Corporate,MGR011,Permanent,Labour Contractor,20,2.4,16500,-0.028,12.7,0,1,0,0.05
EMP11156,2023-06-10,Design & Engineering,Design Engineer,4,Mantralaya Redevelopment,Government Building,MGR035,Apprentice / Trainee,Internal Transfer,29,6.9,70600,0.0867,16.0,0,4,1,0.15
EMP11157,2025-08-09,MEP,Site Engineer,3,Ahmedabad Water Works,Water,MGR110,Fixed Term Contract,Recruitment Consultancy,32,4.9,47300,0.0896,14.3,0,3,1,0.65
EMP11158,2026-06-13,EHS,Deputy Manager,5,Nagpur Expressway Pkg-4,Highway,MGR066,Permanent,Employee Referral,42,7.5,83900,-0.0837,5.0,1,4,1,0.85
EMP11159,2024-07-13,MEP,Site Engineer,3,Ahmedabad Water Works,Water,MGR003,Permanent,Employee Referral,33,3.5,40900,-0.0426,4.1,1,3,1,0.65
EMP11160,2020-12-22,Civil Execution,Supervisor,2,Nagpur Expressway Pkg-4,Highway,MGR002,Permanent,Naukri / Job Portal,29,2.3,28600,-0.0403,1.4,1,2,1,0.85
EMP11161,2019-10-23,Civil Execution,Senior Engineer,4,Mantralaya Redevelopment,Government Building,MGR093,Retainer,Employee Referral,30,8.0,61700,-0.092,59.4,0,4,1,0.15
EMP11162,2022-12-04,Business Support Services,Procurement Executive,3,Nagpur Expressway Pkg-4,Highway,MGR021,Permanent,Recruitment Consultancy,40,3.2,45000,-0.037,2.4,1,3,0,0.85
EMP11163,2025-11-15,Civil Execution,Site Engineer,3,Delhi NCR Logistics Hub,Industrial,MGR040,Permanent,Employee Referral,22,3.8,36500,-0.1486,22.0,0,3,1,0.45
EMP11164,2026-07-11,MEP,Deputy Manager,5,Mumbai HO,Corporate,MGR058,Permanent,Naukri / Job Portal,26,6.1,118800,0.3178,28.0,0,4,1,0.05
EMP11165,2023-11-04,Accounts & Finance,Accounts Officer,3,Ahmedabad Water Works,Water,MGR075,Permanent,Naukri / Job Portal,28,3.5,41900,0.0868,71.5,0,2,1,0.65
EMP11166,2026-07-11,HR & Admin,Deputy Manager,5,Pune Metro Reach-3,Metro,MGR110,Permanent,Recruitment Consultancy,39,6.2,99100,0.0981,67.9,0,4,0,0.25
EMP11167,2025-07-12,Civil Execution,Site Helper,1,Delhi NCR Logistics Hub,Industrial,MGR112,Permanent,Labour Contractor,19,1.8,12600,-0.2525,27.4,0,1,0,0.45
EMP11168,2021-08-31,Civil Execution,Supervisor,2,Delhi NCR Logistics Hub,Industrial,MGR080,Fixed Term Contract,Walk-in / Site Gate,19,2.3,39300,0.3188,54.2,0,2,0,0.45
EMP11169,2019-04-23,Planning & Coordination,Planning Engineer,4,Ahmedabad Water Works,Water,MGR066,Fixed Term Contract,Walk-in / Site Gate,38,6.6,41400,-0.3386,19.8,0,4,0,0.65
EMP11170,2021-02-26,Business Support Services,Procurement Executive,3,JNPA WOLP,Port Infrastructure,MGR036,Permanent,Campus Hiring,28,4.1,39500,-0.1634,3.4,0,3,1,0.55
EMP11171,2022-10-20,EHS,Supervisor,2,Bengaluru Tech Park,Commercial,MGR101,Permanent,Naukri / Job Portal,36,4.2,31600,0.0374,11.4,0,2,0,0.2
EMP11172,2023-02-01,Stores & Logistics,Deputy Manager,5,Nagpur Expressway Pkg-4,Highway,MGR061,Permanent,Internal Transfer,45,9.6,98100,0.0472,3.5,1,4,1,0.85
EMP11173,2019-05-27,EHS,Safety Officer,3,JNPA WOLP,Port Infrastructure,MGR048,Permanent,Internal Transfer,20,5.0,38500,-0.0687,63.8,0,3,1,0.55
EMP11174,2026-02-14,Business Support Services,Accounts Officer,3,Ahmedabad Water Works,Water,MGR010,Permanent,Employee Referral,37,4.2,48400,0.2453,2.0,1,2,1,0.65
EMP11175,2024-05-04,Civil Execution,Senior Engineer,4,Ahmedabad Water Works,Water,MGR033,Permanent,Employee Referral,35,5.4,73300,0.1103,28.3,0,4,0,0.65
EMP11176,2024-08-31,HR & Admin,Deputy Manager,5,Mumbai HO,Corporate,MGR088,Apprentice / Trainee,Recruitment Consultancy,39,10.8,78100,-0.1769,19.0,0,4,1,0.05
EMP11177,2025-08-09,Stores & Logistics,Site Helper,1,Ahmedabad Water Works,Water,MGR113,Fixed Term Contract,Walk-in / Site Gate,20,2.1,13400,-0.2078,8.6,0,1,1,0.65
EMP11178,2023-05-13,HR & Admin,HR Executive,3,Ahmedabad Water Works,Water,MGR008,Permanent,Labour Contractor,34,5.5,40100,0.0449,26.2,0,2,0,0.65
EMP11179,2025-11-22,Planning & Coordination,Deputy Manager,5,JNPA WOLP,Port Infrastructure,MGR084,Apprentice / Trainee,Employee Referral,37,7.3,90300,-0.0116,0.5,1,4,1,0.55
EMP11180,2023-12-23,Quality Assurance & Control,Deputy Manager,5,Pune Metro Reach-3,Metro,MGR098,Fixed Term Contract,Naukri / Job Portal,36,7.6,75700,-0.1741,11.8,0,4,1,0.25
EMP11181,2024-11-09,Civil Execution,Junior Engineer,2,Pune Metro Reach-3,Metro,MGR107,Fixed Term Contract,Walk-in / Site Gate,23,4.0,24400,-0.1045,15.3,0,2,0,0.25
EMP11182,2025-07-12,MEP,Senior Engineer,4,Bengaluru Tech Park,Commercial,MGR030,Permanent,Naukri / Job Portal,39,6.1,70100,0.0535,8.1,0,4,0,0.2
EMP11183,2025-03-22,Procurement,Procurement Executive,3,Mumbai HO,Corporate,MGR119,Retainer,Campus Hiring,29,4.0,44900,-0.0479,3.8,0,3,1,0.05
EMP11184,2025-07-19,Business Support Services,HR Executive,3,Bengaluru Tech Park,Commercial,MGR075,Apprentice / Trainee,Employee Referral,34,3.2,20200,-0.45,6.5,0,2,1,0.2
EMP11185,2022-03-20,EHS,Supervisor,2,Delhi NCR Logistics Hub,Industrial,MGR012,Permanent,Recruitment Consultancy,30,3.2,34700,0.1523,42.8,0,2,0,0.45
EMP11186,2021-03-24,Civil Execution,Senior Engineer,4,Pune Metro Reach-3,Metro,MGR036,Fixed Term Contract,Labour Contractor,26,5.2,78000,0.1842,15.5,0,4,1,0.25
EMP11187,2025-05-24,Civil Execution,Junior Engineer,2,Pune Metro Reach-3,Metro,MGR003,Apprentice / Trainee,Labour Contractor,19,3.3,30500,0.1284,23.7,0,2,0,0.25
EMP11188,2020-07-18,HR & Admin,Deputy Manager,5,Nagpur Expressway Pkg-4,Highway,MGR085,Retainer,Employee Referral,37,7.3,82400,-0.0981,3.3,1,4,0,0.85
EMP11189,2025-09-13,Civil Execution,Project Manager,6,Nagpur Expressway Pkg-4,Highway,MGR041,Fixed Term Contract,Naukri / Job Portal,40,8.4,125800,-0.1072,13.9,0,5,1,0.85
EMP11190,2023-04-15,Planning & Coordination,Planning Engineer,4,Mantralaya Redevelopment,Government Building,MGR111,Retainer,Recruitment Consultancy,47,8.7,64100,0.0007,27.9,0,4,0,0.15
EMP11191,2025-05-17,HR & Admin,HR Executive,3,Bengaluru Tech Park,Commercial,MGR070,Apprentice / Trainee,Naukri / Job Portal,25,3.9,24700,-0.3446,10.4,0,2,1,0.2
EMP11192,2026-05-16,Stores & Logistics,Deputy Manager,5,JNPA WOLP,Port Infrastructure,MGR089,Fixed Term Contract,Naukri / Job Portal,37,8.5,99300,0.0727,37.3,0,4,0,0.55
EMP11193,2019-04-04,Accounts & Finance,Deputy Manager,5,JNPA WOLP,Port Infrastructure,MGR064,Fixed Term Contract,Recruitment Consultancy,37,6.1,95300,0.0571,2.5,1,4,0,0.55
EMP11194,2024-06-29,Planning & Coordination,Planning Engineer,4,JNPA WOLP,Port Infrastructure,MGR036,Permanent,Labour Contractor,45,4.7,69800,0.1392,2.1,1,4,0,0.55
EMP11195,2021-12-18,MEP,Deputy Manager,5,Nagpur Expressway Pkg-4,Highway,MGR102,Permanent,Recruitment Consultancy,37,7.4,80100,-0.1242,1.3,1,4,1,0.85
EMP11196,2019-04-24,Civil Execution,Junior Engineer,2,Nagpur Expressway Pkg-4,Highway,MGR105,Fixed Term Contract,Employee Referral,31,2.3,28500,0.0667,3.5,1,2,1,0.85
EMP11197,2022-07-11,Planning & Coordination,Planning Engineer,4,Delhi NCR Logistics Hub,Industrial,MGR040,Permanent,Recruitment Consultancy,28,5.5,65500,0.0594,2.4,1,4,1,0.45
EMP11198,2024-02-17,Business Support Services,Procurement Executive,3,Bengaluru Tech Park,Commercial,MGR060,Permanent,Employee Referral,37,4.8,46500,-0.0229,1.0,0,3,1,0.2
EMP11199,2024-04-27,Civil Execution,Project Manager,6,JNPA WOLP,Port Infrastructure,MGR107,Apprentice / Trainee,Internal Transfer,33,8.0,157500,0.1227,2.6,1,5,1,0.55
EMP11200,2022-04-13,MEP,Site Engineer,3,JNPA WOLP,Port Infrastructure,MGR090,Apprentice / Trainee,Naukri / Job Portal,35,3.4,34900,-0.1821,1.3,1,3,1,0.55
EMP11201,2019-04-06,Stores & Logistics,Store Officer,2,Mantralaya Redevelopment,Government Building,MGR102,Permanent,Naukri / Job Portal,19,2.3,30200,0.0496,10.6,0,2,0,0.15
EMP11202,2024-03-30,Planning & Coordination,Senior Engineer,4,Mantralaya Redevelopment,Government Building,MGR021,Fixed Term Contract,Labour Contractor,32,4.7,71700,0.0947,21.1,0,4,0,0.15
EMP11203,2021-06-22,EHS,Deputy Manager,5,Delhi NCR Logistics Hub,Industrial,MGR057,Permanent,Employee Referral,26,6.2,86800,-0.0382,2.1,1,4,1,0.45
EMP11204,2025-07-19,MEP,Senior Engineer,4,Ahmedabad Water Works,Water,MGR102,Permanent,Recruitment Consultancy,32,4.9,68600,0.045,12.1,1,4,1,0.65
EMP11205,2023-09-09,MEP,Junior Engineer,2,Delhi NCR Logistics Hub,Industrial,MGR083,Fixed Term Contract,Employee Referral,27,4.5,28100,0.0254,4.1,1,2,1,0.45
EMP11206,2025-04-12,HR & Admin,HR Executive,3,Ahmedabad Water Works,Water,MGR119,Fixed Term Contract,Naukri / Job Portal,24,3.6,39200,0.0438,10.0,0,2,0,0.65
EMP11207,2026-06-13,Quality Assurance & Control,QA/QC Engineer,3,Bengaluru Tech Park,Commercial,MGR112,Fixed Term Contract,Recruitment Consultancy,30,5.6,50800,0.0818,19.8,0,3,1,0.2
EMP11208,2024-02-03,Design & Engineering,Senior Engineer,4,Delhi NCR Logistics Hub,Industrial,MGR100,Fixed Term Contract,Recruitment Consultancy,43,5.1,66200,0.0062,19.7,0,4,0,0.45
EMP11209,2024-10-12,Planning & Coordination,Senior Engineer,4,Mantralaya Redevelopment,Government Building,MGR014,Fixed Term Contract,Recruitment Consultancy,19,10.0,67000,-0.0351,14.9,0,4,0,0.15
EMP11210,2022-02-18,Planning & Coordination,Planning Engineer,4,Nagpur Expressway Pkg-4,Highway,MGR018,Fixed Term Contract,Employee Referral,44,4.8,50400,-0.1784,3.0,1,4,1,0.85
EMP11211,2025-10-11,Planning & Coordination,Deputy Manager,5,Ahmedabad Water Works,Water,MGR052,Fixed Term Contract,Naukri / Job Portal,38,7.8,87500,-0.0475,1.7,1,4,0,0.65
EMP11212,2024-10-05,Design & Engineering,Design Engineer,4,Mumbai HO,Corporate,MGR100,Permanent,Naukri / Job Portal,44,4.7,65600,0.035,26.7,0,4,0,0.05
EMP11213,2023-10-28,Business Support Services,Procurement Executive,3,Mumbai HO,Corporate,MGR030,Fixed Term Contract,Labour Contractor,27,4.0,41800,-0.1137,16.6,0,3,0,0.05
EMP11214,2025-08-23,Planning & Coordination,Planning Engineer,4,Mantralaya Redevelopment,Government Building,MGR053,Permanent,Labour Contractor,31,4.7,68400,0.1163,16.9,0,4,0,0.15
EMP11215,2022-10-27,Civil Execution,Supervisor,2,Ahmedabad Water Works,Water,MGR099,Fixed Term Contract,Labour Contractor,30,4.5,31600,0.0338,7.6,1,2,0,0.65
EMP11216,2021-07-23,Business Support Services,HR Executive,3,Mumbai HO,Corporate,MGR007,Fixed Term Contract,Employee Referral,32,6.2,39900,0.0316,4.8,0,2,1,0.05
EMP11217,2026-02-14,Design & Engineering,Deputy Manager,5,Mantralaya Redevelopment,Government Building,MGR092,Fixed Term Contract,Recruitment Consultancy,44,7.1,91600,0.0049,5.7,0,4,0,0.15
EMP11218,2023-12-30,Civil Execution,Construction Manager,5,Nagpur Expressway Pkg-4,Highway,MGR072,Permanent,Recruitment Consultancy,49,6.6,123300,0.1901,2.0,1,5,1,0.85
EMP11219,2026-07-04,Quality Assurance & Control,QA/QC Engineer,3,Mantralaya Redevelopment,Government Building,MGR013,Permanent,Employee Referral,34,3.4,43000,-0.061,2.1,0,3,1,0.15
EMP11220,2021-07-02,HR & Admin,HR Executive,3,Bengaluru Tech Park,Commercial,MGR056,Permanent,Campus Hiring,32,4.5,45000,0.186,23.1,0,2,1,0.2
EMP11221,2026-02-07,Design & Engineering,Deputy Manager,5,JNPA WOLP,Port Infrastructure,MGR011,Permanent,Employee Referral,41,8.2,105400,0.1424,73.1,0,4,1,0.55
EMP11222,2022-12-27,Procurement,Deputy Manager,5,Mumbai HO,Corporate,MGR045,Fixed Term Contract,Naukri / Job Portal,38,6.7,114100,0.2573,8.3,0,4,1,0.05
EMP11223,2025-05-10,Planning & Coordination,Deputy Manager,5,Pune Metro Reach-3,Metro,MGR091,Fixed Term Contract,Naukri / Job Portal,51,6.9,90700,-0.0028,10.1,0,4,0,0.25
EMP11224,2024-11-30,MEP,Senior Engineer,4,JNPA WOLP,Port Infrastructure,MGR021,Fixed Term Contract,Internal Transfer,26,6.1,80500,0.2098,2.0,1,4,1,0.55
EMP11225,2025-08-09,Civil Execution,Project Manager,6,Ahmedabad Water Works,Water,MGR011,Fixed Term Contract,Recruitment Consultancy,47,10.0,144700,0.0093,20.1,0,5,1,0.65
EMP11226,2026-06-27,MEP,Site Engineer,3,JNPA WOLP,Port Infrastructure,MGR003,Fixed Term Contract,Recruitment Consultancy,29,3.1,34800,-0.1817,10.1,0,3,0,0.55
EMP11227,2020-09-09,Accounts & Finance,Deputy Manager,5,Mumbai HO,Corporate,MGR050,Permanent,Employee Referral,37,6.6,61600,-0.3205,16.4,0,4,1,0.05
EMP11228,2025-09-27,Stores & Logistics,Deputy Manager,5,Mumbai HO,Corporate,MGR081,Permanent,Recruitment Consultancy,42,10.4,92500,-0.021,3.7,0,4,1,0.05
EMP11229,2025-10-25,HR & Admin,Deputy Manager,5,Mumbai HO,Corporate,MGR010,Retainer,Recruitment Consultancy,38,6.2,90500,0.0028,15.8,0,4,1,0.05
EMP11230,2023-12-30,Planning & Coordination,Senior Engineer,4,Nagpur Expressway Pkg-4,Highway,MGR056,Permanent,Walk-in / Site Gate,27,6.4,69000,0.0335,2.4,1,4,0,0.85
EMP11231,2021-02-06,Planning & Coordination,Deputy Manager,5,Bengaluru Tech Park,Commercial,MGR020,Permanent,Recruitment Consultancy,44,7.4,96800,0.0584,19.5,0,4,1,0.2
EMP11232,2025-08-16,Civil Execution,Senior Engineer,4,JNPA WOLP,Port Infrastructure,MGR057,Fixed Term Contract,Employee Referral,36,5.6,67300,0.0171,2.7,1,4,1,0.55
EMP11233,2020-01-05,Design & Engineering,Deputy Manager,5,Bengaluru Tech Park,Commercial,MGR066,Apprentice / Trainee,Recruitment Consultancy,36,10.1,94800,0.0066,7.0,0,4,1,0.2
EMP11234,2026-07-18,Civil Execution,Senior Engineer,4,Bengaluru Tech Park,Commercial,MGR105,Fixed Term Contract,Employee Referral,35,8.6,76500,0.1184,7.8,0,4,1,0.2
EMP11235,2024-03-30,Stores & Logistics,Site Helper,1,JNPA WOLP,Port Infrastructure,MGR055,Permanent,Walk-in / Site Gate,29,2.0,18700,0.1068,1.8,1,1,0,0.55
EMP11236,2024-10-19,Civil Execution,Junior Engineer,2,Nagpur Expressway Pkg-4,Highway,MGR052,Fixed Term Contract,Naukri / Job Portal,20,3.3,23400,-0.1343,4.9,1,2,1,0.85
EMP11237,2020-02-27,Planning & Coordination,Deputy Manager,5,Ahmedabad Water Works,Water,MGR117,Fixed Term Contract,Recruitment Consultancy,32,7.0,107100,0.1762,3.2,1,4,1,0.65
EMP11238,2023-11-04,Civil Execution,Construction Manager,5,Pune Metro Reach-3,Metro,MGR053,Permanent,Naukri / Job Portal,30,6.1,87700,-0.1488,3.2,0,5,1,0.25
EMP11239,2024-11-02,Accounts & Finance,Accounts Officer,3,Pune Metro Reach-3,Metro,MGR100,Fixed Term Contract,Recruitment Consultancy,30,3.8,36900,-0.0462,17.1,0,2,0,0.25
EMP11240,2026-06-06,Procurement,Deputy Manager,5,Bengaluru Tech Park,Commercial,MGR119,Fixed Term Contract,Employee Referral,37,7.3,83000,-0.0915,3.4,0,4,1,0.2
EMP11241,2020-01-25,Procurement,Procurement Executive,3,Mantralaya Redevelopment,Government Building,MGR042,Fixed Term Contract,Recruitment Consultancy,49,3.9,56100,0.1909,2.4,0,3,0,0.15
EMP11242,2021-06-01,Civil Execution,Supervisor,2,Bengaluru Tech Park,Commercial,MGR039,Fixed Term Contract,Walk-in / Site Gate,41,3.2,28800,-0.0436,11.9,0,2,0,0.2
EMP11243,2023-11-25,Procurement,Deputy Manager,5,Mumbai HO,Corporate,MGR036,Fixed Term Contract,Employee Referral,47,8.4,96700,0.0458,3.6,0,4,0,0.05
EMP11244,2026-03-21,MEP,Deputy Manager,5,Bengaluru Tech Park,Commercial,MGR015,Fixed Term Contract,Recruitment Consultancy,41,9.3,109600,0.1738,4.8,0,4,1,0.2
EMP11245,2024-12-07,Business Support Services,HR Executive,3,Mumbai HO,Corporate,MGR055,Apprentice / Trainee,Labour Contractor,25,4.8,35100,-0.0781,9.1,0,2,0,0.05
EMP11246,2019-09-13,Stores & Logistics,Deputy Manager,5,Mantralaya Redevelopment,Government Building,MGR019,Permanent,Employee Referral,48,7.7,82400,-0.102,12.0,0,4,1,0.15
EMP11247,2024-07-20,Civil Execution,Site Helper,1,Delhi NCR Logistics Hub,Industrial,MGR020,Fixed Term Contract,Labour Contractor,19,0.1,17100,0.0351,1.0,1,1,0,0.45
EMP11248,2020-08-06,Accounts & Finance,Deputy Manager,5,Pune Metro Reach-3,Metro,MGR070,Permanent,Recruitment Consultancy,40,7.7,101300,0.1039,41.3,0,4,1,0.25
EMP11249,2025-12-06,Planning & Coordination,Planning Engineer,4,Nagpur Expressway Pkg-4,Highway,MGR101,Permanent,Internal Transfer,32,5.0,50400,-0.1802,30.8,0,4,1,0.85
EMP11250,2026-01-24,EHS,Supervisor,2,Bengaluru Tech Park,Commercial,MGR103,Fixed Term Contract,Recruitment Consultancy,25,2.5,30700,0.0278,3.0,0,2,1,0.2
EMP11251,2020-05-21,Business Support Services,Procurement Executive,3,Ahmedabad Water Works,Water,MGR055,Permanent,Recruitment Consultancy,20,9.5,54800,0.0932,2.1,1,3,0,0.65
EMP11252,2023-06-03,Stores & Logistics,Site Helper,1,Nagpur Expressway Pkg-4,Highway,MGR086,Permanent,Labour Contractor,30,1.0,13700,-0.1795,6.0,1,1,0,0.85
EMP11253,2022-05-06,Stores & Logistics,Supervisor,2,Nagpur Expressway Pkg-4,Highway,MGR084,Permanent,Employee Referral,23,1.8,31300,0.0565,0.5,1,2,0,0.85
EMP11254,2022-05-06,Civil Execution,Project Manager,6,Nagpur Expressway Pkg-4,Highway,MGR090,Permanent,Recruitment Consultancy,36,8.0,158600,0.1305,1.8,1,5,0,0.85
EMP11255,2021-02-03,Procurement,Procurement Executive,3,Mumbai HO,Corporate,MGR054,Permanent,Walk-in / Site Gate,33,5.7,57500,0.196,2.3,0,3,1,0.05
EMP11256,2025-12-20,Civil Execution,Senior Engineer,4,Mantralaya Redevelopment,Government Building,MGR021,Retainer,Naukri / Job Portal,33,6.1,72600,0.0911,12.4,0,4,0,0.15
EMP11257,2023-11-11,HR & Admin,HR Executive,3,Mumbai HO,Corporate,MGR074,Fixed Term Contract,Employee Referral,21,7.1,42000,0.0751,35.3,0,2,1,0.05
EMP11258,2020-06-07,Civil Execution,Supervisor,2,Nagpur Expressway Pkg-4,Highway,MGR041,Fixed Term Contract,Employee Referral,28,2.6,28500,-0.047,1.9,1,2,1,0.85
EMP11259,2024-12-07,Design & Engineering,Deputy Manager,5,Mantralaya Redevelopment,Government Building,MGR045,Permanent,Employee Referral,38,8.0,95500,0.0373,8.8,0,4,1,0.15
EMP11260,2026-04-04,Planning & Coordination,Planning Engineer,4,Nagpur Expressway Pkg-4,Highway,MGR051,Fixed Term Contract,Employee Referral,41,7.3,45600,-0.2771,1.7,1,4,1,0.85
EMP11261,2023-09-30,HR & Admin,Deputy Manager,5,Mumbai HO,Corporate,MGR083,Fixed Term Contract,Recruitment Consultancy,41,8.7,91400,-0.0148,3.7,0,4,1,0.05
EMP11262,2026-08-01,Civil Execution,Senior Engineer,4,Bengaluru Tech Park,Commercial,MGR051,Permanent,Labour Contractor,39,5.2,54700,-0.1696,5.6,0,4,0,0.2
EMP11263,2023-09-23,Stores & Logistics,Store Officer,2,Nagpur Expressway Pkg-4,Highway,MGR092,Permanent,Campus Hiring,39,3.9,30600,0.044,0.5,1,2,0,0.85
EMP11264,2023-10-07,Accounts & Finance,Accounts Officer,3,Pune Metro Reach-3,Metro,MGR013,Permanent,Naukri / Job Portal,34,3.9,39500,0.0198,14.3,0,2,1,0.25
EMP11265,2026-07-11,MEP,Site Engineer,3,Ahmedabad Water Works,Water,MGR021,Permanent,Labour Contractor,25,3.9,31500,-0.2661,2.7,1,3,0,0.65
EMP11266,2019-12-02,Civil Execution,Junior Engineer,2,Ahmedabad Water Works,Water,MGR095,Fixed Term Contract,Recruitment Consultancy,29,1.9,26800,0.0078,7.5,0,2,1,0.65
EMP11267,2021-03-08,Design & Engineering,Deputy Manager,5,Ahmedabad Water Works,Water,MGR116,Fixed Term Contract,Employee Referral,43,6.8,100100,0.1018,8.0,1,4,1,0.65
EMP11268,2022-11-26,EHS,Supervisor,2,Bengaluru Tech Park,Commercial,MGR023,Permanent,Recruitment Consultancy,39,2.9,30700,0.023,34.4,0,2,0,0.2
EMP11269,2023-11-11,Quality Assurance & Control,Junior Engineer,2,JNPA WOLP,Port Infrastructure,MGR056,Fixed Term Contract,Employee Referral,20,3.2,22400,-0.1703,1.0,1,2,1,0.55
EMP11270,2024-12-28,EHS,Safety Officer,3,Ahmedabad Water Works,Water,MGR040,Permanent,Employee Referral,28,4.4,48600,0.1837,1.7,1,3,1,0.65
EMP11271,2026-06-20,Accounts & Finance,Accounts Officer,3,Ahmedabad Water Works,Water,MGR091,Permanent,Employee Referral,23,3.2,32500,-0.1541,19.4,0,2,0,0.65
EMP11272,2023-05-06,Procurement,Deputy Manager,5,Ahmedabad Water Works,Water,MGR062,Fixed Term Contract,Recruitment Consultancy,39,8.3,108300,0.1725,9.7,0,4,1,0.65
EMP11273,2020-03-09,Civil Execution,Project Manager,6,Pune Metro Reach-3,Metro,MGR046,Permanent,Naukri / Job Portal,48,8.6,167300,0.1848,5.0,0,5,0,0.25
EMP11274,2026-02-28,Design & Engineering,Design Engineer,4,Delhi NCR Logistics Hub,Industrial,MGR038,Permanent,Walk-in / Site Gate,46,4.9,60300,-0.0508,2.8,1,4,0,0.45
EMP11275,2025-07-19,Civil Execution,Site Engineer,3,Bengaluru Tech Park,Commercial,MGR063,Fixed Term Contract,Walk-in / Site Gate,32,3.5,41700,-0.0239,26.2,0,3,1,0.2
EMP11276,2025-01-04,Civil Execution,Site Helper,1,Ahmedabad Water Works,Water,MGR092,Permanent,Walk-in / Site Gate,29,0.1,16700,0.0109,5.0,0,1,0,0.65
EMP11277,2026-06-06,Civil Execution,Site Helper,1,Delhi NCR Logistics Hub,Industrial,MGR003,Permanent,Employee Referral,34,0.1,13900,-0.1586,20.0,0,1,1,0.45
EMP11278,2026-01-10,Accounts & Finance,Accounts Officer,3,Mumbai HO,Corporate,MGR036,Permanent,Labour Contractor,29,7.3,35500,-0.1178,24.5,0,2,0,0.05
EMP11279,2024-03-09,MEP,Junior Engineer,2,Bengaluru Tech Park,Commercial,MGR106,Retainer,Recruitment Consultancy,25,4.5,20300,-0.2592,19.5,0,2,0,0.2
EMP11280,2024-07-27,Civil Execution,Site Engineer,3,Delhi NCR Logistics Hub,Industrial,MGR071,Fixed Term Contract,Naukri / Job Portal,46,5.3,37800,-0.1332,3.6,1,3,1,0.45
EMP11281,2019-12-14,Stores & Logistics,Store Officer,2,JNPA WOLP,Port Infrastructure,MGR069,Fixed Term Contract,Employee Referral,28,2.2,32300,0.1239,3.2,1,2,0,0.55
EMP11282,2021-09-23,Procurement,Procurement Executive,3,Mumbai HO,Corporate,MGR048,Permanent,Labour Contractor,42,4.2,45800,-0.0311,2.4,0,3,0,0.05
EMP11283,2019-12-10,MEP,Senior Engineer,4,Delhi NCR Logistics Hub,Industrial,MGR032,Permanent,Naukri / Job Portal,33,6.1,82300,0.2369,0.8,1,4,1,0.45
EMP11284,2025-04-26,Quality Assurance & Control,Deputy Manager,5,Pune Metro Reach-3,Metro,MGR060,Permanent,Internal Transfer,39,7.1,99200,0.0882,8.4,0,4,1,0.25
EMP11285,2019-08-30,MEP,Deputy Manager,5,JNPA WOLP,Port Infrastructure,MGR084,Permanent,Employee Referral,31,9.6,93100,-0.0062,8.4,1,4,1,0.55
EMP11286,2025-05-17,Business Support Services,HR Executive,3,Mumbai HO,Corporate,MGR062,Apprentice / Trainee,Naukri / Job Portal,33,4.5,36100,-0.0486,4.6,0,2,1,0.05
EMP11287,2020-10-24,Business Support Services,Accounts Officer,3,Pune Metro Reach-3,Metro,MGR052,Permanent,Employee Referral,34,4.7,34200,-0.125,35.7,0,2,1,0.25
EMP11288,2024-10-26,HR & Admin,HR Executive,3,Pune Metro Reach-3,Metro,MGR083,Retainer,Walk-in / Site Gate,25,3.6,28700,-0.2358,6.7,0,2,1,0.25
EMP11289,2020-04-23,Planning & Coordination,Senior Engineer,4,Delhi NCR Logistics Hub,Industrial,MGR086,Permanent,Campus Hiring,26,5.0,65200,-0.0079,12.3,0,4,0,0.45
EMP11290,2025-09-06,MEP,Junior Engineer,2,JNPA WOLP,Port Infrastructure,MGR115,Fixed Term Contract,Naukri / Job Portal,22,3.2,29100,0.0778,7.7,1,2,1,0.55
EMP11291,2026-07-25,Accounts & Finance,Deputy Manager,5,Nagpur Expressway Pkg-4,Highway,MGR119,Permanent,Recruitment Consultancy,32,6.5,74900,-0.1729,4.8,1,4,0,0.85
EMP11292,2023-04-29,Procurement,Procurement Executive,3,Pune Metro Reach-3,Metro,MGR037,Fixed Term Contract,Naukri / Job Portal,41,4.0,51800,0.0984,10.3,0,3,1,0.25
EMP11293,2020-04-20,Stores & Logistics,Deputy Manager,5,Pune Metro Reach-3,Metro,MGR053,Permanent,Naukri / Job Portal,34,7.5,93800,0.0245,21.8,0,4,0,0.25
EMP11294,2021-10-25,MEP,Junior Engineer,2,Pune Metro Reach-3,Metro,MGR009,Fixed Term Contract,Naukri / Job Portal,30,2.4,29000,0.0842,18.3,0,2,1,0.25
EMP11295,2024-10-26,Planning & Coordination,Planning Engineer,4,Pune Metro Reach-3,Metro,MGR035,Permanent,Naukri / Job Portal,31,5.7,57000,-0.0802,42.4,0,4,1,0.25
EMP11296,2019-06-13,Business Support Services,Accounts Officer,3,Ahmedabad Water Works,Water,MGR055,Permanent,Naukri / Job Portal,36,4.3,41500,0.0666,9.9,1,2,0,0.65
EMP11297,2021-05-24,Accounts & Finance,Deputy Manager,5,Mantralaya Redevelopment,Government Building,MGR118,Permanent,Employee Referral,40,8.5,84100,-0.0915,9.0,0,4,1,0.15
EMP11298,2023-06-10,Accounts & Finance,Accounts Officer,3,JNPA WOLP,Port Infrastructure,MGR033,Permanent,Campus Hiring,31,3.5,45300,0.175,4.5,1,2,0,0.55
EMP11299,2026-01-17,HR & Admin,Deputy Manager,5,Nagpur Expressway Pkg-4,Highway,MGR072,Apprentice / Trainee,Naukri / Job Portal,40,6.8,88800,-0.0226,0.9,1,4,0,0.85
EMP11300,2024-08-10,Business Support Services,Accounts Officer,3,Mumbai HO,Corporate,MGR044,Permanent,Walk-in / Site Gate,40,3.6,37100,-0.0388,14.7,0,2,0,0.05
EMP11301,2021-06-30,MEP,Junior Engineer,2,Delhi NCR Logistics Hub,Industrial,MGR030,Permanent,Recruitment Consultancy,28,2.2,30000,0.1242,2.7,1,2,0,0.45
EMP11302,2025-08-02,Accounts & Finance,Accounts Officer,3,Mumbai HO,Corporate,MGR036,Permanent,Labour Contractor,30,4.3,34000,-0.1262,19.5,0,2,0,0.05
EMP11303,2023-12-09,Planning & Coordination,Deputy Manager,5,Delhi NCR Logistics Hub,Industrial,MGR039,Permanent,Recruitment Consultancy,42,10.4,95200,0.0076,6.4,1,4,0,0.45
EMP11304,2025-11-15,Business Support Services,Procurement Executive,3,Mumbai HO,Corporate,MGR108,Retainer,Naukri / Job Portal,28,3.6,46900,-0.0009,28.5,0,3,0,0.05
EMP11305,2021-04-29,Accounts & Finance,Accounts Officer,3,Pune Metro Reach-3,Metro,MGR095,Permanent,Walk-in / Site Gate,35,6.5,41300,0.0355,34.2,0,2,0,0.25
EMP11306,2024-11-16,Planning & Coordination,Deputy Manager,5,Mantralaya Redevelopment,Government Building,MGR076,Permanent,Internal Transfer,41,7.8,90800,-0.0116,8.4,0,4,1,0.15
EMP11307,2025-12-13,Stores & Logistics,Supervisor,2,JNPA WOLP,Port Infrastructure,MGR022,Fixed Term Contract,Recruitment Consultancy,22,2.7,33100,0.1056,2.4,1,2,0,0.55
EMP11308,2024-01-27,Stores & Logistics,Store Officer,2,JNPA WOLP,Port Infrastructure,MGR060,Permanent,Recruitment Consultancy,28,3.0,28700,-0.0106,0.5,1,2,1,0.55
EMP11309,2021-02-25,Accounts & Finance,Deputy Manager,5,Mumbai HO,Corporate,MGR010,Fixed Term Contract,Recruitment Consultancy,40,7.7,89600,-0.0236,6.8,0,4,0,0.05
EMP11310,2026-02-14,Quality Assurance & Control,Junior Engineer,2,Pune Metro Reach-3,Metro,MGR023,Permanent,Employee Referral,26,2.3,23400,-0.1242,27.8,0,2,1,0.25
EMP11311,2026-07-04,Stores & Logistics,Store Officer,2,Delhi NCR Logistics Hub,Industrial,MGR057,Fixed Term Contract,Labour Contractor,22,3.4,25300,-0.1318,3.3,1,2,0,0.45
EMP11312,2023-04-29,Planning & Coordination,Senior Engineer,4,Bengaluru Tech Park,Commercial,MGR107,Permanent,Labour Contractor,29,4.7,58400,-0.1084,2.9,0,4,0,0.2
EMP11313,2022-11-17,Planning & Coordination,Senior Engineer,4,Pune Metro Reach-3,Metro,MGR039,Permanent,Internal Transfer,35,4.8,58500,-0.1078,20.0,0,4,1,0.25
EMP11314,2019-08-21,Planning & Coordination,Deputy Manager,5,Delhi NCR Logistics Hub,Industrial,MGR037,Permanent,Employee Referral,30,7.4,84900,-0.0717,42.9,0,4,1,0.45
EMP11315,2022-08-23,Civil Execution,Construction Manager,5,Nagpur Expressway Pkg-4,Highway,MGR056,Permanent,Internal Transfer,32,7.3,74000,-0.2913,7.2,1,5,1,0.85
EMP11316,2023-01-11,Planning & Coordination,Senior Engineer,4,Delhi NCR Logistics Hub,Industrial,MGR028,Fixed Term Contract,Employee Referral,28,4.8,61600,-0.0606,29.2,0,4,1,0.45
EMP11317,2023-11-18,Procurement,Deputy Manager,5,Mantralaya Redevelopment,Government Building,MGR035,Apprentice / Trainee,Recruitment Consultancy,38,6.4,71400,-0.2106,21.3,0,4,1,0.15
EMP11318,2021-12-20,Civil Execution,Construction Manager,5,Pune Metro Reach-3,Metro,MGR060,Fixed Term Contract,Naukri / Job Portal,41,8.2,109000,0.0337,12.4,0,5,1,0.25
EMP11319,2026-08-01,EHS,Deputy Manager,5,Bengaluru Tech Park,Commercial,MGR013,Fixed Term Contract,Employee Referral,28,7.0,93900,0.0312,22.2,0,4,1,0.2
EMP11320,2024-03-02,Accounts & Finance,Deputy Manager,5,Mantralaya Redevelopment,Government Building,MGR018,Permanent,Recruitment Consultancy,45,7.9,106400,0.157,8.2,0,4,1,0.15
EMP11321,2025-07-12,Planning & Coordination,Deputy Manager,5,JNPA WOLP,Port Infrastructure,MGR065,Fixed Term Contract,Employee Referral,45,6.2,81600,-0.0958,3.9,1,4,1,0.55
EMP11322,2024-02-17,Civil Execution,Site Engineer,3,Mantralaya Redevelopment,Government Building,MGR069,Fixed Term Contract,Internal Transfer,23,4.1,40600,-0.0562,22.9,0,3,1,0.15
EMP11323,2024-02-10,Accounts & Finance,Deputy Manager,5,Delhi NCR Logistics Hub,Industrial,MGR024,Fixed Term Contract,Employee Referral,36,9.7,92600,-0.0126,59.4,0,4,1,0.45
EMP11324,2025-01-04,Civil Execution,Senior Engineer,4,Bengaluru Tech Park,Commercial,MGR083,Retainer,Internal Transfer,30,6.5,52900,-0.2085,18.0,0,4,1,0.2
EMP11325,2026-05-23,Civil Execution,Site Helper,1,Ahmedabad Water Works,Water,MGR086,Permanent,Labour Contractor,33,4.9,18700,0.0704,1.6,1,1,0,0.65
EMP11326,2023-11-04,EHS,Safety Officer,3,Bengaluru Tech Park,Commercial,MGR096,Permanent,Labour Contractor,33,4.3,46500,0.1338,11.1,0,3,0,0.2
EMP11327,2023-04-22,Civil Execution,Site Engineer,3,Bengaluru Tech Park,Commercial,MGR024,Retainer,Recruitment Consultancy,28,3.8,48400,0.129,10.7,0,3,0,0.2
EMP11328,2024-06-22,Planning & Coordination,Deputy Manager,5,Ahmedabad Water Works,Water,MGR073,Permanent,Naukri / Job Portal,45,8.3,88600,-0.0408,0.5,1,4,1,0.65
EMP11329,2021-01-04,Business Support Services,Accounts Officer,3,Mantralaya Redevelopment,Government Building,MGR079,Permanent,Employee Referral,39,5.3,34300,-0.1284,13.9,0,2,1,0.15
EMP11330,2025-11-15,Stores & Logistics,Store Officer,2,Bengaluru Tech Park,Commercial,MGR046,Fixed Term Contract,Recruitment Consultancy,19,2.9,29400,0.0147,19.3,0,2,1,0.2
EMP11331,2025-08-30,Civil Execution,Project Manager,6,Ahmedabad Water Works,Water,MGR037,Fixed Term Contract,Internal Transfer,43,10.0,134000,-0.0653,10.7,0,5,1,0.65
EMP11332,2025-08-23,Civil Execution,Construction Manager,5,Ahmedabad Water Works,Water,MGR027,Permanent,Employee Referral,27,6.9,96600,-0.0707,34.0,0,5,1,0.65
EMP11333,2022-12-08,Stores & Logistics,Deputy Manager,5,Pune Metro Reach-3,Metro,MGR106,Permanent,Naukri / Job Portal,30,11.3,73700,-0.2274,8.7,0,4,0,0.25
EMP11334,2022-10-20,Civil Execution,Project Manager,6,Bengaluru Tech Park,Commercial,MGR113,Permanent,Employee Referral,35,7.6,133900,-0.0413,14.0,0,5,1,0.2
EMP11335,2025-12-06,Civil Execution,Project Manager,6,Bengaluru Tech Park,Commercial,MGR076,Permanent,Recruitment Consultancy,38,9.5,151700,0.0639,19.4,0,5,0,0.2
EMP11336,2024-11-09,HR & Admin,Deputy Manager,5,Nagpur Expressway Pkg-4,Highway,MGR115,Permanent,Employee Referral,38,6.6,110600,0.22,6.6,1,4,1,0.85
EMP11337,2020-07-15,Accounts & Finance,Deputy Manager,5,Ahmedabad Water Works,Water,MGR086,Fixed Term Contract,Employee Referral,31,6.3,101600,0.1245,4.4,1,4,1,0.65
EMP11338,2022-02-10,Stores & Logistics,Supervisor,2,Pune Metro Reach-3,Metro,MGR058,Fixed Term Contract,Naukri / Job Portal,31,2.4,21000,-0.2961,39.9,0,2,0,0.25
EMP11339,2019-10-20,Quality Assurance & Control,QA/QC Engineer,3,Bengaluru Tech Park,Commercial,MGR040,Permanent,Naukri / Job Portal,26,6.1,44000,-0.0682,1.4,0,3,1,0.2
EMP11340,2022-08-11,MEP,Senior Engineer,4,Nagpur Expressway Pkg-4,Highway,MGR116,Permanent,Recruitment Consultancy,34,6.4,72800,0.0904,13.2,0,4,0,0.85
EMP11341,2025-08-23,Civil Execution,Junior Engineer,2,Nagpur Expressway Pkg-4,Highway,MGR057,Fixed Term Contract,Naukri / Job Portal,31,3.3,26200,-0.0307,3.0,1,2,0,0.85
EMP11342,2026-03-07,Civil Execution,Project Manager,6,Mantralaya Redevelopment,Government Building,MGR032,Permanent,Naukri / Job Portal,43,9.6,140600,-0.015,20.6,0,5,1,0.15
EMP11343,2025-05-10,Quality Assurance & Control,Deputy Manager,5,Pune Metro Reach-3,Metro,MGR090,Fixed Term Contract,Recruitment Consultancy,40,6.2,73400,-0.1867,10.6,0,4,1,0.25
EMP11344,2022-05-31,Business Support Services,Procurement Executive,3,Delhi NCR Logistics Hub,Industrial,MGR092,Permanent,Internal Transfer,20,4.6,40500,-0.1471,1.0,1,3,1,0.45
EMP11345,2019-09-19,Civil Execution,Site Helper,1,Delhi NCR Logistics Hub,Industrial,MGR005,Fixed Term Contract,Walk-in / Site Gate,21,7.0,19000,0.0623,29.4,0,1,0,0.45
EMP11346,2019-10-12,Planning & Coordination,Deputy Manager,5,Nagpur Expressway Pkg-4,Highway,MGR069,Permanent,Recruitment Consultancy,30,8.0,79100,-0.1408,10.4,1,4,1,0.85
EMP11347,2023-11-25,Design & Engineering,Design Engineer,4,Mumbai HO,Corporate,MGR108,Permanent,Labour Contractor,29,5.6,52500,-0.1801,18.5,0,4,0,0.05
EMP11348,2022-09-15,Business Support Services,Accounts Officer,3,Nagpur Expressway Pkg-4,Highway,MGR117,Permanent,Naukri / Job Portal,29,4.6,44600,0.1423,3.3,1,2,1,0.85
EMP11349,2021-12-07,Business Support Services,Accounts Officer,3,Ahmedabad Water Works,Water,MGR013,Permanent,Naukri / Job Portal,21,4.5,37800,-0.0307,40.7,0,2,0,0.65
EMP11350,2023-11-04,Civil Execution,Site Engineer,3,Delhi NCR Logistics Hub,Industrial,MGR091,Permanent,Campus Hiring,28,3.3,46500,0.0909,2.3,1,3,1,0.45
EMP11351,2025-04-12,EHS,Safety Officer,3,Bengaluru Tech Park,Commercial,MGR090,Permanent,Employee Referral,30,5.1,40400,-0.0238,13.8,0,3,0,0.2
EMP11352,2022-09-29,Procurement,Procurement Executive,3,Delhi NCR Logistics Hub,Industrial,MGR107,Permanent,Labour Contractor,41,5.6,45900,-0.0442,1.1,1,3,0,0.45
EMP11353,2025-05-10,Accounts & Finance,Accounts Officer,3,Ahmedabad Water Works,Water,MGR029,Apprentice / Trainee,Employee Referral,40,4.0,44200,0.1399,2.0,1,2,1,0.65
EMP11354,2025-05-31,Business Support Services,HR Executive,3,Nagpur Expressway Pkg-4,Highway,MGR074,Permanent,Employee Referral,43,6.8,36400,-0.0652,1.9,1,2,1,0.85
EMP11355,2019-10-26,Civil Execution,Construction Manager,5,Mumbai HO,Corporate,MGR072,Permanent,Naukri / Job Portal,34,6.5,101600,-0.0182,2.4,0,5,1,0.05
EMP11356,2023-12-16,Stores & Logistics,Store Officer,2,Mantralaya Redevelopment,Government Building,MGR050,Fixed Term Contract,Recruitment Consultancy,33,3.8,31600,0.0794,2.9,0,2,1,0.15
EMP11357,2019-09-13,EHS,Deputy Manager,5,JNPA WOLP,Port Infrastructure,MGR039,Fixed Term Contract,Recruitment Consultancy,27,7.2,111300,0.2196,4.0,1,4,1,0.55
EMP11358,2025-07-26,Civil Execution,Construction Manager,5,Mantralaya Redevelopment,Government Building,MGR015,Permanent,Naukri / Job Portal,36,8.7,81700,-0.2294,2.0,0,5,0,0.15
EMP11359,2025-07-12,Accounts & Finance,Deputy Manager,5,JNPA WOLP,Port Infrastructure,MGR078,Retainer,Employee Referral,43,8.2,99600,0.0795,10.5,0,4,1,0.55
EMP11360,2024-12-07,HR & Admin,HR Executive,3,Pune Metro Reach-3,Metro,MGR051,Fixed Term Contract,Naukri / Job Portal,47,3.3,27900,-0.2545,16.6,0,2,0,0.25
EMP11361,2025-11-01,Design & Engineering,Design Engineer,4,Mumbai HO,Corporate,MGR075,Apprentice / Trainee,Labour Contractor,43,5.1,64800,0.0177,20.5,0,4,0,0.05
EMP11362,2026-03-07,Stores & Logistics,Deputy Manager,5,Bengaluru Tech Park,Commercial,MGR041,Permanent,Employee Referral,42,6.7,67300,-0.2584,9.1,0,4,1,0.2
EMP11363,2025-04-05,Civil Execution,Site Helper,1,Mantralaya Redevelopment,Government Building,MGR112,Permanent,Walk-in / Site Gate,24,3.2,19900,0.1615,10.3,0,1,0,0.15
EMP11364,2021-05-28,Civil Execution,Site Helper,1,Mantralaya Redevelopment,Government Building,MGR033,Fixed Term Contract,Labour Contractor,26,1.5,17700,0.0538,10.9,0,1,0,0.15
EMP11365,2022-08-01,EHS,Safety Officer,3,JNPA WOLP,Port Infrastructure,MGR095,Permanent,Naukri / Job Portal,27,4.5,36200,-0.1193,2.3,1,3,0,0.55
EMP11366,2025-06-28,Civil Execution,Junior Engineer,2,Bengaluru Tech Park,Commercial,MGR017,Fixed Term Contract,Recruitment Consultancy,22,2.9,20200,-0.2492,17.2,0,2,1,0.2
EMP11367,2025-06-14,Civil Execution,Senior Engineer,4,Bengaluru Tech Park,Commercial,MGR116,Permanent,Naukri / Job Portal,37,9.3,69600,0.0099,12.9,0,4,1,0.2
EMP11368,2025-11-01,Accounts & Finance,Accounts Officer,3,Ahmedabad Water Works,Water,MGR035,Permanent,Naukri / Job Portal,24,3.4,42200,0.0958,34.1,0,2,1,0.65
EMP11369,2024-04-27,Civil Execution,Junior Engineer,2,JNPA WOLP,Port Infrastructure,MGR095,Fixed Term Contract,Labour Contractor,41,3.1,27900,0.0346,4.1,1,2,0,0.55
EMP11370,2026-05-30,Planning & Coordination,Deputy Manager,5,Ahmedabad Water Works,Water,MGR085,Permanent,Employee Referral,50,9.3,104300,0.117,2.8,1,4,1,0.65
EMP11371,2025-10-18,Civil Execution,Site Engineer,3,Pune Metro Reach-3,Metro,MGR077,Permanent,Employee Referral,33,6.2,46900,0.0647,26.7,0,3,1,0.25
EMP11372,2023-07-08,Civil Execution,Supervisor,2,Delhi NCR Logistics Hub,Industrial,MGR055,Permanent,Naukri / Job Portal,19,2.6,26700,-0.1072,1.2,1,2,0,0.45
EMP11373,2020-04-27,Procurement,Deputy Manager,5,JNPA WOLP,Port Infrastructure,MGR097,Fixed Term Contract,Employee Referral,47,7.0,105200,0.1553,1.5,1,4,1,0.55
EMP11374,2023-12-16,Accounts & Finance,Accounts Officer,3,Delhi NCR Logistics Hub,Industrial,MGR017,Permanent,Walk-in / Site Gate,28,3.2,42000,0.0932,4.9,1,2,1,0.45
EMP11375,2023-04-15,HR & Admin,Deputy Manager,5,Mumbai HO,Corporate,MGR032,Permanent,Naukri / Job Portal,33,8.7,86900,-0.0633,44.9,0,4,0,0.05
EMP11376,2026-07-04,Design & Engineering,Deputy Manager,5,Ahmedabad Water Works,Water,MGR115,Fixed Term Contract,Employee Referral,36,7.0,83700,-0.0808,1.8,1,4,1,0.65
EMP11377,2025-06-21,Accounts & Finance,Deputy Manager,5,Pune Metro Reach-3,Metro,MGR035,Permanent,Employee Referral,39,7.7,84000,-0.0846,26.1,0,4,1,0.25
EMP11378,2023-07-08,MEP,Junior Engineer,2,Delhi NCR Logistics Hub,Industrial,MGR094,Retainer,Employee Referral,27,3.2,28900,0.0704,2.7,1,2,1,0.45
EMP11379,2025-09-20,Civil Execution,Junior Engineer,2,Delhi NCR Logistics Hub,Industrial,MGR020,Fixed Term Contract,Naukri / Job Portal,20,4.0,28200,0.0349,43.0,0,2,1,0.45
EMP11380,2020-01-15,Planning & Coordination,Senior Engineer,4,JNPA WOLP,Port Infrastructure,MGR070,Permanent,Recruitment Consultancy,26,7.6,52600,-0.2225,0.7,1,4,1,0.55
EMP11381,2025-12-20,Civil Execution,Site Engineer,3,Mantralaya Redevelopment,Government Building,MGR009,Fixed Term Contract,Naukri / Job Portal,32,3.0,45900,0.0806,15.4,0,3,0,0.15
EMP11382,2019-12-10,Civil Execution,Senior Engineer,4,Nagpur Expressway Pkg-4,Highway,MGR005,Fixed Term Contract,Labour Contractor,45,6.3,60400,-0.0943,12.2,1,4,0,0.85
EMP11383,2025-10-18,Civil Execution,Site Engineer,3,Nagpur Expressway Pkg-4,Highway,MGR099,Permanent,Employee Referral,40,8.1,40800,-0.093,7.8,1,3,1,0.85
EMP11384,2022-09-09,Procurement,Procurement Executive,3,Pune Metro Reach-3,Metro,MGR049,Permanent,Naukri / Job Portal,32,5.0,55200,0.1572,40.8,0,3,1,0.25
EMP11385,2023-02-06,Accounts & Finance,Accounts Officer,3,Bengaluru Tech Park,Commercial,MGR108,Permanent,Recruitment Consultancy,41,6.0,37200,-0.0621,22.1,0,2,1,0.2
EMP11386,2020-04-25,Civil Execution,Site Helper,1,Bengaluru Tech Park,Commercial,MGR028,Fixed Term Contract,Walk-in / Site Gate,22,1.8,18300,0.0856,18.9,0,1,0,0.2
EMP11387,2023-12-09,Planning & Coordination,Senior Engineer,4,Ahmedabad Water Works,Water,MGR078,Permanent,Labour Contractor,34,5.9,62000,-0.0661,64.8,0,4,0,0.65
EMP11388,2025-03-08,Civil Execution,Junior Engineer,2,Delhi NCR Logistics Hub,Industrial,MGR003,Fixed Term Contract,Walk-in / Site Gate,31,2.0,24400,-0.0835,7.1,0,2,0,0.45
EMP11389,2022-10-28,Civil Execution,Site Helper,1,JNPA WOLP,Port Infrastructure,MGR060,Fixed Term Contract,Labour Contractor,24,1.4,21100,0.2577,1.2,1,1,0,0.55
EMP11390,2025-10-18,MEP,Deputy Manager,5,Mantralaya Redevelopment,Government Building,MGR097,Permanent,Recruitment Consultancy,39,6.5,85700,-0.0536,12.1,0,4,1,0.15
EMP11391,2020-01-11,Civil Execution,Construction Manager,5,Pune Metro Reach-3,Metro,MGR017,Permanent,Internal Transfer,40,8.0,83400,-0.2073,53.8,0,5,1,0.25
EMP11392,2025-06-28,Civil Execution,Junior Engineer,2,JNPA WOLP,Port Infrastructure,MGR093,Permanent,Naukri / Job Portal,24,1.6,29500,0.1132,41.9,0,2,1,0.55
EMP11393,2025-05-03,Civil Execution,Construction Manager,5,Nagpur Expressway Pkg-4,Highway,MGR026,Fixed Term Contract,Recruitment Consultancy,53,7.3,103700,-0.0068,65.0,0,5,0,0.85
EMP11394,2023-05-27,Civil Execution,Site Engineer,3,Pune Metro Reach-3,Metro,MGR104,Fixed Term Contract,Internal Transfer,32,3.2,61100,0.4351,17.3,0,3,1,0.25
EMP11395,2019-06-22,HR & Admin,Deputy Manager,5,Mumbai HO,Corporate,MGR050,Permanent,Employee Referral,49,8.0,103700,0.1264,3.1,0,4,1,0.05
EMP11396,2025-11-01,Business Support Services,HR Executive,3,Ahmedabad Water Works,Water,MGR094,Fixed Term Contract,Employee Referral,26,5.3,35500,-0.0729,26.7,0,2,1,0.65
EMP11397,2021-05-04,Civil Execution,Junior Engineer,2,Bengaluru Tech Park,Commercial,MGR046,Fixed Term Contract,Labour Contractor,36,2.4,29500,0.1029,4.6,0,2,0,0.2
EMP11398,2021-07-26,Stores & Logistics,Deputy Manager,5,Bengaluru Tech Park,Commercial,MGR105,Apprentice / Trainee,Naukri / Job Portal,43,6.8,51500,-0.4332,34.8,0,4,0,0.2
EMP11399,2023-04-01,Design & Engineering,Senior Engineer,4,Nagpur Expressway Pkg-4,Highway,MGR100,Fixed Term Contract,Employee Referral,37,6.6,60200,-0.1003,3.8,1,4,1,0.85
EMP11400,2020-08-18,Stores & Logistics,Supervisor,2,Nagpur Expressway Pkg-4,Highway,MGR045,Permanent,Employee Referral,22,2.1,27800,-0.0649,3.8,1,2,1,0.85
EMP11401,2021-04-02,Stores & Logistics,Store Officer,2,Mumbai HO,Corporate,MGR005,Permanent,Employee Referral,19,1.8,38200,0.3354,16.8,0,2,1,0.05
EMP11402,2022-12-28,HR & Admin,HR Executive,3,Mumbai HO,Corporate,MGR099,Permanent,Labour Contractor,28,3.8,28800,-0.2349,17.2,0,2,0,0.05
EMP11403,2024-02-17,Quality Assurance & Control,QA/QC Engineer,3,Ahmedabad Water Works,Water,MGR094,Permanent,Internal Transfer,26,6.2,42300,-0.1052,7.5,0,3,1,0.65
EMP11404,2022-06-24,Accounts & Finance,Deputy Manager,5,Pune Metro Reach-3,Metro,MGR048,Permanent,Naukri / Job Portal,41,6.2,88900,-0.015,9.8,0,4,1,0.25
EMP11405,2021-08-22,Design & Engineering,Senior Engineer,4,Pune Metro Reach-3,Metro,MGR109,Permanent,Employee Referral,39,10.3,77600,0.1139,19.7,0,4,1,0.25
EMP11406,2023-11-25,Design & Engineering,Deputy Manager,5,Mumbai HO,Corporate,MGR079,Permanent,Recruitment Consultancy,46,6.0,97700,0.085,12.7,0,4,0,0.05
EMP11407,2026-03-14,Civil Execution,Senior Engineer,4,JNPA WOLP,Port Infrastructure,MGR116,Fixed Term Contract,Naukri / Job Portal,27,5.0,67200,0.0225,0.9,1,4,1,0.55
EMP11408,2020-10-11,EHS,Safety Officer,3,Delhi NCR Logistics Hub,Industrial,MGR102,Permanent,Naukri / Job Portal,26,4.9,34100,-0.1742,31.8,0,3,1,0.45
EMP11409,2025-05-03,Design & Engineering,Senior Engineer,4,Ahmedabad Water Works,Water,MGR027,Permanent,Naukri / Job Portal,33,7.8,61600,-0.0915,16.8,0,4,0,0.65
EMP11410,2026-05-23,MEP,Deputy Manager,5,Mantralaya Redevelopment,Government Building,MGR033,Fixed Term Contract,Employee Referral,39,6.9,90300,-0.0072,27.1,0,4,1,0.15
EMP11411,2024-01-13,Procurement,Procurement Executive,3,Nagpur Expressway Pkg-4,Highway,MGR054,Fixed Term Contract,Labour Contractor,32,4.6,47800,0.0067,4.9,1,3,0,0.85
EMP11412,2019-08-06,Design & Engineering,Design Engineer,4,Delhi NCR Logistics Hub,Industrial,MGR030,Fixed Term Contract,Employee Referral,38,5.6,73000,0.1401,5.6,0,4,1,0.45
EMP11413,2025-03-29,Design & Engineering,Deputy Manager,5,Delhi NCR Logistics Hub,Industrial,MGR059,Fixed Term Contract,Internal Transfer,35,8.3,75400,-0.1837,2.1,1,4,1,0.45
EMP11414,2023-08-12,Stores & Logistics,Supervisor,2,Bengaluru Tech Park,Commercial,MGR119,Retainer,Recruitment Consultancy,42,3.8,26100,-0.1393,16.1,0,2,0,0.2
EMP11415,2024-08-24,Civil Execution,Junior Engineer,2,Ahmedabad Water Works,Water,MGR036,Fixed Term Contract,Naukri / Job Portal,29,2.7,26600,-0.009,3.3,1,2,0,0.65
EMP11416,2025-12-27,Design & Engineering,Design Engineer,4,Bengaluru Tech Park,Commercial,MGR008,Fixed Term Contract,Campus Hiring,33,4.9,50800,-0.2004,8.2,0,4,0,0.2
EMP11417,2024-05-18,EHS,Supervisor,2,Ahmedabad Water Works,Water,MGR064,Permanent,Employee Referral,30,2.3,36000,0.208,1.7,1,2,1,0.65
EMP11418,2019-08-14,Business Support Services,Accounts Officer,3,Pune Metro Reach-3,Metro,MGR078,Permanent,Employee Referral,38,4.3,37000,-0.0491,22.8,0,2,1,0.25
EMP11419,2022-10-28,Planning & Coordination,Senior Engineer,4,Mumbai HO,Corporate,MGR043,Permanent,Labour Contractor,36,6.8,68900,0.0275,31.8,0,4,0,0.05
EMP11420,2024-05-18,Planning & Coordination,Deputy Manager,5,Nagpur Expressway Pkg-4,Highway,MGR004,Retainer,Naukri / Job Portal,31,7.5,81600,-0.1088,3.9,1,4,0,0.85
EMP11421,2024-08-17,Quality Assurance & Control,Deputy Manager,5,Mumbai HO,Corporate,MGR013,Permanent,Naukri / Job Portal,40,8.1,99900,0.0839,9.5,0,4,1,0.05
EMP11422,2026-05-30,Civil Execution,Site Helper,1,Pune Metro Reach-3,Metro,MGR079,Fixed Term Contract,Labour Contractor,19,0.1,16800,0.017,21.8,0,1,0,0.25
EMP11423,2025-06-28,MEP,Senior Engineer,4,Nagpur Expressway Pkg-4,Highway,MGR073,Apprentice / Trainee,Employee Referral,41,6.0,75000,0.1284,4.1,1,4,1,0.85
EMP11424,2025-10-25,Civil Execution,Project Manager,6,Bengaluru Tech Park,Commercial,MGR088,Permanent,Recruitment Consultancy,44,8.8,193400,0.3666,17.2,0,5,0,0.2
EMP11425,2021-09-26,Accounts & Finance,Accounts Officer,3,Mumbai HO,Corporate,MGR080,Permanent,Recruitment Consultancy,27,4.0,33800,-0.1283,4.0,0,2,0,0.05
EMP11426,2023-06-10,Stores & Logistics,Supervisor,2,Pune Metro Reach-3,Metro,MGR114,Permanent,Employee Referral,33,2.4,37100,0.2435,81.7,0,2,1,0.25
EMP11427,2025-12-27,Accounts & Finance,Accounts Officer,3,Mumbai HO,Corporate,MGR103,Retainer,Campus Hiring,19,3.2,38700,0.0073,9.0,0,2,1,0.05
EMP11428,2025-08-30,Quality Assurance & Control,Junior Engineer,2,JNPA WOLP,Port Infrastructure,MGR058,Fixed Term Contract,Internal Transfer,29,3.7,34300,0.2631,1.6,1,2,1,0.55
EMP11429,2023-11-18,Design & Engineering,Design Engineer,4,Mumbai HO,Corporate,MGR080,Fixed Term Contract,Naukri / Job Portal,34,5.7,69900,0.0904,5.8,0,4,0,0.05
EMP11430,2026-08-08,Design & Engineering,Deputy Manager,5,Bengaluru Tech Park,Commercial,MGR006,Apprentice / Trainee,Recruitment Consultancy,42,8.6,89000,-0.0396,4.9,0,4,0,0.2
EMP11431,2025-08-23,MEP,Senior Engineer,4,Pune Metro Reach-3,Metro,MGR057,Permanent,Recruitment Consultancy,42,5.1,63000,-0.0425,29.6,0,4,0,0.25
EMP11432,2025-10-25,EHS,Deputy Manager,5,JNPA WOLP,Port Infrastructure,MGR004,Fixed Term Contract,Employee Referral,42,7.8,85500,-0.0693,0.6,1,4,0,0.55
EMP11433,2021-10-24,Procurement,Deputy Manager,5,Ahmedabad Water Works,Water,MGR043,Permanent,Employee Referral,40,6.8,81200,-0.1063,5.3,1,4,1,0.65
EMP11434,2022-11-03,Business Support Services,Accounts Officer,3,Bengaluru Tech Park,Commercial,MGR091,Apprentice / Trainee,Employee Referral,26,4.8,44200,0.1295,16.6,0,2,1,0.2
EMP11435,2025-10-25,Accounts & Finance,Accounts Officer,3,Ahmedabad Water Works,Water,MGR078,Permanent,Naukri / Job Portal,25,4.4,27300,-0.2992,2.0,1,2,0,0.65
EMP11436,2022-12-17,Civil Execution,Site Helper,1,JNPA WOLP,Port Infrastructure,MGR041,Permanent,Walk-in / Site Gate,22,2.8,18600,0.0906,0.6,1,1,0,0.55
EMP11437,2026-04-25,Civil Execution,Site Engineer,3,Pune Metro Reach-3,Metro,MGR024,Permanent,Naukri / Job Portal,34,5.0,44800,0.0308,16.8,0,3,0,0.25
EMP11438,2023-12-02,Planning & Coordination,Deputy Manager,5,Nagpur Expressway Pkg-4,Highway,MGR104,Fixed Term Contract,Internal Transfer,40,8.2,78800,-0.1459,41.9,0,4,1,0.85
EMP11439,2026-05-23,Design & Engineering,Senior Engineer,4,JNPA WOLP,Port Infrastructure,MGR078,Fixed Term Contract,Walk-in / Site Gate,37,6.9,59000,-0.1212,1.7,1,4,1,0.55
EMP11440,2026-05-02,Accounts & Finance,Accounts Officer,3,Mantralaya Redevelopment,Government Building,MGR107,Apprentice / Trainee,Employee Referral,37,4.5,39200,0.0052,78.1,0,2,1,0.15
EMP11441,2026-01-10,Planning & Coordination,Deputy Manager,5,Mumbai HO,Corporate,MGR047,Permanent,Naukri / Job Portal,36,7.0,75300,-0.173,17.0,0,4,0,0.05
EMP11442,2026-03-21,Quality Assurance & Control,Deputy Manager,5,Nagpur Expressway Pkg-4,Highway,MGR018,Fixed Term Contract,Naukri / Job Portal,51,11.3,85300,-0.1058,2.9,1,4,1,0.85
EMP11443,2024-03-23,Civil Execution,Construction Manager,5,Ahmedabad Water Works,Water,MGR080,Permanent,Recruitment Consultancy,42,10.4,124500,0.153,2.9,0,5,0,0.65
EMP11444,2021-02-25,Planning & Coordination,Senior Engineer,4,Pune Metro Reach-3,Metro,MGR020,Permanent,Recruitment Consultancy,42,4.9,72700,0.1075,5.0,0,4,0,0.25
EMP11445,2026-07-04,Design & Engineering,Senior Engineer,4,Ahmedabad Water Works,Water,MGR002,Fixed Term Contract,Naukri / Job Portal,37,8.1,61200,-0.1003,4.6,1,4,1,0.65
EMP11446,2026-07-25,Civil Execution,Site Helper,1,Ahmedabad Water Works,Water,MGR114,Permanent,Labour Contractor,19,1.6,17000,0.0109,54.2,0,1,0,0.65
EMP11447,2022-07-09,EHS,Deputy Manager,5,Pune Metro Reach-3,Metro,MGR075,Fixed Term Contract,Recruitment Consultancy,36,7.5,104400,0.1402,13.4,0,4,0,0.25
EMP11448,2020-12-10,EHS,Safety Officer,3,Mantralaya Redevelopment,Government Building,MGR060,Fixed Term Contract,Recruitment Consultancy,33,4.1,39300,-0.0396,9.7,0,3,0,0.15
EMP11449,2025-03-29,Accounts & Finance,Accounts Officer,3,JNPA WOLP,Port Infrastructure,MGR022,Fixed Term Contract,Recruitment Consultancy,39,4.1,23800,-0.3869,1.6,1,2,1,0.55
EMP11450,2024-08-10,Business Support Services,Accounts Officer,3,Mumbai HO,Corporate,MGR012,Permanent,Employee Referral,27,3.8,40000,0.0339,12.0,0,2,1,0.05
EMP11451,2025-09-13,EHS,Supervisor,2,Ahmedabad Water Works,Water,MGR061,Permanent,Campus Hiring,26,2.6,29200,-0.0236,51.9,0,2,1,0.65
EMP11452,2023-08-12,Stores & Logistics,Site Helper,1,Nagpur Expressway Pkg-4,Highway,MGR057,Fixed Term Contract,Walk-in / Site Gate,24,2.6,23000,0.3518,6.0,0,1,0,0.85
EMP11453,2023-04-15,Quality Assurance & Control,Deputy Manager,5,Ahmedabad Water Works,Water,MGR048,Fixed Term Contract,Employee Referral,36,6.4,77900,-0.1388,1.0,1,4,1,0.65
EMP11454,2020-07-04,Civil Execution,Site Engineer,3,Ahmedabad Water Works,Water,MGR015,Permanent,Naukri / Job Portal,24,5.5,48500,0.1097,1.4,1,3,1,0.65
EMP11455,2023-08-19,MEP,Junior Engineer,2,Bengaluru Tech Park,Commercial,MGR087,Permanent,Labour Contractor,24,1.7,22700,-0.1444,34.7,0,2,0,0.2
EMP11456,2024-08-10,Civil Execution,Supervisor,2,Bengaluru Tech Park,Commercial,MGR120,Permanent,Labour Contractor,26,4.1,33500,0.101,12.7,0,2,0,0.2
EMP11457,2025-07-26,Civil Execution,Site Engineer,3,Bengaluru Tech Park,Commercial,MGR033,Permanent,Naukri / Job Portal,23,5.2,42400,-0.0266,7.1,0,3,0,0.2
EMP11458,2024-12-28,Design & Engineering,Deputy Manager,5,Mumbai HO,Corporate,MGR068,Apprentice / Trainee,Naukri / Job Portal,31,8.1,95900,0.0405,9.0,0,4,0,0.05
EMP11459,2025-02-15,Civil Execution,Construction Manager,5,Delhi NCR Logistics Hub,Industrial,MGR118,Apprentice / Trainee,Employee Referral,49,8.3,118000,0.1178,4.2,1,5,1,0.45
EMP11460,2025-05-17,Planning & Coordination,Senior Engineer,4,Delhi NCR Logistics Hub,Industrial,MGR097,Permanent,Employee Referral,40,5.0,77300,0.1762,46.3,0,4,1,0.45
EMP11461,2026-02-14,Civil Execution,Junior Engineer,2,Mantralaya Redevelopment,Government Building,MGR038,Fixed Term Contract,Recruitment Consultancy,35,2.2,23500,-0.1194,13.0,0,2,0,0.15
EMP11462,2020-12-29,MEP,Deputy Manager,5,Mantralaya Redevelopment,Government Building,MGR023,Fixed Term Contract,Recruitment Consultancy,37,6.9,76900,-0.1545,25.6,0,4,0,0.15
EMP11463,2024-08-31,MEP,Deputy Manager,5,Nagpur Expressway Pkg-4,Highway,MGR091,Apprentice / Trainee,Employee Referral,45,8.6,107000,0.1546,4.2,1,4,1,0.85
EMP11464,2024-05-11,EHS,Deputy Manager,5,Mantralaya Redevelopment,Government Building,MGR076,Permanent,Employee Referral,34,8.1,96600,0.0481,27.8,0,4,1,0.15
EMP11465,2022-08-20,Civil Execution,Senior Engineer,4,Pune Metro Reach-3,Metro,MGR015,Permanent,Walk-in / Site Gate,37,7.0,69400,0.0326,20.9,0,4,0,0.25
EMP11466,2025-12-06,Procurement,Deputy Manager,5,Delhi NCR Logistics Hub,Industrial,MGR043,Fixed Term Contract,Naukri / Job Portal,40,6.4,83600,-0.0757,1.5,1,4,0,0.45
EMP11467,2025-02-01,Planning & Coordination,Deputy Manager,5,Bengaluru Tech Park,Commercial,MGR052,Fixed Term Contract,Employee Referral,46,6.6,91200,0.006,16.9,0,4,1,0.2
EMP11468,2023-11-18,EHS,Supervisor,2,JNPA WOLP,Port Infrastructure,MGR090,Fixed Term Contract,Campus Hiring,31,2.9,30500,0.0164,34.0,0,2,0,0.55
EMP11469,2025-09-06,Civil Execution,Junior Engineer,2,Ahmedabad Water Works,Water,MGR105,Apprentice / Trainee,Labour Contractor,35,2.9,21700,-0.1935,32.2,0,2,0,0.65
EMP11470,2023-04-22,EHS,Safety Officer,3,Bengaluru Tech Park,Commercial,MGR110,Fixed Term Contract,Naukri / Job Portal,27,4.9,44000,0.0656,3.1,0,3,1,0.2
EMP11471,2024-07-27,EHS,Supervisor,2,Bengaluru Tech Park,Commercial,MGR096,Fixed Term Contract,Recruitment Consultancy,28,2.6,28700,-0.0403,8.4,0,2,1,0.2
EMP11472,2023-07-01,Civil Execution,Project Manager,6,Mantralaya Redevelopment,Government Building,MGR056,Fixed Term Contract,Naukri / Job Portal,50,8.3,135700,-0.0359,4.7,0,5,0,0.15
EMP11473,2023-01-14,Design & Engineering,Deputy Manager,5,Mantralaya Redevelopment,Government Building,MGR029,Fixed Term Contract,Naukri / Job Portal,31,7.3,116000,0.2697,26.2,0,4,1,0.15
EMP11474,2023-11-25,Design & Engineering,Senior Engineer,4,Bengaluru Tech Park,Commercial,MGR094,Permanent,Recruitment Consultancy,35,5.6,59200,-0.1053,17.5,0,4,0,0.2
EMP11475,2023-08-19,Planning & Coordination,Deputy Manager,5,JNPA WOLP,Port Infrastructure,MGR098,Permanent,Employee Referral,39,7.7,83300,-0.0922,2.0,1,4,1,0.55
EMP11476,2025-10-04,Civil Execution,Supervisor,2,Mantralaya Redevelopment,Government Building,MGR063,Permanent,Employee Referral,38,2.1,33300,0.1201,8.4,0,2,1,0.15
EMP11477,2024-09-14,Quality Assurance & Control,QA/QC Engineer,3,Ahmedabad Water Works,Water,MGR097,Fixed Term Contract,Labour Contractor,35,5.2,50500,0.0803,43.7,0,3,0,0.65
EMP11478,2024-11-16,Business Support Services,Accounts Officer,3,Ahmedabad Water Works,Water,MGR045,Permanent,Naukri / Job Portal,27,3.6,38000,-0.0155,8.6,0,2,1,0.65
EMP11479,2019-11-23,Design & Engineering,Design Engineer,4,JNPA WOLP,Port Infrastructure,MGR042,Permanent,Employee Referral,54,7.2,51100,-0.2161,3.8,1,4,1,0.55
EMP11480,2020-08-07,MEP,Senior Engineer,4,JNPA WOLP,Port Infrastructure,MGR040,Permanent,Recruitment Consultancy,34,5.6,62600,-0.0539,30.2,0,4,1,0.55
EMP11481,2021-10-20,Stores & Logistics,Site Helper,1,Bengaluru Tech Park,Commercial,MGR102,Fixed Term Contract,Labour Contractor,29,1.7,22000,0.3067,13.1,0,1,0,0.2
EMP11482,2021-01-20,HR & Admin,HR Executive,3,JNPA WOLP,Port Infrastructure,MGR073,Fixed Term Contract,Naukri / Job Portal,23,3.6,41800,0.113,43.7,0,2,1,0.55
EMP11483,2022-01-18,Business Support Services,HR Executive,3,Mumbai HO,Corporate,MGR029,Retainer,Walk-in / Site Gate,27,5.5,52100,0.3576,8.6,0,2,0,0.05
EMP11484,2023-11-11,Business Support Services,HR Executive,3,Nagpur Expressway Pkg-4,Highway,MGR046,Retainer,Employee Referral,33,3.4,31500,-0.1593,4.0,1,2,0,0.85
EMP11485,2022-02-11,Civil Execution,Project Manager,6,Pune Metro Reach-3,Metro,MGR099,Permanent,Employee Referral,54,8.4,147900,0.0497,4.6,0,5,0,0.25
EMP11486,2021-06-22,Design & Engineering,Deputy Manager,5,Bengaluru Tech Park,Commercial,MGR077,Fixed Term Contract,Naukri / Job Portal,47,7.9,108900,0.1842,16.2,0,4,1,0.2
EMP11487,2020-01-22,Business Support Services,Accounts Officer,3,JNPA WOLP,Port Infrastructure,MGR038,Permanent,Campus Hiring,28,3.7,36400,-0.058,18.8,0,2,1,0.55
EMP11488,2025-03-01,Quality Assurance & Control,Deputy Manager,5,Pune Metro Reach-3,Metro,MGR091,Permanent,Naukri / Job Portal,34,7.6,69600,-0.2407,6.3,0,4,1,0.25
EMP11489,2024-11-16,MEP,Deputy Manager,5,Pune Metro Reach-3,Metro,MGR070,Permanent,Naukri / Job Portal,45,7.5,106300,0.161,14.0,0,4,0,0.25
EMP11490,2026-06-06,HR & Admin,Deputy Manager,5,Pune Metro Reach-3,Metro,MGR028,Apprentice / Trainee,Naukri / Job Portal,37,7.3,77900,-0.1473,2.7,0,4,0,0.25
EMP11491,2025-01-25,Accounts & Finance,Deputy Manager,5,Mumbai HO,Corporate,MGR052,Fixed Term Contract,Employee Referral,41,8.5,91400,-0.0126,12.6,0,4,1,0.05
EMP11492,2024-06-29,Business Support Services,Procurement Executive,3,JNPA WOLP,Port Infrastructure,MGR056,Fixed Term Contract,Campus Hiring,33,3.9,45800,-0.0277,2.2,0,3,0,0.55
EMP11493,2022-07-12,Planning & Coordination,Deputy Manager,5,Nagpur Expressway Pkg-4,Highway,MGR004,Permanent,Recruitment Consultancy,32,7.6,92700,0.0113,44.6,0,4,0,0.85
EMP11494,2023-02-17,Stores & Logistics,Deputy Manager,5,Ahmedabad Water Works,Water,MGR024,Fixed Term Contract,Recruitment Consultancy,27,7.4,74500,-0.1854,6.2,1,4,0,0.65
EMP11495,2025-09-27,Civil Execution,Supervisor,2,Ahmedabad Water Works,Water,MGR025,Fixed Term Contract,Labour Contractor,35,2.7,23900,-0.2017,9.2,1,2,0,0.65
EMP11496,2025-01-18,Quality Assurance & Control,QA/QC Engineer,3,Mantralaya Redevelopment,Government Building,MGR029,Permanent,Walk-in / Site Gate,34,4.3,44500,-0.0383,6.7,0,3,0,0.15
EMP11497,2020-09-06,Stores & Logistics,Deputy Manager,5,Delhi NCR Logistics Hub,Industrial,MGR112,Apprentice / Trainee,Recruitment Consultancy,39,7.1,84000,-0.0785,19.7,0,4,1,0.45
EMP11498,2020-09-02,EHS,Supervisor,2,Bengaluru Tech Park,Commercial,MGR092,Fixed Term Contract,Naukri / Job Portal,29,3.5,27100,-0.1032,28.6,0,2,0,0.2
EMP11499,2025-08-23,Quality Assurance & Control,QA/QC Engineer,3,Nagpur Expressway Pkg-4,Highway,MGR009,Permanent,Labour Contractor,39,4.4,55700,0.2024,35.7,0,3,0,0.85
EMP11500,2024-02-03,Civil Execution,Supervisor,2,Mantralaya Redevelopment,Government Building,MGR044,Permanent,Walk-in / Site Gate,26,2.1,33000,0.11,23.6,0,2,0,0.15
EMP11501,2025-08-16,Civil Execution,Supervisor,2,Mantralaya Redevelopment,Government Building,MGR023,Fixed Term Contract,Internal Transfer,26,1.7,33800,0.1422,16.3,0,2,1,0.15
EMP11502,2025-07-05,Civil Execution,Project Manager,6,Pune Metro Reach-3,Metro,MGR092,Permanent,Naukri / Job Portal,35,8.1,165800,0.1806,29.4,0,5,1,0.25
EMP11503,2024-07-06,Civil Execution,Project Manager,6,Nagpur Expressway Pkg-4,Highway,MGR104,Permanent,Recruitment Consultancy,36,7.7,129400,-0.0746,72.2,0,5,1,0.85
EMP11504,2026-07-18,Accounts & Finance,Deputy Manager,5,Mumbai HO,Corporate,MGR074,Fixed Term Contract,Recruitment Consultancy,34,6.3,102900,0.1389,19.9,0,4,1,0.05
EMP11505,2025-01-25,Civil Execution,Project Manager,6,Delhi NCR Logistics Hub,Industrial,MGR032,Apprentice / Trainee,Naukri / Job Portal,46,13.0,147500,-0.0032,9.7,1,5,1,0.45
EMP11506,2025-06-28,Civil Execution,Senior Engineer,4,Ahmedabad Water Works,Water,MGR092,Apprentice / Trainee,Employee Referral,43,6.6,67000,0.0013,24.9,0,4,1,0.65
EMP11507,2019-03-21,Civil Execution,Site Engineer,3,Delhi NCR Logistics Hub,Industrial,MGR035,Apprentice / Trainee,Campus Hiring,31,8.4,43900,-0.0273,17.0,0,3,1,0.45
EMP11508,2019-04-06,Accounts & Finance,Accounts Officer,3,Mumbai HO,Corporate,MGR061,Permanent,Recruitment Consultancy,28,4.1,42900,0.1051,20.7,0,2,0,0.05
EMP11509,2020-09-15,MEP,Junior Engineer,2,Nagpur Expressway Pkg-4,Highway,MGR119,Fixed Term Contract,Labour Contractor,25,1.9,29000,0.0905,4.1,1,2,0,0.85
EMP11510,2025-09-06,Design & Engineering,Design Engineer,4,Pune Metro Reach-3,Metro,MGR010,Permanent,Employee Referral,38,5.1,62600,-0.0168,22.7,0,4,1,0.25
EMP11511,2024-12-21,Design & Engineering,Design Engineer,4,Nagpur Expressway Pkg-4,Highway,MGR060,Permanent,Employee Referral,35,5.7,65800,0.0265,10.2,1,4,1,0.85
EMP11512,2024-09-28,Procurement,Procurement Executive,3,Ahmedabad Water Works,Water,MGR111,Permanent,Internal Transfer,39,4.0,44600,-0.0543,5.7,1,3,1,0.65
EMP11513,2023-04-29,Procurement,Deputy Manager,5,Mumbai HO,Corporate,MGR021,Permanent,Employee Referral,44,7.7,77200,-0.1587,9.4,0,4,1,0.05
EMP11514,2026-03-28,Accounts & Finance,Deputy Manager,5,Bengaluru Tech Park,Commercial,MGR001,Fixed Term Contract,Employee Referral,36,6.5,80500,-0.111,13.4,0,4,1,0.2
EMP11515,2024-08-31,Stores & Logistics,Supervisor,2,Nagpur Expressway Pkg-4,Highway,MGR022,Fixed Term Contract,Internal Transfer,19,3.4,28500,-0.0558,21.4,0,2,1,0.85
EMP11516,2021-05-07,MEP,Deputy Manager,5,Delhi NCR Logistics Hub,Industrial,MGR009,Permanent,Employee Referral,35,6.6,70400,-0.2234,26.2,0,4,1,0.45
EMP11517,2023-06-03,Planning & Coordination,Senior Engineer,4,Bengaluru Tech Park,Commercial,MGR004,Permanent,Labour Contractor,40,4.8,67600,0.0309,12.9,0,4,0,0.2
EMP11518,2024-05-25,MEP,Senior Engineer,4,Bengaluru Tech Park,Commercial,MGR102,Fixed Term Contract,Labour Contractor,27,4.7,68300,0.0428,17.5,0,4,0,0.2
EMP11519,2019-08-23,HR & Admin,Deputy Manager,5,Pune Metro Reach-3,Metro,MGR008,Fixed Term Contract,Employee Referral,36,7.9,73300,-0.2029,14.6,0,4,1,0.25
EMP11520,2022-12-20,EHS,Safety Officer,3,Bengaluru Tech Park,Commercial,MGR054,Retainer,Naukri / Job Portal,29,4.6,32600,-0.2078,11.7,0,3,1,0.2
EMP11521,2020-09-28,Procurement,Procurement Executive,3,Bengaluru Tech Park,Commercial,MGR070,Fixed Term Contract,Naukri / Job Portal,25,7.2,44600,-0.0877,11.4,0,3,0,0.2
EMP11522,2026-06-13,Civil Execution,Senior Engineer,4,Mantralaya Redevelopment,Government Building,MGR107,Permanent,Recruitment Consultancy,28,6.1,57500,-0.1358,2.6,0,4,0,0.15
EMP11523,2024-06-15,MEP,Deputy Manager,5,Bengaluru Tech Park,Commercial,MGR084,Permanent,Recruitment Consultancy,46,6.5,99600,0.0999,20.1,0,4,1,0.2
EMP11524,2025-03-15,Civil Execution,Supervisor,2,Bengaluru Tech Park,Commercial,MGR092,Fixed Term Contract,Internal Transfer,42,3.0,30600,0.0185,12.4,0,2,1,0.2
EMP11525,2021-10-09,Civil Execution,Supervisor,2,Bengaluru Tech Park,Commercial,MGR004,Permanent,Employee Referral,36,1.7,26600,-0.1011,38.7,0,2,1,0.2
EMP11526,2024-12-07,HR & Admin,HR Executive,3,Nagpur Expressway Pkg-4,Highway,MGR107,Permanent,Internal Transfer,38,3.9,42400,0.1251,2.7,1,2,1,0.85
EMP11527,2025-03-15,Design & Engineering,Senior Engineer,4,Mumbai HO,Corporate,MGR116,Permanent,Internal Transfer,46,5.9,71800,0.0815,9.3,0,4,1,0.05
EMP11528,2019-09-14,Quality Assurance & Control,Junior Engineer,2,Mantralaya Redevelopment,Government Building,MGR060,Fixed Term Contract,Naukri / Job Portal,36,1.8,23200,-0.1266,2.7,0,2,1,0.15
EMP11529,2019-10-03,Business Support Services,Accounts Officer,3,Mumbai HO,Corporate,MGR109,Retainer,Recruitment Consultancy,30,6.6,30300,-0.2412,23.2,0,2,0,0.05
EMP11530,2023-11-25,HR & Admin,Deputy Manager,5,Pune Metro Reach-3,Metro,MGR070,Apprentice / Trainee,Employee Referral,33,9.0,101300,0.0884,20.4,0,4,0,0.25
EMP11531,2026-05-23,Civil Execution,Junior Engineer,2,JNPA WOLP,Port Infrastructure,MGR078,Permanent,Naukri / Job Portal,26,4.1,23300,-0.1459,2.9,0,2,0,0.55
EMP11532,2022-02-12,MEP,Senior Engineer,4,Pune Metro Reach-3,Metro,MGR011,Permanent,Naukri / Job Portal,28,5.5,66600,0.0077,43.2,0,4,0,0.25
EMP11533,2023-05-20,Business Support Services,Accounts Officer,3,Pune Metro Reach-3,Metro,MGR076,Permanent,Labour Contractor,34,5.5,40000,0.0141,7.0,0,2,0,0.25
EMP11534,2025-02-08,Civil Execution,Project Manager,6,JNPA WOLP,Port Infrastructure,MGR048,Permanent,Naukri / Job Portal,46,8.1,156400,0.1136,2.2,1,5,1,0.55
EMP11535,2024-04-13,Stores & Logistics,Site Helper,1,Nagpur Expressway Pkg-4,Highway,MGR083,Retainer,Walk-in / Site Gate,25,3.2,12800,-0.2529,4.3,1,1,0,0.85
EMP11536,2024-11-02,Accounts & Finance,Deputy Manager,5,Nagpur Expressway Pkg-4,Highway,MGR060,Permanent,Naukri / Job Portal,34,6.3,96600,0.0692,6.2,1,4,1,0.85
EMP11537,2023-08-05,Planning & Coordination,Planning Engineer,4,JNPA WOLP,Port Infrastructure,MGR102,Fixed Term Contract,Naukri / Job Portal,36,7.0,65600,0.0434,35.7,0,4,1,0.55
EMP11538,2022-05-02,Civil Execution,Construction Manager,5,Mantralaya Redevelopment,Government Building,MGR009,Permanent,Internal Transfer,47,8.7,101500,-0.0427,5.2,0,5,1,0.15
EMP11539,2026-04-04,Accounts & Finance,Deputy Manager,5,Delhi NCR Logistics Hub,Industrial,MGR003,Permanent,Recruitment Consultancy,54,7.3,93900,0.0278,5.5,0,4,0,0.45
EMP11540,2024-05-04,Design & Engineering,Design Engineer,4,Mumbai HO,Corporate,MGR041,Apprentice / Trainee,Employee Referral,39,5.1,65000,0.0209,13.0,0,4,1,0.05
EMP11541,2025-04-12,Procurement,Procurement Executive,3,Bengaluru Tech Park,Commercial,MGR042,Permanent,Recruitment Consultancy,27,3.8,47200,0.0031,3.4,0,3,1,0.2
EMP11542,2019-11-25,Civil Execution,Site Helper,1,Bengaluru Tech Park,Commercial,MGR004,Fixed Term Contract,Employee Referral,34,3.6,15000,-0.1286,32.2,0,1,1,0.2
EMP11543,2023-06-03,Design & Engineering,Senior Engineer,4,Delhi NCR Logistics Hub,Industrial,MGR088,Permanent,Employee Referral,33,5.5,62700,-0.0513,1.8,1,4,1,0.45
EMP11544,2024-10-05,Quality Assurance & Control,QA/QC Engineer,3,Delhi NCR Logistics Hub,Industrial,MGR034,Fixed Term Contract,Employee Referral,34,3.8,48800,0.0607,2.3,1,3,0,0.45
EMP11545,2024-07-20,EHS,Deputy Manager,5,Mantralaya Redevelopment,Government Building,MGR103,Permanent,Employee Referral,40,7.6,99000,0.0801,28.9,0,4,1,0.15
EMP11546,2020-06-17,Design & Engineering,Deputy Manager,5,Mumbai HO,Corporate,MGR004,Permanent,Recruitment Consultancy,41,7.7,100700,0.0974,16.3,0,4,0,0.05
EMP11547,2024-06-15,Business Support Services,Accounts Officer,3,Ahmedabad Water Works,Water,MGR120,Fixed Term Contract,Employee Referral,39,3.3,40000,0.0399,55.5,0,2,0,0.65
EMP11548,2022-04-09,Design & Engineering,Senior Engineer,4,Delhi NCR Logistics Hub,Industrial,MGR021,Permanent,Recruitment Consultancy,40,9.1,54900,-0.2017,5.9,1,4,0,0.45
EMP11549,2026-01-24,Stores & Logistics,Store Officer,2,Pune Metro Reach-3,Metro,MGR013,Permanent,Employee Referral,24,3.3,30600,0.0512,21.6,0,2,1,0.25
EMP11550,2025-04-05,Planning & Coordination,Senior Engineer,4,Delhi NCR Logistics Hub,Industrial,MGR109,Apprentice / Trainee,Walk-in / Site Gate,29,7.9,76300,0.1241,3.4,1,4,1,0.45
EMP11551,2021-02-09,Planning & Coordination,Senior Engineer,4,Delhi NCR Logistics Hub,Industrial,MGR101,Permanent,Employee Referral,38,7.1,80500,0.1964,28.9,0,4,1,0.45
EMP11552,2023-09-16,EHS,Supervisor,2,Delhi NCR Logistics Hub,Industrial,MGR062,Fixed Term Contract,Walk-in / Site Gate,27,2.6,28300,-0.0537,1.7,1,2,1,0.45
EMP11553,2021-07-10,Stores & Logistics,Deputy Manager,5,Ahmedabad Water Works,Water,MGR113,Apprentice / Trainee,Internal Transfer,29,8.6,69300,-0.2522,30.6,0,4,1,0.65
EMP11554,2026-03-21,Stores & Logistics,Site Helper,1,Nagpur Expressway Pkg-4,Highway,MGR039,Retainer,Walk-in / Site Gate,31,3.0,13600,-0.2044,23.5,0,1,1,0.85
EMP11555,2019-06-20,Civil Execution,Site Helper,1,Bengaluru Tech Park,Commercial,MGR079,Permanent,Labour Contractor,19,1.5,14200,-0.1546,30.8,0,1,0,0.2
EMP11556,2023-12-09,Business Support Services,HR Executive,3,Ahmedabad Water Works,Water,MGR035,Permanent,Recruitment Consultancy,28,3.3,37200,-0.006,64.8,0,2,0,0.65
EMP11557,2025-11-01,Civil Execution,Construction Manager,5,Nagpur Expressway Pkg-4,Highway,MGR069,Permanent,Recruitment Consultancy,32,6.2,108200,0.049,1.1,1,5,1,0.85
EMP11558,2022-11-11,EHS,Supervisor,2,JNPA WOLP,Port Infrastructure,MGR021,Fixed Term Contract,Recruitment Consultancy,38,4.1,35100,0.1536,26.5,0,2,1,0.55
EMP11559,2025-07-05,Civil Execution,Supervisor,2,Pune Metro Reach-3,Metro,MGR112,Fixed Term Contract,Naukri / Job Portal,26,3.3,28900,-0.0414,1.0,0,2,0,0.25
EMP11560,2021-01-10,Stores & Logistics,Supervisor,2,Mantralaya Redevelopment,Government Building,MGR059,Permanent,Campus Hiring,45,1.6,36500,0.2349,6.0,0,2,0,0.15
EMP11561,2025-10-04,Civil Execution,Site Helper,1,Bengaluru Tech Park,Commercial,MGR070,Fixed Term Contract,Labour Contractor,26,0.2,19900,0.2032,18.0,0,1,0,0.2
EMP11562,2022-12-20,Stores & Logistics,Deputy Manager,5,Nagpur Expressway Pkg-4,Highway,MGR095,Permanent,Naukri / Job Portal,35,7.8,99800,0.0864,4.4,1,4,0,0.85
EMP11563,2026-03-14,Quality Assurance & Control,Deputy Manager,5,Mantralaya Redevelopment,Government Building,MGR106,Permanent,Employee Referral,43,9.1,83700,-0.1017,21.4,0,4,1,0.15
EMP11564,2022-05-23,Business Support Services,Procurement Executive,3,Delhi NCR Logistics Hub,Industrial,MGR040,Permanent,Naukri / Job Portal,36,3.3,45700,-0.0231,48.5,0,3,1,0.45
EMP11565,2019-06-07,Civil Execution,Senior Engineer,4,Ahmedabad Water Works,Water,MGR035,Fixed Term Contract,Labour Contractor,41,5.5,58000,-0.1224,4.3,0,4,0,0.65
EMP11566,2026-04-11,Accounts & Finance,Accounts Officer,3,Nagpur Expressway Pkg-4,Highway,MGR020,Fixed Term Contract,Recruitment Consultancy,35,5.5,40600,0.0294,6.9,1,2,0,0.85
EMP11567,2022-01-20,Civil Execution,Project Manager,6,Pune Metro Reach-3,Metro,MGR013,Fixed Term Contract,Naukri / Job Portal,44,8.2,152300,0.0833,5.0,0,5,1,0.25
EMP11568,2022-09-18,MEP,Junior Engineer,2,Delhi NCR Logistics Hub,Industrial,MGR089,Permanent,Naukri / Job Portal,29,2.2,29100,0.0904,3.2,1,2,1,0.45
EMP11569,2022-09-11,HR & Admin,Deputy Manager,5,Nagpur Expressway Pkg-4,Highway,MGR049,Permanent,Recruitment Consultancy,38,6.2,74900,-0.1701,4.3,1,4,0,0.85
EMP11570,2021-08-19,Planning & Coordination,Deputy Manager,5,Bengaluru Tech Park,Commercial,MGR105,Permanent,Recruitment Consultancy,46,8.4,97900,0.0588,13.5,0,4,1,0.2
EMP11571,2019-09-15,Stores & Logistics,Deputy Manager,5,Delhi NCR Logistics Hub,Industrial,MGR119,Permanent,Recruitment Consultancy,31,6.7,81000,-0.1075,2.6,1,4,1,0.45
EMP11572,2024-11-30,MEP,Site Engineer,3,Mantralaya Redevelopment,Government Building,MGR014,Fixed Term Contract,Naukri / Job Portal,31,5.7,47300,0.0798,29.5,0,3,0,0.15
EMP11573,2024-05-11,Accounts & Finance,Accounts Officer,3,Bengaluru Tech Park,Commercial,MGR014,Fixed Term Contract,Internal Transfer,39,5.5,27200,-0.3104,3.5,0,2,1,0.2
EMP11574,2024-05-25,Quality Assurance & Control,QA/QC Engineer,3,Pune Metro Reach-3,Metro,MGR066,Apprentice / Trainee,Naukri / Job Portal,44,3.1,46000,0.008,4.3,0,3,1,0.25
EMP11575,2023-02-10,Accounts & Finance,Accounts Officer,3,Bengaluru Tech Park,Commercial,MGR066,Permanent,Employee Referral,29,4.4,35200,-0.0964,19.5,0,2,1,0.2
EMP11576,2023-12-02,EHS,Safety Officer,3,Pune Metro Reach-3,Metro,MGR062,Permanent,Naukri / Job Portal,26,3.4,47700,0.1751,31.7,0,3,0,0.25
EMP11577,2026-04-25,Civil Execution,Site Helper,1,Nagpur Expressway Pkg-4,Highway,MGR111,Permanent,Labour Contractor,29,2.0,19100,0.1304,2.4,1,1,0,0.85
EMP11578,2020-12-04,Business Support Services,HR Executive,3,Ahmedabad Water Works,Water,MGR003,Apprentice / Trainee,Naukri / Job Portal,37,5.7,30400,-0.2096,1.9,1,2,0,0.65
EMP11579,2022-01-10,Civil Execution,Junior Engineer,2,Mantralaya Redevelopment,Government Building,MGR097,Fixed Term Contract,Recruitment Consultancy,38,3.2,24300,-0.0999,20.5,0,2,1,0.15
EMP11580,2025-11-01,Civil Execution,Junior Engineer,2,Ahmedabad Water Works,Water,MGR059,Permanent,Labour Contractor,33,2.2,32000,0.1991,4.4,1,2,0,0.65
EMP11581,2022-11-22,Accounts & Finance,Accounts Officer,3,JNPA WOLP,Port Infrastructure,MGR058,Permanent,Internal Transfer,32,4.3,36800,-0.0542,5.9,1,2,0,0.55
EMP11582,2026-06-06,MEP,Junior Engineer,2,Bengaluru Tech Park,Commercial,MGR119,Fixed Term Contract,Naukri / Job Portal,32,4.1,26800,-0.0176,14.3,0,2,1,0.2
EMP11583,2019-12-06,EHS,Deputy Manager,5,Nagpur Expressway Pkg-4,Highway,MGR088,Permanent,Employee Referral,39,7.9,73000,-0.2062,2.4,1,4,1,0.85
EMP11584,2024-08-10,HR & Admin,Deputy Manager,5,Delhi NCR Logistics Hub,Industrial,MGR068,Permanent,Naukri / Job Portal,34,6.3,83500,-0.0758,4.6,1,4,0,0.45
EMP11585,2025-12-13,Civil Execution,Senior Engineer,4,Pune Metro Reach-3,Metro,MGR057,Permanent,Naukri / Job Portal,31,6.2,75100,0.1274,6.3,0,4,1,0.25
EMP11586,2024-11-23,Civil Execution,Construction Manager,5,Delhi NCR Logistics Hub,Industrial,MGR009,Fixed Term Contract,Recruitment Consultancy,33,7.2,87800,-0.1582,17.1,0,5,1,0.45
EMP11587,2023-07-29,Civil Execution,Site Helper,1,Delhi NCR Logistics Hub,Industrial,MGR014,Permanent,Labour Contractor,30,2.9,18900,0.1069,3.1,1,1,0,0.45
EMP11588,2024-11-09,Planning & Coordination,Planning Engineer,4,Pune Metro Reach-3,Metro,MGR058,Fixed Term Contract,Naukri / Job Portal,39,7.0,52900,-0.1586,11.2,0,4,1,0.25
EMP11589,2025-07-12,Accounts & Finance,Deputy Manager,5,Mumbai HO,Corporate,MGR006,Permanent,Recruitment Consultancy,44,6.6,122800,0.3546,28.1,0,4,1,0.05
EMP11590,2022-02-17,Design & Engineering,Senior Engineer,4,Bengaluru Tech Park,Commercial,MGR033,Permanent,Labour Contractor,29,5.7,69000,0.0417,32.2,0,4,0,0.2
EMP11591,2023-04-08,MEP,Junior Engineer,2,JNPA WOLP,Port Infrastructure,MGR018,Permanent,Recruitment Consultancy,25,3.6,24500,-0.0967,7.6,0,2,1,0.55
EMP11592,2024-09-28,HR & Admin,HR Executive,3,Bengaluru Tech Park,Commercial,MGR016,Permanent,Walk-in / Site Gate,25,4.2,33100,-0.1247,4.7,0,2,0,0.2
EMP11593,2024-12-14,Civil Execution,Supervisor,2,Bengaluru Tech Park,Commercial,MGR061,Permanent,Labour Contractor,19,2.2,29300,-0.0156,12.3,0,2,1,0.2
EMP11594,2023-02-22,Planning & Coordination,Deputy Manager,5,Nagpur Expressway Pkg-4,Highway,MGR118,Permanent,Recruitment Consultancy,41,6.4,102800,0.1365,5.3,1,4,0,0.85
EMP11595,2020-10-13,Accounts & Finance,Accounts Officer,3,Mumbai HO,Corporate,MGR025,Permanent,Recruitment Consultancy,25,4.3,29000,-0.2547,21.9,0,2,1,0.05
EMP11596,2024-11-02,Design & Engineering,Senior Engineer,4,Delhi NCR Logistics Hub,Industrial,MGR061,Permanent,Employee Referral,29,5.0,82800,0.2599,25.4,0,4,1,0.45
EMP11597,2024-11-23,Business Support Services,Procurement Executive,3,Nagpur Expressway Pkg-4,Highway,MGR009,Permanent,Campus Hiring,26,3.6,40000,-0.1479,0.5,1,3,1,0.85
EMP11598,2023-06-24,Civil Execution,Supervisor,2,JNPA WOLP,Port Infrastructure,MGR069,Retainer,Walk-in / Site Gate,27,3.3,30100,-0.0016,47.7,0,2,0,0.55
EMP11599,2021-12-01,Quality Assurance & Control,QA/QC Engineer,3,Delhi NCR Logistics Hub,Industrial,MGR005,Permanent,Naukri / Job Portal,28,3.3,45900,0.0034,13.9,0,3,1,0.45
EMP11600,2022-02-17,Planning & Coordination,Deputy Manager,5,Pune Metro Reach-3,Metro,MGR005,Permanent,Naukri / Job Portal,30,7.2,83600,-0.0839,20.2,0,4,0,0.25
EMP11601,2024-03-02,Business Support Services,Procurement Executive,3,Nagpur Expressway Pkg-4,Highway,MGR096,Permanent,Recruitment Consultancy,31,6.1,47400,-0.0185,11.3,0,3,0,0.85
EMP11602,2020-10-16,Civil Execution,Junior Engineer,2,Mantralaya Redevelopment,Government Building,MGR059,Retainer,Walk-in / Site Gate,23,5.9,30000,0.0776,5.4,0,2,0,0.15
EMP11603,2026-02-14,Design & Engineering,Senior Engineer,4,Mantralaya Redevelopment,Government Building,MGR023,Permanent,Employee Referral,39,7.4,57000,-0.1556,33.2,0,4,0,0.15
EMP11604,2023-09-30,Procurement,Procurement Executive,3,Mumbai HO,Corporate,MGR069,Apprentice / Trainee,Employee Referral,22,6.6,43400,-0.1063,8.7,0,3,1,0.05
EMP11605,2024-07-27,EHS,Supervisor,2,Delhi NCR Logistics Hub,Industrial,MGR042,Permanent,Campus Hiring,24,3.1,31300,0.0406,35.5,0,2,1,0.45
EMP11606,2020-10-05,Business Support Services,HR Executive,3,Nagpur Expressway Pkg-4,Highway,MGR085,Fixed Term Contract,Internal Transfer,36,3.8,32800,-0.1286,8.7,1,2,1,0.85
EMP11607,2025-01-18,Quality Assurance & Control,Junior Engineer,2,Nagpur Expressway Pkg-4,Highway,MGR003,Fixed Term Contract,Naukri / Job Portal,26,2.3,23700,-0.1129,2.7,0,2,1,0.85
EMP11608,2022-08-25,MEP,Senior Engineer,4,Bengaluru Tech Park,Commercial,MGR001,Fixed Term Contract,Labour Contractor,34,7.6,61400,-0.0924,38.1,0,4,0,0.2
EMP11609,2024-08-03,Civil Execution,Site Helper,1,Mantralaya Redevelopment,Government Building,MGR004,Permanent,Labour Contractor,33,1.2,13800,-0.1755,4.1,0,1,0,0.15
EMP11610,2025-03-22,Quality Assurance & Control,QA/QC Engineer,3,JNPA WOLP,Port Infrastructure,MGR063,Permanent,Naukri / Job Portal,37,5.3,50300,0.0748,9.7,0,3,0,0.55
EMP11611,2026-01-24,Design & Engineering,Senior Engineer,4,Mumbai HO,Corporate,MGR004,Fixed Term Contract,Labour Contractor,34,6.4,79100,0.1848,26.1,0,4,0,0.05
EMP11612,2024-03-30,Business Support Services,Accounts Officer,3,Nagpur Expressway Pkg-4,Highway,MGR068,Permanent,Labour Contractor,25,4.0,34300,-0.1154,15.8,0,2,1,0.85
EMP11613,2020-08-19,Civil Execution,Construction Manager,5,Bengaluru Tech Park,Commercial,MGR114,Permanent,Recruitment Consultancy,38,6.2,89500,-0.1323,23.9,0,5,1,0.2
EMP11614,2021-04-10,Planning & Coordination,Senior Engineer,4,Pune Metro Reach-3,Metro,MGR065,Permanent,Naukri / Job Portal,27,8.0,81200,0.195,26.3,0,4,1,0.25
EMP11615,2024-10-05,Civil Execution,Junior Engineer,2,Ahmedabad Water Works,Water,MGR046,Permanent,Recruitment Consultancy,32,2.3,29200,0.0929,6.6,1,2,1,0.65
EMP11616,2020-09-28,MEP,Junior Engineer,2,Mantralaya Redevelopment,Government Building,MGR055,Fixed Term Contract,Internal Transfer,20,2.4,25900,-0.0317,58.1,0,2,1,0.15
EMP11617,2025-05-31,Civil Execution,Site Engineer,3,Bengaluru Tech Park,Commercial,MGR071,Fixed Term Contract,Naukri / Job Portal,27,3.6,45200,0.0568,20.9,0,3,0,0.2
EMP11618,2026-01-03,Stores & Logistics,Deputy Manager,5,JNPA WOLP,Port Infrastructure,MGR106,Apprentice / Trainee,Naukri / Job Portal,26,7.2,102300,0.121,2.9,1,4,1,0.55
EMP11619,2021-12-12,Quality Assurance & Control,QA/QC Engineer,3,Bengaluru Tech Park,Commercial,MGR104,Permanent,Labour Contractor,32,6.4,40900,-0.1368,55.5,0,3,0,0.2
EMP11620,2022-01-16,Design & Engineering,Senior Engineer,4,JNPA WOLP,Port Infrastructure,MGR120,Permanent,Naukri / Job Portal,40,6.1,65400,-0.0171,1.2,1,4,0,0.55
EMP11621,2024-12-14,Stores & Logistics,Site Helper,1,Pune Metro Reach-3,Metro,MGR044,Fixed Term Contract,Employee Referral,33,2.1,16400,-0.0305,13.9,0,1,1,0.25
EMP11622,2019-09-20,Civil Execution,Junior Engineer,2,Bengaluru Tech Park,Commercial,MGR102,Fixed Term Contract,Naukri / Job Portal,39,2.5,25000,-0.0665,11.6,0,2,1,0.2
EMP11623,2021-06-24,Business Support Services,Procurement Executive,3,Bengaluru Tech Park,Commercial,MGR081,Fixed Term Contract,Naukri / Job Portal,38,9.8,58400,0.1612,25.6,0,3,0,0.2
EMP11624,2024-10-26,Design & Engineering,Senior Engineer,4,Mantralaya Redevelopment,Government Building,MGR017,Fixed Term Contract,Labour Contractor,33,5.9,42700,-0.3568,8.0,0,4,0,0.15
EMP11625,2022-11-14,HR & Admin,Deputy Manager,5,Bengaluru Tech Park,Commercial,MGR115,Permanent,Internal Transfer,41,6.3,103000,0.14,27.0,0,4,0,0.2
EMP11626,2023-10-14,Stores & Logistics,Supervisor,2,Mantralaya Redevelopment,Government Building,MGR065,Permanent,Naukri / Job Portal,31,3.4,31300,0.037,13.9,0,2,1,0.15
EMP11627,2026-03-21,Civil Execution,Junior Engineer,2,Mantralaya Redevelopment,Government Building,MGR103,Fixed Term Contract,Recruitment Consultancy,25,2.3,22300,-0.1653,2.7,0,2,0,0.15
EMP11628,2023-07-01,MEP,Site Engineer,3,Nagpur Expressway Pkg-4,Highway,MGR047,Retainer,Labour Contractor,26,5.0,47500,0.093,1.8,1,3,0,0.85
EMP11629,2024-05-18,Civil Execution,Junior Engineer,2,Nagpur Expressway Pkg-4,Highway,MGR113,Fixed Term Contract,Naukri / Job Portal,27,2.3,21700,-0.1878,0.9,1,2,0,0.85
EMP11630,2023-10-07,Business Support Services,Accounts Officer,3,Mumbai HO,Corporate,MGR089,Permanent,Walk-in / Site Gate,30,4.8,43400,0.1091,10.8,0,2,0,0.05
EMP11631,2019-03-04,Quality Assurance & Control,Junior Engineer,2,Delhi NCR Logistics Hub,Industrial,MGR069,Permanent,Naukri / Job Portal,32,4.1,28600,0.0484,34.5,0,2,0,0.45
EMP11632,2026-01-10,Planning & Coordination,Deputy Manager,5,Nagpur Expressway Pkg-4,Highway,MGR105,Permanent,Employee Referral,37,12.8,79000,-0.1847,8.2,1,4,1,0.85
EMP11633,2024-01-13,Civil Execution,Supervisor,2,Mantralaya Redevelopment,Government Building,MGR020,Fixed Term Contract,Labour Contractor,19,2.2,30700,0.0314,24.9,0,2,0,0.15
EMP11634,2023-09-02,Civil Execution,Supervisor,2,Mumbai HO,Corporate,MGR069,Permanent,Employee Referral,28,2.4,33600,0.1262,11.8,0,2,1,0.05
EMP11635,2025-08-16,MEP,Site Engineer,3,Mantralaya Redevelopment,Government Building,MGR089,Permanent,Employee Referral,35,3.3,54400,0.2763,9.9,0,3,1,0.15
EMP11636,2020-10-05,HR & Admin,Deputy Manager,5,Delhi NCR Logistics Hub,Industrial,MGR049,Permanent,Recruitment Consultancy,44,10.0,74000,-0.2134,5.3,1,4,0,0.45
EMP11637,2020-01-27,Accounts & Finance,Accounts Officer,3,Bengaluru Tech Park,Commercial,MGR104,Retainer,Labour Contractor,24,4.6,35700,-0.0856,24.0,0,2,0,0.2
EMP11638,2025-06-28,Accounts & Finance,Deputy Manager,5,Bengaluru Tech Park,Commercial,MGR080,Apprentice / Trainee,Naukri / Job Portal,45,7.9,108900,0.1842,9.3,0,4,0,0.2
EMP11639,2025-10-18,MEP,Junior Engineer,2,Delhi NCR Logistics Hub,Industrial,MGR029,Fixed Term Contract,Labour Contractor,35,4.3,24400,-0.1076,6.8,0,2,0,0.45
EMP11640,2025-02-15,Accounts & Finance,Deputy Manager,5,JNPA WOLP,Port Infrastructure,MGR083,Fixed Term Contract,Naukri / Job Portal,41,6.7,89700,-0.0116,16.2,0,4,0,0.55
EMP11641,2021-06-14,Planning & Coordination,Planning Engineer,4,JNPA WOLP,Port Infrastructure,MGR004,Permanent,Internal Transfer,27,4.6,69300,0.1323,0.5,1,4,1,0.55
EMP11642,2025-05-31,EHS,Deputy Manager,5,Pune Metro Reach-3,Metro,MGR030,Permanent,Employee Referral,35,9.7,103000,0.0983,4.7,0,4,1,0.25
EMP11643,2024-03-09,Design & Engineering,Design Engineer,4,Delhi NCR Logistics Hub,Industrial,MGR060,Permanent,Walk-in / Site Gate,27,4.7,55800,-0.1197,27.4,0,4,0,0.45
EMP11644,2021-08-24,HR & Admin,HR Executive,3,Mumbai HO,Corporate,MGR045,Permanent,Labour Contractor,38,3.7,45700,0.2155,2.2,0,2,0,0.05
EMP11645,2021-01-29,Procurement,Procurement Executive,3,Delhi NCR Logistics Hub,Industrial,MGR019,Permanent,Recruitment Consultancy,27,7.1,55000,0.1263,14.3,0,3,0,0.45
EMP11646,2021-06-21,Civil Execution,Senior Engineer,4,Ahmedabad Water Works,Water,MGR058,Fixed Term Contract,Naukri / Job Portal,38,7.2,62600,-0.0706,5.8,1,4,1,0.65
EMP11647,2025-04-26,Civil Execution,Project Manager,6,JNPA WOLP,Port Infrastructure,MGR019,Retainer,Employee Referral,46,8.9,154400,0.0899,1.4,1,5,0,0.55
EMP11648,2023-11-11,Quality Assurance & Control,QA/QC Engineer,3,JNPA WOLP,Port Infrastructure,MGR040,Permanent,Employee Referral,20,5.2,35100,-0.2491,0.9,1,3,1,0.55
EMP11649,2025-01-04,Procurement,Procurement Executive,3,Pune Metro Reach-3,Metro,MGR072,Permanent,Recruitment Consultancy,29,3.6,48600,0.0353,43.0,0,3,0,0.25
EMP11650,2023-06-17,MEP,Site Engineer,3,Mantralaya Redevelopment,Government Building,MGR073,Apprentice / Trainee,Naukri / Job Portal,29,4.1,49700,0.1554,8.5,0,3,0,0.15
EMP11651,2025-11-15,HR & Admin,HR Executive,3,Mumbai HO,Corporate,MGR073,Permanent,Employee Referral,28,3.3,32200,-0.1396,10.8,0,2,1,0.05
EMP11652,2021-07-30,Business Support Services,Procurement Executive,3,Bengaluru Tech Park,Commercial,MGR064,Permanent,Recruitment Consultancy,31,6.5,44700,-0.0785,17.1,0,3,0,0.2
EMP11653,2023-09-16,Design & Engineering,Senior Engineer,4,Nagpur Expressway Pkg-4,Highway,MGR024,Permanent,Internal Transfer,30,4.6,70000,0.07,2.0,1,4,0,0.85
EMP11654,2024-07-13,Stores & Logistics,Store Officer,2,Bengaluru Tech Park,Commercial,MGR016,Permanent,Naukri / Job Portal,23,3.1,31900,0.0984,16.6,0,2,1,0.2
EMP11655,2025-08-02,Civil Execution,Construction Manager,5,Ahmedabad Water Works,Water,MGR071,Permanent,Employee Referral,33,6.7,85500,-0.1757,0.5,1,5,1,0.65
EMP11656,2022-11-25,Civil Execution,Site Engineer,3,Pune Metro Reach-3,Metro,MGR033,Permanent,Employee Referral,27,3.7,35700,-0.1663,24.9,0,3,1,0.25
EMP11657,2024-07-27,Design & Engineering,Deputy Manager,5,Mumbai HO,Corporate,MGR100,Permanent,Naukri / Job Portal,43,6.7,99200,0.0931,23.1,0,4,0,0.05
EMP11658,2019-04-27,Procurement,Deputy Manager,5,Mumbai HO,Corporate,MGR064,Permanent,Employee Referral,31,7.2,105400,0.155,8.0,0,4,1,0.05
EMP11659,2019-07-24,MEP,Junior Engineer,2,Delhi NCR Logistics Hub,Industrial,MGR012,Fixed Term Contract,Recruitment Consultancy,27,4.1,25500,-0.0652,3.0,1,2,1,0.45
EMP11660,2025-06-07,Civil Execution,Supervisor,2,Delhi NCR Logistics Hub,Industrial,MGR003,Retainer,Naukri / Job Portal,27,3.1,27100,-0.099,25.5,0,2,0,0.45
EMP11661,2021-11-12,Quality Assurance & Control,Junior Engineer,2,JNPA WOLP,Port Infrastructure,MGR064,Retainer,Naukri / Job Portal,26,6.6,30400,0.0834,3.6,1,2,0,0.55
EMP11662,2026-07-25,Civil Execution,Senior Engineer,4,Pune Metro Reach-3,Metro,MGR006,Permanent,Labour Contractor,41,6.8,89300,0.3317,29.3,0,4,0,0.25
EMP11663,2025-08-23,Procurement,Deputy Manager,5,Bengaluru Tech Park,Commercial,MGR045,Permanent,Employee Referral,31,10.1,101000,0.0724,10.7,0,4,1,0.2
EMP11664,2022-10-20,Civil Execution,Site Helper,1,JNPA WOLP,Port Infrastructure,MGR029,Permanent,Labour Contractor,19,2.9,15500,-0.0922,62.8,0,1,0,0.55
EMP11665,2023-08-12,Planning & Coordination,Senior Engineer,4,Pune Metro Reach-3,Metro,MGR072,Apprentice / Trainee,Campus Hiring,41,8.8,72100,0.0518,21.0,0,4,1,0.25
EMP11666,2020-05-21,Planning & Coordination,Senior Engineer,4,Mantralaya Redevelopment,Government Building,MGR029,Retainer,Walk-in / Site Gate,35,4.9,50300,-0.2338,20.8,0,4,1,0.15
EMP11667,2023-06-10,MEP,Deputy Manager,5,Pune Metro Reach-3,Metro,MGR009,Permanent,Employee Referral,36,7.3,78700,-0.1386,39.4,0,4,1,0.25
EMP11668,2025-03-08,MEP,Junior Engineer,2,Nagpur Expressway Pkg-4,Highway,MGR115,Fixed Term Contract,Campus Hiring,29,6.9,26400,-0.0623,2.3,1,2,1,0.85
EMP11669,2025-10-18,Quality Assurance & Control,Deputy Manager,5,Mumbai HO,Corporate,MGR087,Fixed Term Contract,Naukri / Job Portal,32,9.0,89900,-0.0341,15.8,0,4,0,0.05
EMP11670,2020-02-09,HR & Admin,Deputy Manager,5,Mantralaya Redevelopment,Government Building,MGR039,Permanent,Recruitment Consultancy,37,6.8,101500,0.1172,5.4,0,4,0,0.15
EMP11671,2022-08-30,MEP,Deputy Manager,5,Ahmedabad Water Works,Water,MGR014,Permanent,Recruitment Consultancy,47,6.8,84300,-0.0721,6.7,1,4,0,0.65
EMP11672,2025-10-11,Civil Execution,Senior Engineer,4,Bengaluru Tech Park,Commercial,MGR028,Apprentice / Trainee,Employee Referral,30,6.9,68900,0.0263,4.5,0,4,1,0.2
EMP11673,2024-07-27,Procurement,Procurement Executive,3,Nagpur Expressway Pkg-4,Highway,MGR101,Permanent,Labour Contractor,30,4.4,57400,0.2116,3.1,1,3,1,0.85
EMP11674,2025-12-13,EHS,Deputy Manager,5,JNPA WOLP,Port Infrastructure,MGR089,Apprentice / Trainee,Employee Referral,23,7.3,93700,0.0256,4.7,1,4,1,0.55
EMP11675,2025-03-29,Planning & Coordination,Senior Engineer,4,Ahmedabad Water Works,Water,MGR001,Fixed Term Contract,Campus Hiring,43,5.9,70700,0.0649,1.2,1,4,0,0.65
EMP11676,2021-02-22,Business Support Services,Accounts Officer,3,Pune Metro Reach-3,Metro,MGR120,Permanent,Labour Contractor,27,4.5,37200,-0.0461,46.5,0,2,0,0.25
EMP11677,2023-10-28,Quality Assurance & Control,Deputy Manager,5,Nagpur Expressway Pkg-4,Highway,MGR066,Permanent,Recruitment Consultancy,40,6.6,71800,-0.208,3.1,1,4,0,0.85
EMP11678,2024-11-02,Stores & Logistics,Supervisor,2,Bengaluru Tech Park,Commercial,MGR040,Fixed Term Contract,Recruitment Consultancy,34,3.3,39200,0.3002,21.1,0,2,1,0.2
EMP11679,2019-11-25,Civil Execution,Site Engineer,3,Mantralaya Redevelopment,Government Building,MGR059,Apprentice / Trainee,Internal Transfer,32,3.6,30900,-0.2776,7.4,0,3,0,0.15
EMP11680,2021-12-21,MEP,Deputy Manager,5,Nagpur Expressway Pkg-4,Highway,MGR004,Permanent,Internal Transfer,39,9.5,81900,-0.1248,15.0,1,4,1,0.85
EMP11681,2023-12-23,MEP,Junior Engineer,2,Ahmedabad Water Works,Water,MGR113,Fixed Term Contract,Internal Transfer,26,2.1,27600,0.0354,5.0,1,2,1,0.65
EMP11682,2025-09-13,Civil Execution,Site Engineer,3,Nagpur Expressway Pkg-4,Highway,MGR050,Permanent,Labour Contractor,38,3.5,52100,0.2195,3.0,1,3,0,0.85
EMP11683,2023-06-17,Quality Assurance & Control,Junior Engineer,2,Nagpur Expressway Pkg-4,Highway,MGR085,Permanent,Naukri / Job Portal,27,1.6,27800,0.0491,2.8,1,2,0,0.85
EMP11684,2025-08-16,EHS,Safety Officer,3,JNPA WOLP,Port Infrastructure,MGR008,Fixed Term Contract,Naukri / Job Portal,34,3.4,34700,-0.1451,22.3,0,3,1,0.55
EMP11685,2026-05-23,Accounts & Finance,Deputy Manager,5,Nagpur Expressway Pkg-4,Highway,MGR105,Fixed Term Contract,Recruitment Consultancy,38,6.9,85300,-0.0622,3.5,1,4,1,0.85
EMP11686,2024-06-29,Civil Execution,Supervisor,2,Mantralaya Redevelopment,Government Building,MGR069,Fixed Term Contract,Labour Contractor,33,3.2,26400,-0.1233,18.6,0,2,0,0.15
EMP11687,2019-09-20,Planning & Coordination,Senior Engineer,4,Mantralaya Redevelopment,Government Building,MGR051,Permanent,Internal Transfer,28,5.1,57200,-0.1306,21.8,0,4,1,0.15
EMP11688,2026-04-18,MEP,Senior Engineer,4,Mantralaya Redevelopment,Government Building,MGR067,Permanent,Recruitment Consultancy,44,4.8,63300,-0.0346,9.8,0,4,1,0.15
EMP11689,2022-09-09,Civil Execution,Project Manager,6,Mumbai HO,Corporate,MGR111,Retainer,Employee Referral,43,8.0,98400,-0.2986,14.7,0,5,1,0.05
EMP11690,2026-05-02,Civil Execution,Site Engineer,3,Mumbai HO,Corporate,MGR092,Fixed Term Contract,Naukri / Job Portal,30,4.3,31300,-0.274,10.7,0,3,0,0.05
EMP11691,2024-09-14,Civil Execution,Project Manager,6,Ahmedabad Water Works,Water,MGR081,Fixed Term Contract,Internal Transfer,50,8.4,158400,0.1242,5.5,1,5,1,0.65
EMP11692,2025-03-08,EHS,Deputy Manager,5,JNPA WOLP,Port Infrastructure,MGR006,Permanent,Internal Transfer,35,6.7,98000,0.0798,37.1,0,4,1,0.55
EMP11693,2025-08-16,Design & Engineering,Design Engineer,4,Mantralaya Redevelopment,Government Building,MGR005,Fixed Term Contract,Labour Contractor,31,7.0,75800,0.1654,16.0,0,4,0,0.15
EMP11694,2021-04-22,Planning & Coordination,Senior Engineer,4,JNPA WOLP,Port Infrastructure,MGR039,Permanent,Naukri / Job Portal,42,7.3,60200,-0.1072,2.4,1,4,0,0.55
EMP11695,2022-11-09,Quality Assurance & Control,Junior Engineer,2,Mantralaya Redevelopment,Government Building,MGR074,Permanent,Recruitment Consultancy,37,5.5,30600,0.1041,7.9,0,2,1,0.15
EMP11696,2021-10-04,Civil Execution,Construction Manager,5,Pune Metro Reach-3,Metro,MGR068,Fixed Term Contract,Recruitment Consultancy,28,10.1,72900,-0.3227,24.2,0,5,1,0.25
EMP11697,2024-06-08,MEP,Junior Engineer,2,Pune Metro Reach-3,Metro,MGR031,Fixed Term Contract,Naukri / Job Portal,35,3.7,33900,0.2484,17.9,0,2,1,0.25
EMP11698,2024-09-14,MEP,Senior Engineer,4,Bengaluru Tech Park,Commercial,MGR016,Permanent,Employee Referral,33,5.2,58100,-0.1179,7.9,0,4,1,0.2
EMP11699,2024-08-17,Stores & Logistics,Deputy Manager,5,JNPA WOLP,Port Infrastructure,MGR078,Permanent,Employee Referral,37,10.2,100400,0.0649,37.3,0,4,1,0.55
EMP11700,2026-06-13,Accounts & Finance,Accounts Officer,3,Mumbai HO,Corporate,MGR004,Retainer,Labour Contractor,29,7.2,38900,-0.0323,18.7,0,2,0,0.05
EMP11701,2026-03-14,Design & Engineering,Deputy Manager,5,JNPA WOLP,Port Infrastructure,MGR003,Permanent,Naukri / Job Portal,36,6.8,108100,0.1898,3.6,1,4,1,0.55
EMP11702,2025-02-08,Civil Execution,Junior Engineer,2,Delhi NCR Logistics Hub,Industrial,MGR088,Fixed Term Contract,Naukri / Job Portal,23,2.1,24400,-0.0846,3.4,1,2,0,0.45
EMP11703,2025-06-14,MEP,Deputy Manager,5,Ahmedabad Water Works,Water,MGR042,Permanent,Naukri / Job Portal,41,7.2,76100,-0.1661,43.2,0,4,0,0.65
EMP11704,2024-04-06,HR & Admin,Deputy Manager,5,Pune Metro Reach-3,Metro,MGR074,Permanent,Employee Referral,34,9.5,57100,-0.3898,22.4,0,4,0,0.25
EMP11705,2026-06-27,Accounts & Finance,Accounts Officer,3,Mantralaya Redevelopment,Government Building,MGR040,Permanent,Labour Contractor,48,3.5,39300,0.0193,14.2,0,2,0,0.15
EMP11706,2025-12-27,Civil Execution,Supervisor,2,Ahmedabad Water Works,Water,MGR043,Fixed Term Contract,Campus Hiring,29,5.9,25800,-0.1692,28.3,0,2,1,0.65
EMP11707,2023-11-04,Planning & Coordination,Deputy Manager,5,Pune Metro Reach-3,Metro,MGR101,Permanent,Recruitment Consultancy,27,6.3,98300,0.088,21.1,0,4,1,0.25
EMP11708,2023-11-11,Design & Engineering,Senior Engineer,4,JNPA WOLP,Port Infrastructure,MGR109,Permanent,Employee Referral,35,4.8,55100,-0.1597,1.7,1,4,1,0.55
EMP11709,2026-02-21,EHS,Safety Officer,3,Bengaluru Tech Park,Commercial,MGR105,Permanent,Employee Referral,27,3.7,47500,0.1662,3.8,0,3,0,0.2
EMP11710,2024-06-08,Stores & Logistics,Deputy Manager,5,JNPA WOLP,Port Infrastructure,MGR084,Fixed Term Contract,Employee Referral,35,9.2,109800,0.1772,2.1,1,4,1,0.55
EMP11711,2020-03-07,Design & Engineering,Senior Engineer,4,Mumbai HO,Corporate,MGR038,Permanent,Walk-in / Site Gate,32,6.3,63100,-0.0538,11.0,0,4,0,0.05
EMP11712,2024-10-26,EHS,Supervisor,2,Mantralaya Redevelopment,Government Building,MGR015,Permanent,Walk-in / Site Gate,21,2.1,21800,-0.2668,24.1,0,2,0,0.15
EMP11713,2022-09-13,Civil Execution,Supervisor,2,Pune Metro Reach-3,Metro,MGR096,Fixed Term Contract,Walk-in / Site Gate,21,5.6,30000,-0.0307,13.2,0,2,1,0.25
EMP11714,2025-07-12,Civil Execution,Construction Manager,5,Pune Metro Reach-3,Metro,MGR014,Permanent,Employee Referral,37,7.2,101300,-0.0287,9.7,0,5,1,0.25
EMP11715,2021-08-14,Civil Execution,Supervisor,2,Mumbai HO,Corporate,MGR113,Permanent,Employee Referral,20,3.8,30300,-0.0007,11.6,0,2,0,0.05
EMP11716,2024-05-11,Civil Execution,Supervisor,2,Bengaluru Tech Park,Commercial,MGR064,Fixed Term Contract,Campus Hiring,27,2.3,34500,0.1577,3.0,0,2,1,0.2
EMP11717,2020-12-25,Procurement,Procurement Executive,3,Mumbai HO,Corporate,MGR063,Permanent,Naukri / Job Portal,25,7.9,50700,0.0291,15.8,0,3,1,0.05
EMP11718,2023-05-06,Business Support Services,HR Executive,3,Bengaluru Tech Park,Commercial,MGR022,Retainer,Walk-in / Site Gate,36,4.3,42800,0.1306,11.8,0,2,0,0.2
EMP11719,2023-12-02,Planning & Coordination,Senior Engineer,4,Pune Metro Reach-3,Metro,MGR052,Permanent,Employee Referral,36,4.7,72800,0.1115,3.7,0,4,1,0.25
EMP11720,2024-10-26,Business Support Services,HR Executive,3,Mumbai HO,Corporate,MGR067,Permanent,Campus Hiring,30,3.1,40800,0.0927,1.5,0,2,1,0.05
EMP11721,2021-06-05,Stores & Logistics,Deputy Manager,5,Mumbai HO,Corporate,MGR050,Permanent,Recruitment Consultancy,21,6.6,92500,0.0204,15.9,0,4,1,0.05
EMP11722,2025-01-18,Business Support Services,Accounts Officer,3,Pune Metro Reach-3,Metro,MGR060,Permanent,Naukri / Job Portal,41,7.1,41500,0.0336,32.6,0,2,1,0.25
EMP11723,2025-03-08,Civil Execution,Junior Engineer,2,Mantralaya Redevelopment,Government Building,MGR087,Fixed Term Contract,Labour Contractor,23,2.5,33800,0.2621,15.0,0,2,1,0.15
EMP11724,2021-06-03,Planning & Coordination,Senior Engineer,4,Mantralaya Redevelopment,Government Building,MGR011,Permanent,Employee Referral,40,5.5,67100,0.0153,2.2,0,4,1,0.15
EMP11725,2021-03-18,Business Support Services,HR Executive,3,Pune Metro Reach-3,Metro,MGR114,Permanent,Internal Transfer,31,3.6,41300,0.0997,16.3,0,2,1,0.25
EMP11726,2025-08-23,EHS,Safety Officer,3,Bengaluru Tech Park,Commercial,MGR072,Permanent,Recruitment Consultancy,38,4.1,39600,-0.0322,10.1,0,3,0,0.2
EMP11727,2020-07-30,Civil Execution,Site Engineer,3,JNPA WOLP,Port Infrastructure,MGR090,Retainer,Campus Hiring,32,5.7,43600,-0.0047,0.5,1,3,1,0.55
EMP11728,2024-01-27,Quality Assurance & Control,QA/QC Engineer,3,Nagpur Expressway Pkg-4,Highway,MGR030,Permanent,Walk-in / Site Gate,30,4.9,47000,0.0089,39.2,0,3,0,0.85
EMP11729,2023-06-10,Stores & Logistics,Supervisor,2,JNPA WOLP,Port Infrastructure,MGR011,Fixed Term Contract,Labour Contractor,24,2.0,32000,0.0776,52.3,0,2,0,0.55
EMP11730,2025-05-24,MEP,Site Engineer,3,JNPA WOLP,Port Infrastructure,MGR040,Permanent,Campus Hiring,30,6.4,38400,-0.1302,31.0,0,3,1,0.55
EMP11731,2026-04-18,Civil Execution,Site Engineer,3,Delhi NCR Logistics Hub,Industrial,MGR094,Permanent,Recruitment Consultancy,41,3.8,52400,0.2223,10.8,0,3,0,0.45
EMP11732,2024-01-20,Civil Execution,Senior Engineer,4,Bengaluru Tech Park,Commercial,MGR036,Permanent,Internal Transfer,38,8.3,81500,0.1954,21.6,0,4,1,0.2
EMP11733,2025-09-13,Design & Engineering,Senior Engineer,4,Mumbai HO,Corporate,MGR038,Fixed Term Contract,Campus Hiring,41,6.0,70900,0.0667,2.1,0,4,1,0.05
EMP11734,2022-06-10,Civil Execution,Site Helper,1,Mantralaya Redevelopment,Government Building,MGR063,Fixed Term Contract,Walk-in / Site Gate,19,2.9,17700,0.0367,8.3,0,1,0,0.15
EMP11735,2023-11-18,Civil Execution,Junior Engineer,2,JNPA WOLP,Port Infrastructure,MGR022,Fixed Term Contract,Naukri / Job Portal,26,4.3,34600,0.2655,12.1,0,2,1,0.55
EMP11736,2020-12-10,Civil Execution,Site Engineer,3,Nagpur Expressway Pkg-4,Highway,MGR097,Permanent,Walk-in / Site Gate,29,3.7,39600,-0.0752,11.0,0,3,0,0.85
EMP11737,2025-04-12,Business Support Services,HR Executive,3,Mumbai HO,Corporate,MGR024,Fixed Term Contract,Employee Referral,39,3.5,34900,-0.0696,6.2,0,2,0,0.05
EMP11738,2021-10-07,Accounts & Finance,Accounts Officer,3,Mumbai HO,Corporate,MGR086,Permanent,Employee Referral,22,4.5,46800,0.2001,13.5,0,2,1,0.05
EMP11739,2025-12-27,HR & Admin,HR Executive,3,Mantralaya Redevelopment,Government Building,MGR062,Permanent,Labour Contractor,42,4.5,39900,0.0515,53.4,0,2,0,0.15
EMP11740,2024-11-30,HR & Admin,HR Executive,3,Mumbai HO,Corporate,MGR090,Fixed Term Contract,Naukri / Job Portal,38,4.6,38700,0.0188,21.1,0,2,0,0.05
EMP11741,2026-06-06,Stores & Logistics,Store Officer,2,JNPA WOLP,Port Infrastructure,MGR037,Fixed Term Contract,Recruitment Consultancy,24,3.5,35800,0.227,4.8,1,2,1,0.55
EMP11742,2023-06-03,Civil Execution,Supervisor,2,Nagpur Expressway Pkg-4,Highway,MGR031,Fixed Term Contract,Walk-in / Site Gate,36,2.0,31400,0.0574,1.3,1,2,0,0.85
EMP11743,2025-03-15,Procurement,Deputy Manager,5,Mumbai HO,Corporate,MGR090,Permanent,Naukri / Job Portal,42,8.1,94800,0.0286,6.7,0,4,1,0.05
EMP11744,2023-04-15,Civil Execution,Senior Engineer,4,Mantralaya Redevelopment,Government Building,MGR087,Permanent,Naukri / Job Portal,41,8.0,70400,0.036,4.2,0,4,0,0.15
EMP11745,2025-06-28,HR & Admin,HR Executive,3,Ahmedabad Water Works,Water,MGR015,Fixed Term Contract,Campus Hiring,38,4.4,34900,-0.0792,7.4,1,2,1,0.65
EMP11746,2025-02-15,Design & Engineering,Deputy Manager,5,Mantralaya Redevelopment,Government Building,MGR117,Permanent,Naukri / Job Portal,28,6.4,109500,0.2106,9.4,0,4,1,0.15
EMP11747,2026-02-28,Civil Execution,Project Manager,6,Delhi NCR Logistics Hub,Industrial,MGR015,Permanent,Employee Referral,45,8.9,141800,0.0009,26.0,0,5,1,0.45
EMP11748,2024-09-07,Civil Execution,Junior Engineer,2,JNPA WOLP,Port Infrastructure,MGR048,Permanent,Employee Referral,28,2.6,24800,-0.075,45.4,0,2,1,0.55
EMP11749,2025-11-15,EHS,Safety Officer,3,Bengaluru Tech Park,Commercial,MGR034,Retainer,Campus Hiring,31,3.6,36000,-0.1151,6.8,0,3,1,0.2
EMP11750,2024-06-01,MEP,Deputy Manager,5,Mumbai HO,Corporate,MGR067,Permanent,Internal Transfer,36,6.5,106600,0.1772,10.8,0,4,1,0.05
EMP11751,2025-05-24,MEP,Site Engineer,3,JNPA WOLP,Port Infrastructure,MGR069,Permanent,Naukri / Job Portal,35,7.4,43200,-0.0323,0.5,1,3,1,0.55
EMP11752,2025-04-26,EHS,Safety Officer,3,JNPA WOLP,Port Infrastructure,MGR097,Permanent,Employee Referral,34,3.6,39000,-0.0414,4.9,1,3,0,0.55
EMP11753,2020-03-31,Planning & Coordination,Planning Engineer,4,Ahmedabad Water Works,Water,MGR074,Fixed Term Contract,Recruitment Consultancy,36,7.7,72500,0.1443,10.1,0,4,1,0.65
EMP11754,2025-10-11,Stores & Logistics,Deputy Manager,5,JNPA WOLP,Port Infrastructure,MGR070,Apprentice / Trainee,Recruitment Consultancy,37,7.1,98900,0.0849,1.4,1,4,0,0.55
EMP11755,2023-07-22,Planning & Coordination,Deputy Manager,5,Mumbai HO,Corporate,MGR028,Apprentice / Trainee,Naukri / Job Portal,42,8.6,90800,-0.0202,3.3,0,4,1,0.05
EMP11756,2026-02-28,Planning & Coordination,Deputy Manager,5,Nagpur Expressway Pkg-4,Highway,MGR120,Permanent,Recruitment Consultancy,29,6.9,84900,-0.0666,4.1,1,4,1,0.85
EMP11757,2025-04-19,EHS,Safety Officer,3,Delhi NCR Logistics Hub,Industrial,MGR049,Permanent,Naukri / Job Portal,29,3.4,44900,0.1062,0.5,1,3,0,0.45
EMP11758,2023-04-29,Stores & Logistics,Store Officer,2,Ahmedabad Water Works,Water,MGR095,Fixed Term Contract,Internal Transfer,34,2.4,25100,-0.1287,1.3,1,2,1,0.65
EMP11759,2026-07-04,HR & Admin,Deputy Manager,5,Pune Metro Reach-3,Metro,MGR011,Permanent,Recruitment Consultancy,23,6.5,80700,-0.1088,26.9,0,4,1,0.25
EMP11760,2023-05-13,Stores & Logistics,Store Officer,2,Mumbai HO,Corporate,MGR001,Fixed Term Contract,Employee Referral,27,4.2,28800,-0.0208,22.5,0,2,0,0.05
EMP11761,2023-10-28,Civil Execution,Senior Engineer,4,Pune Metro Reach-3,Metro,MGR088,Permanent,Employee Referral,29,5.9,51900,-0.2183,11.4,0,4,1,0.25
EMP11762,2024-11-23,Planning & Coordination,Planning Engineer,4,Nagpur Expressway Pkg-4,Highway,MGR027,Permanent,Labour Contractor,28,6.4,72700,0.164,51.6,0,4,0,0.85
EMP11763,2024-06-22,Planning & Coordination,Senior Engineer,4,Delhi NCR Logistics Hub,Industrial,MGR116,Fixed Term Contract,Walk-in / Site Gate,32,5.3,71700,0.0873,2.6,1,4,0,0.45
EMP11764,2024-08-24,MEP,Senior Engineer,4,Pune Metro Reach-3,Metro,MGR026,Permanent,Labour Contractor,31,5.0,71200,0.0834,10.1,0,4,0,0.25
EMP11765,2024-03-30,Civil Execution,Site Helper,1,Delhi NCR Logistics Hub,Industrial,MGR037,Permanent,Labour Contractor,22,2.7,16400,-0.0373,20.1,0,1,1,0.45
EMP11766,2025-10-04,Stores & Logistics,Site Helper,1,Ahmedabad Water Works,Water,MGR021,Fixed Term Contract,Labour Contractor,29,2.8,15800,-0.0736,45.5,0,1,0,0.65
EMP11767,2021-06-24,Business Support Services,HR Executive,3,Ahmedabad Water Works,Water,MGR103,Apprentice / Trainee,Recruitment Consultancy,21,3.2,36100,-0.0343,3.1,1,2,1,0.65
EMP11768,2024-12-28,Civil Execution,Senior Engineer,4,JNPA WOLP,Port Infrastructure,MGR036,Fixed Term Contract,Labour Contractor,32,6.0,62700,-0.0566,3.0,1,4,1,0.55
EMP11769,2024-06-08,Accounts & Finance,Deputy Manager,5,Ahmedabad Water Works,Water,MGR002,Fixed Term Contract,Naukri / Job Portal,27,6.5,107100,0.1827,5.8,1,4,0,0.65
EMP11770,2023-06-03,Planning & Coordination,Senior Engineer,4,Nagpur Expressway Pkg-4,Highway,MGR006,Retainer,Internal Transfer,33,5.2,71500,0.0855,1.6,1,4,1,0.85
EMP11771,2023-07-01,Business Support Services,Procurement Executive,3,Ahmedabad Water Works,Water,MGR052,Permanent,Campus Hiring,36,3.2,41800,-0.1055,1.1,1,3,1,0.65
EMP11772,2026-06-27,Civil Execution,Site Engineer,3,Bengaluru Tech Park,Commercial,MGR115,Apprentice / Trainee,Employee Referral,37,4.1,51900,0.2065,27.8,0,3,0,0.2
EMP11773,2021-07-29,Civil Execution,Site Engineer,3,Nagpur Expressway Pkg-4,Highway,MGR073,Permanent,Naukri / Job Portal,25,5.8,37800,-0.138,7.5,1,3,0,0.85
EMP11774,2020-02-23,Planning & Coordination,Senior Engineer,4,Mantralaya Redevelopment,Government Building,MGR051,Fixed Term Contract,Naukri / Job Portal,34,4.8,67000,0.0218,15.2,0,4,0,0.15
EMP11775,2025-04-26,EHS,Deputy Manager,5,Bengaluru Tech Park,Commercial,MGR094,Fixed Term Contract,Recruitment Consultancy,42,6.9,93500,0.028,5.8,0,4,1,0.2
EMP11776,2025-12-06,MEP,Senior Engineer,4,JNPA WOLP,Port Infrastructure,MGR068,Fixed Term Contract,Naukri / Job Portal,30,4.9,52300,-0.2033,3.0,1,4,0,0.55
EMP11777,2021-09-28,Quality Assurance & Control,Junior Engineer,2,Bengaluru Tech Park,Commercial,MGR104,Fixed Term Contract,Labour Contractor,34,3.8,25300,-0.0694,10.3,0,2,0,0.2
EMP11778,2022-01-24,MEP,Junior Engineer,2,JNPA WOLP,Port Infrastructure,MGR107,Permanent,Naukri / Job Portal,37,1.9,31500,0.1845,1.4,1,2,0,0.55
EMP11779,2021-11-21,Accounts & Finance,Deputy Manager,5,Pune Metro Reach-3,Metro,MGR093,Retainer,Naukri / Job Portal,36,8.8,84900,-0.0858,16.7,0,4,0,0.25
EMP11780,2023-09-16,Quality Assurance & Control,QA/QC Engineer,3,Bengaluru Tech Park,Commercial,MGR043,Fixed Term Contract,Naukri / Job Portal,34,3.3,34400,-0.248,28.7,0,3,1,0.2
EMP11781,2020-12-07,Planning & Coordination,Senior Engineer,4,Nagpur Expressway Pkg-4,Highway,MGR046,Permanent,Naukri / Job Portal,34,8.6,58800,-0.1403,7.2,0,4,0,0.85
EMP11782,2026-01-03,EHS,Deputy Manager,5,Nagpur Expressway Pkg-4,Highway,MGR055,Permanent,Employee Referral,46,6.8,87800,-0.0336,0.5,1,4,0,0.85
EMP11783,2024-04-13,Procurement,Deputy Manager,5,Nagpur Expressway Pkg-4,Highway,MGR009,Permanent,Recruitment Consultancy,40,8.3,115100,0.2461,7.5,1,4,0,0.85
EMP11784,2024-03-02,Business Support Services,Accounts Officer,3,Pune Metro Reach-3,Metro,MGR033,Permanent,Recruitment Consultancy,28,3.1,31300,-0.1844,4.7,0,2,0,0.25
EMP11785,2023-11-18,EHS,Deputy Manager,5,Bengaluru Tech Park,Commercial,MGR033,Permanent,Naukri / Job Portal,43,6.8,105000,0.1557,5.5,0,4,1,0.2
EMP11786,2020-01-17,EHS,Deputy Manager,5,JNPA WOLP,Port Infrastructure,MGR027,Permanent,Recruitment Consultancy,40,6.4,85800,-0.0514,14.1,0,4,1,0.55
EMP11787,2021-07-10,Civil Execution,Construction Manager,5,Nagpur Expressway Pkg-4,Highway,MGR087,Permanent,Naukri / Job Portal,37,8.6,96500,-0.0888,0.5,1,5,1,0.85
EMP11788,2025-04-26,Planning & Coordination,Planning Engineer,4,JNPA WOLP,Port Infrastructure,MGR103,Permanent,Internal Transfer,41,5.3,66000,0.0699,0.7,1,4,1,0.55
EMP11789,2025-03-22,Civil Execution,Junior Engineer,2,JNPA WOLP,Port Infrastructure,MGR026,Permanent,Naukri / Job Portal,35,2.3,26700,-0.0007,1.1,1,2,0,0.55
EMP11790,2023-08-19,Civil Execution,Site Helper,1,Pune Metro Reach-3,Metro,MGR047,Fixed Term Contract,Employee Referral,23,1.6,18000,0.0704,4.7,0,1,1,0.25
EMP11791,2021-06-11,Stores & Logistics,Supervisor,2,Mumbai HO,Corporate,MGR001,Apprentice / Trainee,Walk-in / Site Gate,34,1.9,34000,0.1463,7.8,0,2,0,0.05
EMP11792,2021-06-11,EHS,Supervisor,2,JNPA WOLP,Port Infrastructure,MGR099,Fixed Term Contract,Employee Referral,23,2.9,24800,-0.1736,2.1,1,2,0,0.55
EMP11793,2024-11-02,MEP,Site Engineer,3,Mantralaya Redevelopment,Government Building,MGR073,Fixed Term Contract,Naukri / Job Portal,42,4.4,37200,-0.1382,42.9,0,3,1,0.15
EMP11794,2024-05-18,Design & Engineering,Design Engineer,4,JNPA WOLP,Port Infrastructure,MGR106,Permanent,Walk-in / Site Gate,35,5.3,59400,-0.0692,5.7,0,4,0,0.55
EMP11795,2023-10-07,HR & Admin,HR Executive,3,Pune Metro Reach-3,Metro,MGR098,Permanent,Campus Hiring,40,4.0,32500,-0.1386,1.0,0,2,0,0.25
EMP11796,2023-06-03,MEP,Senior Engineer,4,Pune Metro Reach-3,Metro,MGR051,Permanent,Recruitment Consultancy,35,6.5,80800,0.2089,29.3,0,4,0,0.25
EMP11797,2023-04-01,Accounts & Finance,Deputy Manager,5,Mumbai HO,Corporate,MGR006,Fixed Term Contract,Recruitment Consultancy,31,7.5,82400,-0.1,9.4,0,4,0,0.05
EMP11798,2023-09-09,MEP,Deputy Manager,5,Ahmedabad Water Works,Water,MGR079,Retainer,Naukri / Job Portal,45,6.8,84600,-0.0688,25.8,0,4,0,0.65
EMP11799,2025-07-12,HR & Admin,Deputy Manager,5,Delhi NCR Logistics Hub,Industrial,MGR079,Permanent,Internal Transfer,44,6.9,106000,0.1654,2.1,0,4,1,0.45
EMP11800,2025-08-09,EHS,Supervisor,2,Nagpur Expressway Pkg-4,Highway,MGR075,Permanent,Employee Referral,29,1.6,36400,0.2315,30.9,0,2,1,0.85
EMP11801,2022-09-21,Civil Execution,Senior Engineer,4,Ahmedabad Water Works,Water,MGR119,Fixed Term Contract,Recruitment Consultancy,37,6.5,69700,0.0429,91.0,0,4,0,0.65
EMP11802,2024-03-02,Stores & Logistics,Supervisor,2,Bengaluru Tech Park,Commercial,MGR108,Fixed Term Contract,Internal Transfer,24,2.4,25500,-0.1453,11.4,0,2,1,0.2
EMP11803,2020-11-17,Accounts & Finance,Accounts Officer,3,Nagpur Expressway Pkg-4,Highway,MGR080,Permanent,Naukri / Job Portal,29,5.2,35800,-0.0893,11.9,0,2,0,0.85
EMP11804,2024-11-23,MEP,Site Engineer,3,Mantralaya Redevelopment,Government Building,MGR012,Permanent,Walk-in / Site Gate,39,4.9,43800,0.009,8.3,0,3,0,0.15
EMP11805,2024-07-20,Civil Execution,Senior Engineer,4,JNPA WOLP,Port Infrastructure,MGR102,Permanent,Internal Transfer,38,5.3,46000,-0.3024,13.6,0,4,0,0.55
EMP11806,2020-07-23,Civil Execution,Junior Engineer,2,JNPA WOLP,Port Infrastructure,MGR084,Fixed Term Contract,Campus Hiring,28,1.8,21900,-0.1755,1.0,1,2,1,0.55
EMP11807,2019-06-29,Civil Execution,Project Manager,6,JNPA WOLP,Port Infrastructure,MGR020,Fixed Term Contract,Employee Referral,41,7.8,101300,-0.2763,1.0,1,5,1,0.55
EMP11808,2020-12-27,Planning & Coordination,Deputy Manager,5,Ahmedabad Water Works,Water,MGR070,Fixed Term Contract,Naukri / Job Portal,39,6.9,74000,-0.1864,4.0,1,4,0,0.65
EMP11809,2024-12-21,Stores & Logistics,Store Officer,2,Bengaluru Tech Park,Commercial,MGR085,Permanent,Internal Transfer,30,1.8,35400,0.2376,23.3,0,2,1,0.2
EMP11810,2026-01-03,Accounts & Finance,Accounts Officer,3,Pune Metro Reach-3,Metro,MGR003,Retainer,Naukri / Job Portal,28,3.1,42100,0.097,13.5,0,2,0,0.25
EMP11811,2025-08-09,Stores & Logistics,Deputy Manager,5,JNPA WOLP,Port Infrastructure,MGR081,Retainer,Naukri / Job Portal,41,7.3,88100,-0.0357,1.8,1,4,0,0.55
EMP11812,2026-08-08,Civil Execution,Construction Manager,5,Delhi NCR Logistics Hub,Industrial,MGR010,Permanent,Recruitment Consultancy,46,6.9,103200,-0.0072,0.7,1,5,1,0.45
EMP11813,2022-11-06,Design & Engineering,Senior Engineer,4,Pune Metro Reach-3,Metro,MGR050,Fixed Term Contract,Naukri / Job Portal,27,6.3,69000,0.0347,3.5,0,4,0,0.25
EMP11814,2022-02-17,HR & Admin,HR Executive,3,Mumbai HO,Corporate,MGR011,Permanent,Naukri / Job Portal,25,5.1,42500,0.1125,26.9,0,2,1,0.05
EMP11815,2023-10-14,Quality Assurance & Control,QA/QC Engineer,3,Nagpur Expressway Pkg-4,Highway,MGR096,Permanent,Employee Referral,50,3.2,40100,-0.1223,2.5,1,3,1,0.85
EMP11816,2021-02-06,Business Support Services,Accounts Officer,3,JNPA WOLP,Port Infrastructure,MGR093,Fixed Term Contract,Recruitment Consultancy,28,3.8,44900,0.1606,14.8,0,2,1,0.55
EMP11817,2024-07-20,Procurement,Procurement Executive,3,Delhi NCR Logistics Hub,Industrial,MGR013,Fixed Term Contract,Campus Hiring,35,5.2,41800,-0.1257,35.3,0,3,0,0.45
EMP11818,2024-07-27,Procurement,Procurement Executive,3,Bengaluru Tech Park,Commercial,MGR117,Fixed Term Contract,Naukri / Job Portal,19,5.8,56700,0.178,18.2,0,3,1,0.2
EMP11819,2024-04-13,Design & Engineering,Design Engineer,4,Mumbai HO,Corporate,MGR060,Permanent,Employee Referral,30,5.3,73500,0.1517,31.0,0,4,1,0.05
EMP11820,2025-01-04,Stores & Logistics,Site Helper,1,Mumbai HO,Corporate,MGR067,Fixed Term Contract,Labour Contractor,25,1.5,17400,0.0359,6.2,0,1,0,0.05
EMP11821,2021-04-07,MEP,Senior Engineer,4,Mantralaya Redevelopment,Government Building,MGR005,Permanent,Employee Referral,27,4.8,64800,-0.0118,18.1,0,4,1,0.15
EMP11822,2023-08-26,MEP,Senior Engineer,4,Pune Metro Reach-3,Metro,MGR112,Retainer,Employee Referral,32,4.7,68900,0.052,5.4,0,4,1,0.25
EMP11823,2024-12-21,Civil Execution,Project Manager,6,Delhi NCR Logistics Hub,Industrial,MGR024,Permanent,Employee Referral,48,11.4,147500,0.0137,10.9,0,5,1,0.45
EMP11824,2025-09-27,Business Support Services,Procurement Executive,3,Bengaluru Tech Park,Commercial,MGR043,Permanent,Labour Contractor,22,5.6,45100,-0.0609,11.3,0,3,0,0.2
EMP11825,2020-03-06,Accounts & Finance,Accounts Officer,3,Ahmedabad Water Works,Water,MGR071,Retainer,Walk-in / Site Gate,52,5.4,37300,-0.0532,6.5,1,2,0,0.65
EMP11826,2026-02-21,MEP,Deputy Manager,5,Nagpur Expressway Pkg-4,Highway,MGR019,Permanent,Employee Referral,39,7.4,94000,0.0278,6.6,1,4,0,0.85
EMP11827,2025-12-27,MEP,Junior Engineer,2,Nagpur Expressway Pkg-4,Highway,MGR059,Fixed Term Contract,Internal Transfer,36,3.7,30600,0.1269,3.0,1,2,1,0.85
EMP11828,2025-10-11,Stores & Logistics,Site Helper,1,Pune Metro Reach-3,Metro,MGR109,Fixed Term Contract,Labour Contractor,29,4.3,17000,-0.0203,4.0,0,1,0,0.25
EMP11829,2020-03-24,EHS,Supervisor,2,Ahmedabad Water Works,Water,MGR090,Permanent,Employee Referral,28,6.0,26100,-0.1604,16.4,0,2,1,0.65
EMP11830,2026-03-07,Quality Assurance & Control,Deputy Manager,5,Mantralaya Redevelopment,Government Building,MGR002,Permanent,Employee Referral,34,7.4,69000,-0.2456,20.0,0,4,1,0.15
EMP11831,2024-12-28,Quality Assurance & Control,QA/QC Engineer,3,Ahmedabad Water Works,Water,MGR087,Retainer,Naukri / Job Portal,24,4.8,53900,0.1583,8.1,1,3,0,0.65
EMP11832,2019-12-30,EHS,Deputy Manager,5,Bengaluru Tech Park,Commercial,MGR072,Permanent,Naukri / Job Portal,28,6.9,78000,-0.1424,15.0,0,4,0,0.2
EMP11833,2025-07-19,Civil Execution,Project Manager,6,Pune Metro Reach-3,Metro,MGR025,Permanent,Recruitment Consultancy,47,9.3,135800,-0.0456,7.3,0,5,0,0.25
EMP11834,2025-05-10,Stores & Logistics,Store Officer,2,Nagpur Expressway Pkg-4,Highway,MGR097,Permanent,Labour Contractor,25,2.4,25000,-0.1321,7.0,1,2,0,0.85
EMP11835,2021-02-12,Planning & Coordination,Senior Engineer,4,Mantralaya Redevelopment,Government Building,MGR072,Permanent,Recruitment Consultancy,44,5.8,74200,0.1189,8.7,0,4,0,0.15
EMP11836,2025-12-20,Civil Execution,Supervisor,2,JNPA WOLP,Port Infrastructure,MGR046,Permanent,Labour Contractor,29,3.9,29000,-0.0447,5.2,1,2,0,0.55
EMP11837,2025-10-25,MEP,Deputy Manager,5,Pune Metro Reach-3,Metro,MGR112,Permanent,Employee Referral,45,11.3,93800,-0.0167,5.5,0,4,1,0.25
EMP11838,2023-07-29,MEP,Site Engineer,3,JNPA WOLP,Port Infrastructure,MGR066,Fixed Term Contract,Naukri / Job Portal,31,3.2,45700,0.0734,1.6,1,3,1,0.55
EMP11839,2025-07-19,EHS,Supervisor,2,Nagpur Expressway Pkg-4,Highway,MGR029,Fixed Term Contract,Naukri / Job Portal,27,5.3,26400,-0.1441,4.3,1,2,1,0.85
EMP11840,2024-07-06,Stores & Logistics,Deputy Manager,5,Bengaluru Tech Park,Commercial,MGR049,Fixed Term Contract,Recruitment Consultancy,39,6.1,105800,0.1736,67.4,0,4,1,0.2
EMP11841,2026-02-21,Civil Execution,Supervisor,2,Nagpur Expressway Pkg-4,Highway,MGR045,Fixed Term Contract,Naukri / Job Portal,32,2.2,28400,-0.0459,9.1,1,2,0,0.85
EMP11842,2021-04-29,Procurement,Deputy Manager,5,Nagpur Expressway Pkg-4,Highway,MGR091,Permanent,Naukri / Job Portal,30,6.2,94800,0.0504,3.8,1,4,1,0.85
EMP11843,2023-04-15,MEP,Deputy Manager,5,Mumbai HO,Corporate,MGR007,Fixed Term Contract,Naukri / Job Portal,48,9.3,70600,-0.2439,31.8,0,4,0,0.05
EMP11844,2024-07-06,MEP,Site Engineer,3,Pune Metro Reach-3,Metro,MGR062,Permanent,Naukri / Job Portal,34,3.9,43100,0.0042,6.6,0,3,0,0.25
EMP11845,2021-09-05,Stores & Logistics,Supervisor,2,Delhi NCR Logistics Hub,Industrial,MGR070,Fixed Term Contract,Naukri / Job Portal,27,6.7,30200,-0.0361,17.8,0,2,0,0.45
EMP11846,2025-01-25,Business Support Services,Accounts Officer,3,Pune Metro Reach-3,Metro,MGR080,Permanent,Campus Hiring,25,4.0,38900,0.0032,14.7,0,2,0,0.25
EMP11847,2026-06-27,Accounts & Finance,Accounts Officer,3,Pune Metro Reach-3,Metro,MGR086,Permanent,Recruitment Consultancy,31,4.0,44300,0.1425,4.9,0,2,0,0.25
EMP11848,2021-07-07,EHS,Deputy Manager,5,Mantralaya Redevelopment,Government Building,MGR032,Permanent,Employee Referral,44,6.7,84800,-0.0656,32.3,0,4,1,0.15
EMP11849,2024-11-30,Accounts & Finance,Deputy Manager,5,Mumbai HO,Corporate,MGR119,Fixed Term Contract,Employee Referral,36,7.3,101500,0.111,11.3,0,4,1,0.05
EMP11850,2023-11-11,Civil Execution,Senior Engineer,4,JNPA WOLP,Port Infrastructure,MGR114,Permanent,Walk-in / Site Gate,40,5.5,75100,0.1363,3.1,1,4,1,0.55
EMP11851,2023-05-20,Civil Execution,Project Manager,6,JNPA WOLP,Port Infrastructure,MGR093,Permanent,Recruitment Consultancy,44,8.2,169300,0.2042,2.3,1,5,0,0.55
EMP11852,2024-09-28,Stores & Logistics,Supervisor,2,Nagpur Expressway Pkg-4,Highway,MGR115,Permanent,Employee Referral,21,2.3,32600,0.0939,29.8,0,2,1,0.85
EMP11853,2025-06-14,Quality Assurance & Control,Junior Engineer,2,Pune Metro Reach-3,Metro,MGR019,Fixed Term Contract,Internal Transfer,21,3.1,30300,0.1236,80.2,0,2,1,0.25
EMP11854,2026-03-21,Quality Assurance & Control,Junior Engineer,2,Delhi NCR Logistics Hub,Industrial,MGR088,Permanent,Employee Referral,37,1.8,33700,0.2687,19.1,0,2,1,0.45
EMP11855,2021-12-17,Accounts & Finance,Deputy Manager,5,Mumbai HO,Corporate,MGR024,Permanent,Employee Referral,49,8.3,86600,-0.0624,26.7,0,4,0,0.05
EMP11856,2024-06-29,Planning & Coordination,Planning Engineer,4,Mantralaya Redevelopment,Government Building,MGR082,Permanent,Employee Referral,30,6.8,76400,0.2179,29.7,0,4,1,0.15
EMP11857,2022-12-22,MEP,Deputy Manager,5,Nagpur Expressway Pkg-4,Highway,MGR094,Fixed Term Contract,Recruitment Consultancy,48,6.8,101700,0.1194,6.7,1,4,1,0.85
EMP11858,2022-07-02,Civil Execution,Senior Engineer,4,JNPA WOLP,Port Infrastructure,MGR064,Permanent,Recruitment Consultancy,28,6.7,73100,0.0913,3.3,1,4,0,0.55
EMP11859,2024-04-13,Civil Execution,Site Helper,1,Nagpur Expressway Pkg-4,Highway,MGR039,Apprentice / Trainee,Labour Contractor,28,0.4,14600,-0.1194,60.1,0,1,0,0.85
EMP11860,2023-05-06,Planning & Coordination,Senior Engineer,4,Mumbai HO,Corporate,MGR007,Fixed Term Contract,Employee Referral,32,5.3,58400,-0.1144,16.9,0,4,1,0.05
EMP11861,2025-12-27,Civil Execution,Construction Manager,5,Bengaluru Tech Park,Commercial,MGR077,Permanent,Employee Referral,40,8.8,103400,-0.0258,20.6,0,5,1,0.2
EMP11862,2026-07-11,Accounts & Finance,Accounts Officer,3,Ahmedabad Water Works,Water,MGR091,Permanent,Recruitment Consultancy,40,4.2,42500,0.0935,3.4,1,2,0,0.65
EMP11863,2025-03-08,Stores & Logistics,Site Helper,1,Pune Metro Reach-3,Metro,MGR050,Permanent,Labour Contractor,27,1.5,18900,0.1252,11.7,0,1,0,0.25
EMP11864,2025-08-09,Design & Engineering,Deputy Manager,5,Bengaluru Tech Park,Commercial,MGR001,Apprentice / Trainee,Employee Referral,29,6.7,99300,0.0942,24.0,0,4,1,0.2
EMP11865,2025-07-05,MEP,Site Engineer,3,Bengaluru Tech Park,Commercial,MGR071,Apprentice / Trainee,Naukri / Job Portal,35,3.5,44500,0.0416,27.4,0,3,1,0.2
EMP11866,2026-01-17,Planning & Coordination,Planning Engineer,4,Delhi NCR Logistics Hub,Industrial,MGR033,Permanent,Naukri / Job Portal,36,4.7,72200,0.1784,1.0,0,4,0,0.45
EMP11867,2022-04-24,MEP,Senior Engineer,4,JNPA WOLP,Port Infrastructure,MGR005,Apprentice / Trainee,Internal Transfer,30,6.2,69000,0.0358,35.6,0,4,1,0.55
EMP11868,2023-02-05,Planning & Coordination,Deputy Manager,5,Pune Metro Reach-3,Metro,MGR097,Fixed Term Contract,Employee Referral,45,6.8,71700,-0.2108,15.2,0,4,1,0.25
EMP11869,2023-06-10,Quality Assurance & Control,Deputy Manager,5,JNPA WOLP,Port Infrastructure,MGR012,Fixed Term Contract,Naukri / Job Portal,37,6.6,99300,0.0954,7.1,1,4,1,0.55
EMP11870,2023-09-16,Design & Engineering,Design Engineer,4,Bengaluru Tech Park,Commercial,MGR041,Permanent,Recruitment Consultancy,34,7.6,69900,0.0676,7.5,0,4,1,0.2
EMP11871,2025-08-30,Quality Assurance & Control,Deputy Manager,5,Nagpur Expressway Pkg-4,Highway,MGR002,Permanent,Naukri / Job Portal,37,6.7,100800,0.1107,2.3,1,4,1,0.85
EMP11872,2024-06-29,Business Support Services,HR Executive,3,Bengaluru Tech Park,Commercial,MGR044,Fixed Term Contract,Walk-in / Site Gate,26,5.1,29900,-0.2173,22.5,0,2,0,0.2
EMP11873,2026-05-23,MEP,Site Engineer,3,Pune Metro Reach-3,Metro,MGR017,Permanent,Naukri / Job Portal,29,5.4,42000,-0.038,10.4,0,3,1,0.25
EMP11874,2025-01-04,Stores & Logistics,Deputy Manager,5,Bengaluru Tech Park,Commercial,MGR109,Permanent,Employee Referral,37,6.8,77300,-0.1492,17.3,0,4,1,0.2
EMP11875,2025-11-01,EHS,Supervisor,2,Delhi NCR Logistics Hub,Industrial,MGR030,Fixed Term Contract,Employee Referral,22,2.2,26900,-0.0963,4.2,1,2,1,0.45
EMP11876,2024-10-12,Stores & Logistics,Deputy Manager,5,Nagpur Expressway Pkg-4,Highway,MGR028,Permanent,Employee Referral,38,7.6,112000,0.2219,8.3,0,4,1,0.85
EMP11877,2022-08-06,MEP,Senior Engineer,4,Delhi NCR Logistics Hub,Industrial,MGR107,Fixed Term Contract,Labour Contractor,31,8.3,77100,0.1309,10.4,0,4,1,0.45
EMP11878,2024-06-15,Quality Assurance & Control,QA/QC Engineer,3,Ahmedabad Water Works,Water,MGR026,Fixed Term Contract,Labour Contractor,29,4.3,52300,0.1303,28.8,0,3,0,0.65
EMP11879,2022-01-24,Civil Execution,Project Manager,6,Pune Metro Reach-3,Metro,MGR025,Fixed Term Contract,Recruitment Consultancy,30,7.9,112200,-0.1993,15.4,0,5,1,0.25
EMP11880,2025-11-29,Design & Engineering,Senior Engineer,4,Nagpur Expressway Pkg-4,Highway,MGR101,Retainer,Campus Hiring,32,5.9,57500,-0.1339,1.7,1,4,1,0.85
EMP11881,2024-04-06,Accounts & Finance,Deputy Manager,5,JNPA WOLP,Port Infrastructure,MGR058,Fixed Term Contract,Employee Referral,47,6.9,103900,0.1423,1.2,1,4,0,0.55
EMP11882,2020-10-27,Quality Assurance & Control,Junior Engineer,2,Mumbai HO,Corporate,MGR021,Permanent,Internal Transfer,30,2.9,31500,0.1708,29.7,0,2,1,0.05
EMP11883,2023-12-02,EHS,Supervisor,2,Delhi NCR Logistics Hub,Industrial,MGR006,Fixed Term Contract,Employee Referral,26,2.0,31100,0.0473,25.8,0,2,1,0.45
EMP11884,2020-10-04,Civil Execution,Supervisor,2,Pune Metro Reach-3,Metro,MGR101,Fixed Term Contract,Recruitment Consultancy,35,1.8,26100,-0.119,23.3,0,2,0,0.25
EMP11885,2021-07-05,Design & Engineering,Senior Engineer,4,Delhi NCR Logistics Hub,Industrial,MGR107,Permanent,Recruitment Consultancy,43,5.2,71800,0.09,4.0,1,4,1,0.45
EMP11886,2024-02-17,Accounts & Finance,Accounts Officer,3,Pune Metro Reach-3,Metro,MGR034,Apprentice / Trainee,Naukri / Job Portal,36,4.0,29800,-0.2315,16.5,0,2,0,0.25
EMP11887,2019-11-01,Stores & Logistics,Store Officer,2,Bengaluru Tech Park,Commercial,MGR063,Permanent,Recruitment Consultancy,29,4.7,29400,-0.0061,37.6,0,2,1,0.2
EMP11888,2023-12-30,Planning & Coordination,Planning Engineer,4,Pune Metro Reach-3,Metro,MGR005,Fixed Term Contract,Labour Contractor,41,8.1,56300,-0.1153,18.0,0,4,1,0.25
EMP11889,2022-04-27,Quality Assurance & Control,Junior Engineer,2,Mantralaya Redevelopment,Government Building,MGR100,Fixed Term Contract,Employee Referral,27,2.9,29300,0.089,9.3,0,2,1,0.15
EMP11890,2024-01-27,Design & Engineering,Deputy Manager,5,Ahmedabad Water Works,Water,MGR041,Fixed Term Contract,Naukri / Job Portal,41,6.7,85400,-0.059,7.9,0,4,1,0.65
EMP11891,2026-04-04,Stores & Logistics,Deputy Manager,5,JNPA WOLP,Port Infrastructure,MGR116,Apprentice / Trainee,Naukri / Job Portal,43,7.4,84500,-0.0761,19.9,0,4,0,0.55
EMP11892,2024-02-10,Procurement,Procurement Executive,3,Mantralaya Redevelopment,Government Building,MGR007,Permanent,Labour Contractor,39,4.4,35800,-0.2443,14.7,0,3,0,0.15
EMP11893,2024-07-13,Civil Execution,Senior Engineer,4,Mantralaya Redevelopment,Government Building,MGR094,Permanent,Naukri / Job Portal,24,6.2,54800,-0.1773,4.4,0,4,1,0.15
EMP11894,2026-02-28,MEP,Senior Engineer,4,JNPA WOLP,Port Infrastructure,MGR059,Permanent,Naukri / Job Portal,48,5.5,74200,0.1227,31.6,0,4,0,0.55
EMP11895,2025-02-22,Civil Execution,Site Engineer,3,Ahmedabad Water Works,Water,MGR050,Permanent,Labour Contractor,25,3.4,43600,0.0217,26.2,0,3,0,0.65
EMP11896,2022-01-13,Business Support Services,Accounts Officer,3,Nagpur Expressway Pkg-4,Highway,MGR031,Permanent,Employee Referral,43,4.8,43100,0.1014,6.3,1,2,1,0.85
EMP11897,2025-11-15,Business Support Services,Accounts Officer,3,Mumbai HO,Corporate,MGR096,Retainer,Recruitment Consultancy,30,3.4,42700,0.1088,53.7,0,2,1,0.05
EMP11898,2022-04-30,Quality Assurance & Control,Deputy Manager,5,JNPA WOLP,Port Infrastructure,MGR071,Permanent,Recruitment Consultancy,43,6.6,87500,-0.0348,6.2,1,4,1,0.55
EMP11899,2026-03-28,HR & Admin,Deputy Manager,5,Mumbai HO,Corporate,MGR016,Fixed Term Contract,Employee Referral,43,7.4,93900,0.0267,10.7,0,4,1,0.05
EMP11900,2024-01-13,Design & Engineering,Design Engineer,4,Mantralaya Redevelopment,Government Building,MGR096,Permanent,Labour Contractor,34,5.1,78400,0.2313,22.6,0,4,0,0.15
EMP11901,2019-06-20,Planning & Coordination,Deputy Manager,5,Delhi NCR Logistics Hub,Industrial,MGR079,Fixed Term Contract,Employee Referral,46,6.9,101900,0.1203,58.0,0,4,0,0.45
EMP11902,2026-05-30,Civil Execution,Senior Engineer,4,Nagpur Expressway Pkg-4,Highway,MGR025,Permanent,Naukri / Job Portal,49,6.2,74500,0.1184,7.7,0,4,0,0.85
EMP11903,2023-09-16,Civil Execution,Site Engineer,3,Mantralaya Redevelopment,Government Building,MGR003,Permanent,Walk-in / Site Gate,25,3.8,40600,-0.0529,13.2,0,3,0,0.15
EMP11904,2024-04-13,Stores & Logistics,Store Officer,2,Mantralaya Redevelopment,Government Building,MGR044,Permanent,Labour Contractor,22,4.8,35400,0.1954,34.3,0,2,0,0.15
EMP11905,2025-08-02,Civil Execution,Site Engineer,3,Bengaluru Tech Park,Commercial,MGR052,Fixed Term Contract,Walk-in / Site Gate,40,3.6,40500,-0.0531,24.2,0,3,1,0.2
EMP11906,2026-02-28,Stores & Logistics,Supervisor,2,JNPA WOLP,Port Infrastructure,MGR019,Permanent,Labour Contractor,27,3.0,27600,-0.0813,4.1,1,2,0,0.55
EMP11907,2025-10-04,HR & Admin,Deputy Manager,5,Mantralaya Redevelopment,Government Building,MGR091,Retainer,Employee Referral,42,6.5,84900,-0.0624,16.1,0,4,1,0.15
EMP11908,2026-06-27,Civil Execution,Junior Engineer,2,Nagpur Expressway Pkg-4,Highway,MGR034,Fixed Term Contract,Walk-in / Site Gate,33,4.4,28800,0.0521,4.3,1,2,0,0.85
EMP11909,2024-03-02,Accounts & Finance,Deputy Manager,5,JNPA WOLP,Port Infrastructure,MGR112,Fixed Term Contract,Internal Transfer,41,6.5,109900,0.2137,1.0,1,4,1,0.55
EMP11910,2020-11-24,Business Support Services,HR Executive,3,Mantralaya Redevelopment,Government Building,MGR019,Fixed Term Contract,Naukri / Job Portal,36,3.7,39600,0.0532,1.9,0,2,0,0.15
EMP11911,2024-01-13,Accounts & Finance,Deputy Manager,5,Mumbai HO,Corporate,MGR003,Permanent,Internal Transfer,31,6.8,86000,-0.0534,11.0,0,4,1,0.05
EMP11912,2022-07-19,EHS,Safety Officer,3,Pune Metro Reach-3,Metro,MGR109,Permanent,Recruitment Consultancy,34,7.6,38300,-0.1,37.6,0,3,1,0.25
EMP11913,2023-10-07,Stores & Logistics,Supervisor,2,Bengaluru Tech Park,Commercial,MGR026,Permanent,Walk-in / Site Gate,25,7.6,35200,0.1123,40.5,0,2,0,0.2
EMP11914,2023-06-17,MEP,Senior Engineer,4,Mantralaya Redevelopment,Government Building,MGR051,Permanent,Naukri / Job Portal,37,5.0,49700,-0.2438,14.9,0,4,0,0.15
EMP11915,2023-12-02,Design & Engineering,Senior Engineer,4,Mumbai HO,Corporate,MGR051,Permanent,Walk-in / Site Gate,42,4.9,75500,0.1501,7.6,0,4,0,0.05
EMP11916,2025-11-22,Quality Assurance & Control,Deputy Manager,5,JNPA WOLP,Port Infrastructure,MGR014,Fixed Term Contract,Internal Transfer,40,7.8,81700,-0.1106,6.2,1,4,1,0.55
EMP11917,2024-06-15,MEP,Site Engineer,3,Ahmedabad Water Works,Water,MGR097,Permanent,Campus Hiring,39,3.8,34400,-0.1976,2.5,1,3,0,0.65
EMP11918,2020-11-10,Civil Execution,Site Engineer,3,JNPA WOLP,Port Infrastructure,MGR030,Permanent,Labour Contractor,32,7.8,46900,0.046,2.5,1,3,1,0.55
EMP11919,2024-02-24,Planning & Coordination,Deputy Manager,5,Ahmedabad Water Works,Water,MGR058,Permanent,Employee Referral,44,7.1,90300,-0.0094,46.0,0,4,1,0.65
EMP11920,2019-07-06,Accounts & Finance,Accounts Officer,3,Bengaluru Tech Park,Commercial,MGR089,Retainer,Recruitment Consultancy,38,3.5,38400,-0.004,23.9,0,2,1,0.2
EMP11921,2025-07-19,Business Support Services,Procurement Executive,3,Mantralaya Redevelopment,Government Building,MGR045,Fixed Term Contract,Walk-in / Site Gate,35,5.8,45100,-0.063,6.7,0,3,0,0.15
EMP11922,2024-11-02,Quality Assurance & Control,Junior Engineer,2,Bengaluru Tech Park,Commercial,MGR028,Apprentice / Trainee,Employee Referral,32,5.5,25000,-0.098,37.8,0,2,1,0.2
EMP11923,2023-09-30,Civil Execution,Senior Engineer,4,Pune Metro Reach-3,Metro,MGR077,Fixed Term Contract,Naukri / Job Portal,32,6.4,51100,-0.2346,29.0,0,4,1,0.25
EMP11924,2025-12-06,MEP,Site Engineer,3,JNPA WOLP,Port Infrastructure,MGR012,Permanent,Walk-in / Site Gate,30,3.9,52400,0.2209,17.7,0,3,0,0.55
EMP11925,2023-06-03,Stores & Logistics,Deputy Manager,5,Delhi NCR Logistics Hub,Industrial,MGR030,Apprentice / Trainee,Recruitment Consultancy,30,6.6,108100,0.1925,4.2,1,4,1,0.45
EMP11926,2020-06-01,Accounts & Finance,Deputy Manager,5,Ahmedabad Water Works,Water,MGR020,Apprentice / Trainee,Employee Referral,39,6.8,88400,-0.027,6.2,1,4,0,0.65
EMP11927,2025-07-19,Business Support Services,Accounts Officer,3,Delhi NCR Logistics Hub,Industrial,MGR100,Permanent,Recruitment Consultancy,46,5.5,42200,0.0699,1.7,1,2,1,0.45
EMP11928,2020-01-20,Civil Execution,Site Helper,1,Delhi NCR Logistics Hub,Industrial,MGR094,Apprentice / Trainee,Labour Contractor,25,0.7,23000,0.3823,1.3,1,1,0,0.45
EMP11929,2019-11-02,Stores & Logistics,Site Helper,1,Pune Metro Reach-3,Metro,MGR059,Apprentice / Trainee,Walk-in / Site Gate,27,2.0,18600,0.1009,21.9,0,1,0,0.25
EMP11930,2021-10-14,Planning & Coordination,Planning Engineer,4,Pune Metro Reach-3,Metro,MGR117,Retainer,Labour Contractor,34,8.3,89900,0.4096,4.8,0,4,0,0.25
EMP11931,2026-08-01,Civil Execution,Site Engineer,3,JNPA WOLP,Port Infrastructure,MGR099,Retainer,Employee Referral,25,4.0,40100,-0.0667,12.9,0,3,1,0.55
EMP11932,2023-07-01,Civil Execution,Junior Engineer,2,Bengaluru Tech Park,Commercial,MGR074,Fixed Term Contract,Naukri / Job Portal,32,3.5,25800,-0.0477,22.6,0,2,1,0.2
EMP11933,2025-10-04,Stores & Logistics,Site Helper,1,Ahmedabad Water Works,Water,MGR048,Apprentice / Trainee,Labour Contractor,22,2.4,19300,0.137,4.7,1,1,0,0.65
EMP11934,2024-10-05,Stores & Logistics,Site Helper,1,Mantralaya Redevelopment,Government Building,MGR021,Fixed Term Contract,Walk-in / Site Gate,28,1.6,22100,0.3142,9.6,0,1,0,0.15
EMP11935,2024-06-08,Civil Execution,Site Engineer,3,Mantralaya Redevelopment,Government Building,MGR040,Permanent,Labour Contractor,35,4.5,55300,0.2797,27.6,0,3,0,0.15
EMP11936,2023-04-29,Accounts & Finance,Deputy Manager,5,Mumbai HO,Corporate,MGR055,Fixed Term Contract,Employee Referral,46,8.4,83600,-0.0959,9.8,0,4,1,0.05
EMP11937,2026-06-13,Civil Execution,Construction Manager,5,Bengaluru Tech Park,Commercial,MGR094,Permanent,Naukri / Job Portal,44,10.7,113400,0.0468,4.4,0,5,1,0.2
EMP11938,2026-04-11,Quality Assurance & Control,Deputy Manager,5,Mantralaya Redevelopment,Government Building,MGR042,Retainer,Employee Referral,33,9.2,124200,0.3316,8.8,0,4,1,0.15
EMP11939,2026-04-04,MEP,Junior Engineer,2,Delhi NCR Logistics Hub,Industrial,MGR038,Fixed Term Contract,Labour Contractor,19,3.6,26300,-0.0304,4.6,1,2,0,0.45
EMP11940,2026-06-20,Procurement,Procurement Executive,3,Mumbai HO,Corporate,MGR052,Apprentice / Trainee,Employee Referral,30,3.7,44200,-0.0595,6.3,0,3,1,0.05
EMP11941,2026-06-06,Accounts & Finance,Accounts Officer,3,Pune Metro Reach-3,Metro,MGR030,Permanent,Labour Contractor,30,7.9,41400,0.022,8.1,0,2,0,0.25
EMP11942,2023-12-23,Civil Execution,Project Manager,6,Nagpur Expressway Pkg-4,Highway,MGR021,Permanent,Employee Referral,37,13.2,145200,-0.0207,6.6,1,5,0,0.85
EMP11943,2023-12-30,Design & Engineering,Design Engineer,4,Delhi NCR Logistics Hub,Industrial,MGR043,Permanent,Internal Transfer,24,7.6,89900,0.3731,30.9,0,4,1,0.45
EMP11944,2024-09-14,MEP,Senior Engineer,4,Mantralaya Redevelopment,Government Building,MGR042,Fixed Term Contract,Recruitment Consultancy,38,7.0,69700,0.0371,3.3,0,4,0,0.15
EMP11945,2024-12-28,Business Support Services,Procurement Executive,3,Bengaluru Tech Park,Commercial,MGR094,Fixed Term Contract,Internal Transfer,30,4.0,45700,-0.031,20.6,0,3,1,0.2
EMP11946,2020-10-29,Stores & Logistics,Store Officer,2,Mantralaya Redevelopment,Government Building,MGR001,Fixed Term Contract,Naukri / Job Portal,35,3.5,29100,-0.0026,14.9,0,2,0,0.15
EMP11947,2023-04-01,Stores & Logistics,Supervisor,2,Delhi NCR Logistics Hub,Industrial,MGR021,Fixed Term Contract,Labour Contractor,25,3.3,27600,-0.0845,1.4,1,2,0,0.45
EMP11948,2024-01-27,Stores & Logistics,Store Officer,2,Ahmedabad Water Works,Water,MGR019,Fixed Term Contract,Naukri / Job Portal,32,2.1,24300,-0.1535,5.8,1,2,1,0.65
EMP11949,2019-12-14,MEP,Senior Engineer,4,Bengaluru Tech Park,Commercial,MGR114,Fixed Term Contract,Naukri / Job Portal,34,5.0,56900,-0.1342,14.6,0,4,1,0.2
EMP11950,2022-08-09,Stores & Logistics,Supervisor,2,Mumbai HO,Corporate,MGR114,Fixed Term Contract,Employee Referral,26,3.4,34300,0.1364,18.2,0,2,1,0.05
EMP11951,2022-08-02,Business Support Services,Accounts Officer,3,Mumbai HO,Corporate,MGR034,Fixed Term Contract,Walk-in / Site Gate,36,5.8,41900,0.0587,9.7,0,2,0,0.05
EMP11952,2022-02-10,Planning & Coordination,Senior Engineer,4,Pune Metro Reach-3,Metro,MGR093,Permanent,Labour Contractor,29,5.6,70500,0.0655,15.1,0,4,1,0.25
EMP11953,2025-10-04,Civil Execution,Site Engineer,3,Pune Metro Reach-3,Metro,MGR001,Retainer,Walk-in / Site Gate,27,4.3,35600,-0.1743,19.8,0,3,0,0.25
EMP11954,2019-07-11,Civil Execution,Junior Engineer,2,Bengaluru Tech Park,Commercial,MGR103,Fixed Term Contract,Labour Contractor,27,1.6,24500,-0.0754,17.0,0,2,0,0.2
EMP11955,2026-03-28,Procurement,Deputy Manager,5,Delhi NCR Logistics Hub,Industrial,MGR058,Fixed Term Contract,Recruitment Consultancy,37,6.6,99500,0.0976,1.8,1,4,0,0.45
EMP11956,2026-07-25,Planning & Coordination,Senior Engineer,4,Nagpur Expressway Pkg-4,Highway,MGR041,Permanent,Employee Referral,41,4.7,84200,0.2856,3.7,1,4,1,0.85
EMP11957,2026-02-07,MEP,Deputy Manager,5,Nagpur Expressway Pkg-4,Highway,MGR044,Permanent,Recruitment Consultancy,26,6.2,99000,0.097,4.9,1,4,1,0.85
EMP11958,2026-02-21,Planning & Coordination,Deputy Manager,5,Nagpur Expressway Pkg-4,Highway,MGR032,Permanent,Employee Referral,29,6.4,76900,-0.1498,4.0,1,4,1,0.85
EMP11959,2023-09-23,Stores & Logistics,Store Officer,2,Nagpur Expressway Pkg-4,Highway,MGR040,Fixed Term Contract,Employee Referral,24,2.6,29000,0.0044,1.3,1,2,1,0.85
EMP11960,2021-04-08,Civil Execution,Site Engineer,3,Delhi NCR Logistics Hub,Industrial,MGR059,Retainer,Employee Referral,38,4.1,40000,-0.0701,1.9,1,3,1,0.45
EMP11961,2020-09-06,MEP,Deputy Manager,5,Nagpur Expressway Pkg-4,Highway,MGR020,Permanent,Naukri / Job Portal,40,8.0,95900,0.0417,3.1,1,4,1,0.85
EMP11962,2019-11-17,Stores & Logistics,Site Helper,1,Pune Metro Reach-3,Metro,MGR084,Apprentice / Trainee,Labour Contractor,22,0.8,17500,0.0505,7.5,0,1,1,0.25
EMP11963,2026-07-11,Civil Execution,Senior Engineer,4,Nagpur Expressway Pkg-4,Highway,MGR033,Fixed Term Contract,Employee Referral,44,7.8,59400,-0.1239,7.1,1,4,1,0.85
EMP11964,2022-08-15,Civil Execution,Supervisor,2,Bengaluru Tech Park,Commercial,MGR040,Retainer,Campus Hiring,19,2.3,28400,-0.047,11.9,0,2,0,0.2
EMP11965,2021-07-04,Procurement,Procurement Executive,3,Bengaluru Tech Park,Commercial,MGR056,Permanent,Labour Contractor,36,4.2,50300,0.0641,7.5,0,3,0,0.2
EMP11966,2020-11-17,MEP,Senior Engineer,4,Nagpur Expressway Pkg-4,Highway,MGR055,Fixed Term Contract,Naukri / Job Portal,42,4.9,76600,0.1669,4.3,1,4,1,0.85
EMP11967,2024-08-03,Civil Execution,Construction Manager,5,Bengaluru Tech Park,Commercial,MGR102,Fixed Term Contract,Naukri / Job Portal,50,8.4,91100,-0.1379,12.9,0,5,1,0.2
EMP11968,2026-08-01,Planning & Coordination,Senior Engineer,4,Mantralaya Redevelopment,Government Building,MGR076,Permanent,Naukri / Job Portal,40,9.0,67800,-0.013,10.0,0,4,1,0.15
EMP11969,2024-08-31,Civil Execution,Senior Engineer,4,Delhi NCR Logistics Hub,Industrial,MGR069,Permanent,Naukri / Job Portal,34,5.5,63500,-0.0392,10.5,0,4,1,0.45
EMP11970,2024-01-06,Stores & Logistics,Supervisor,2,Delhi NCR Logistics Hub,Industrial,MGR110,Fixed Term Contract,Naukri / Job Portal,37,2.1,30900,0.0393,2.1,1,2,1,0.45
EMP11971,2020-03-05,Civil Execution,Site Engineer,3,Bengaluru Tech Park,Commercial,MGR021,Permanent,Naukri / Job Portal,32,5.3,40900,-0.0621,4.7,0,3,0,0.2
EMP11972,2019-12-26,Civil Execution,Project Manager,6,Mantralaya Redevelopment,Government Building,MGR060,Permanent,Internal Transfer,41,9.9,152100,0.0621,1.0,0,5,1,0.15
EMP11973,2024-09-21,Business Support Services,HR Executive,3,Mumbai HO,Corporate,MGR036,Permanent,Labour Contractor,33,5.3,38300,0.0003,28.7,0,2,0,0.05
EMP11974,2024-03-02,EHS,Supervisor,2,Mantralaya Redevelopment,Government Building,MGR027,Fixed Term Contract,Walk-in / Site Gate,28,2.2,29500,-0.0089,40.2,0,2,0,0.15
EMP11975,2019-03-06,Stores & Logistics,Site Helper,1,JNPA WOLP,Port Infrastructure,MGR091,Permanent,Labour Contractor,19,2.1,18100,0.07,3.9,0,1,0,0.55
EMP11976,2026-05-16,EHS,Deputy Manager,5,JNPA WOLP,Port Infrastructure,MGR070,Permanent,Internal Transfer,34,9.2,73400,-0.2131,3.3,0,4,1,0.55
EMP11977,2023-12-09,MEP,Senior Engineer,4,Delhi NCR Logistics Hub,Industrial,MGR093,Permanent,Walk-in / Site Gate,29,5.3,77400,0.1737,2.2,1,4,1,0.45
EMP11978,2022-06-16,MEP,Junior Engineer,2,Nagpur Expressway Pkg-4,Highway,MGR068,Fixed Term Contract,Walk-in / Site Gate,37,1.6,22400,-0.1547,2.4,1,2,0,0.85
EMP11979,2019-03-08,MEP,Deputy Manager,5,JNPA WOLP,Port Infrastructure,MGR107,Fixed Term Contract,Recruitment Consultancy,45,7.7,76200,-0.1696,1.8,1,4,0,0.55
EMP11980,2023-06-03,Planning & Coordination,Deputy Manager,5,JNPA WOLP,Port Infrastructure,MGR102,Permanent,Recruitment Consultancy,44,7.4,78100,-0.1461,1.6,1,4,0,0.55
EMP11981,2025-11-22,MEP,Site Engineer,3,Nagpur Expressway Pkg-4,Highway,MGR015,Permanent,Recruitment Consultancy,29,3.1,42200,-0.0076,1.8,1,3,0,0.85
EMP11982,2023-10-14,Civil Execution,Site Engineer,3,JNPA WOLP,Port Infrastructure,MGR080,Fixed Term Contract,Campus Hiring,39,5.5,50600,0.1577,5.4,1,3,1,0.55
EMP11983,2020-11-04,Stores & Logistics,Deputy Manager,5,Mantralaya Redevelopment,Government Building,MGR074,Fixed Term Contract,Naukri / Job Portal,36,8.5,85200,-0.0796,29.8,0,4,0,0.15
EMP11984,2025-08-09,Design & Engineering,Senior Engineer,4,JNPA WOLP,Port Infrastructure,MGR011,Fixed Term Contract,Employee Referral,48,7.8,54900,-0.1903,2.6,1,4,1,0.55
EMP11985,2026-02-21,Civil Execution,Construction Manager,5,Nagpur Expressway Pkg-4,Highway,MGR068,Retainer,Naukri / Job Portal,35,12.6,106400,-0.0372,6.7,1,5,1,0.85
EMP11986,2020-04-15,MEP,Junior Engineer,2,Nagpur Expressway Pkg-4,Highway,MGR044,Fixed Term Contract,Campus Hiring,29,3.7,29400,0.0827,64.6,0,2,0,0.85
EMP11987,2025-09-13,Civil Execution,Junior Engineer,2,Bengaluru Tech Park,Commercial,MGR038,Fixed Term Contract,Labour Contractor,19,3.7,26200,-0.0351,14.0,0,2,0,0.2
EMP11988,2023-04-15,EHS,Deputy Manager,5,Pune Metro Reach-3,Metro,MGR033,Permanent,Employee Referral,44,7.1,83200,-0.0873,18.2,0,4,1,0.25
EMP11989,2024-04-06,Design & Engineering,Deputy Manager,5,JNPA WOLP,Port Infrastructure,MGR009,Fixed Term Contract,Employee Referral,40,8.2,101600,0.1012,37.2,0,4,1,0.55
EMP11990,2025-03-01,Design & Engineering,Deputy Manager,5,Nagpur Expressway Pkg-4,Highway,MGR099,Permanent,Recruitment Consultancy,43,9.8,111300,0.1856,3.7,1,4,0,0.85
EMP11991,2023-06-03,Planning & Coordination,Planning Engineer,4,Nagpur Expressway Pkg-4,Highway,MGR040,Fixed Term Contract,Naukri / Job Portal,32,5.4,71400,0.1561,0.6,1,4,1,0.85
EMP11992,2024-02-10,Civil Execution,Construction Manager,5,Mumbai HO,Corporate,MGR089,Permanent,Recruitment Consultancy,38,6.4,83400,-0.1932,18.2,0,5,1,0.05
EMP11993,2019-12-10,MEP,Deputy Manager,5,Nagpur Expressway Pkg-4,Highway,MGR113,Permanent,Recruitment Consultancy,36,6.8,84900,-0.0655,60.1,0,4,0,0.85
EMP11994,2019-10-04,EHS,Deputy Manager,5,JNPA WOLP,Port Infrastructure,MGR077,Permanent,Employee Referral,43,6.1,86000,-0.046,4.5,1,4,0,0.55
EMP11995,2020-07-18,Accounts & Finance,Deputy Manager,5,Pune Metro Reach-3,Metro,MGR066,Fixed Term Contract,Recruitment Consultancy,34,8.9,81400,-0.1245,17.6,0,4,0,0.25
EMP11996,2025-09-06,Civil Execution,Junior Engineer,2,JNPA WOLP,Port Infrastructure,MGR066,Permanent,Campus Hiring,28,3.3,30600,0.1321,1.9,1,2,0,0.55
EMP11997,2021-10-11,Stores & Logistics,Deputy Manager,5,JNPA WOLP,Port Infrastructure,MGR114,Fixed Term Contract,Employee Referral,38,6.8,78400,-0.1371,3.1,1,4,1,0.55
EMP11998,2024-02-10,Accounts & Finance,Accounts Officer,3,Bengaluru Tech Park,Commercial,MGR034,Fixed Term Contract,Naukri / Job Portal,33,3.9,42900,0.1076,4.1,0,2,1,0.2
EMP11999,2019-07-31,HR & Admin,Deputy Manager,5,Delhi NCR Logistics Hub,Industrial,MGR015,Fixed Term Contract,Naukri / Job Portal,28,6.9,97200,0.0687,1.7,1,4,0,0.45
EMP12000,2024-05-04,Civil Execution,Senior Engineer,4,Ahmedabad Water Works,Water,MGR118,Permanent,Naukri / Job Portal,22,5.1,72900,0.108,31.7,0,4,0,0.65
EMP12001,2025-01-25,MEP,Senior Engineer,4,Mumbai HO,Corporate,MGR053,Fixed Term Contract,Employee Referral,39,6.8,60200,-0.1023,8.7,0,4,1,0.05
EMP12002,2021-12-13,MEP,Junior Engineer,2,Delhi NCR Logistics Hub,Industrial,MGR012,Permanent,Labour Contractor,30,3.3,20700,-0.2342,1.8,1,2,0,0.45
EMP12003,2021-09-27,Planning & Coordination,Deputy Manager,5,Bengaluru Tech Park,Commercial,MGR074,Permanent,Employee Referral,39,6.2,100900,0.118,7.1,0,4,1,0.2
EMP12004,2020-07-11,Civil Execution,Construction Manager,5,Bengaluru Tech Park,Commercial,MGR027,Permanent,Employee Referral,45,8.9,111500,0.0494,2.5,0,5,1,0.2
EMP12005,2024-09-28,Civil Execution,Project Manager,6,JNPA WOLP,Port Infrastructure,MGR060,Permanent,Naukri / Job Portal,44,7.8,134600,-0.0384,1.7,1,5,0,0.55
EMP12006,2020-04-19,Planning & Coordination,Senior Engineer,4,Bengaluru Tech Park,Commercial,MGR019,Permanent,Recruitment Consultancy,23,5.2,60400,-0.083,19.6,0,4,0,0.2
EMP12007,2022-01-20,Civil Execution,Junior Engineer,2,Bengaluru Tech Park,Commercial,MGR052,Fixed Term Contract,Labour Contractor,33,4.8,25500,-0.0726,9.3,0,2,0,0.2
EMP12008,2022-07-25,Design & Engineering,Senior Engineer,4,Delhi NCR Logistics Hub,Industrial,MGR090,Permanent,Naukri / Job Portal,42,5.2,59700,-0.0937,3.1,1,4,0,0.45
EMP12009,2025-02-08,Quality Assurance & Control,QA/QC Engineer,3,Bengaluru Tech Park,Commercial,MGR114,Retainer,Employee Referral,20,6.1,47400,0.0038,22.7,0,3,1,0.2
EMP12010,2024-06-08,Civil Execution,Site Helper,1,Nagpur Expressway Pkg-4,Highway,MGR105,Fixed Term Contract,Labour Contractor,24,3.0,20500,0.1993,13.7,1,1,0,0.85
EMP12011,2022-11-10,HR & Admin,HR Executive,3,Mantralaya Redevelopment,Government Building,MGR005,Permanent,Campus Hiring,30,4.6,34900,-0.0813,24.8,0,2,1,0.15
EMP12012,2019-12-09,Design & Engineering,Deputy Manager,5,Bengaluru Tech Park,Commercial,MGR106,Permanent,Internal Transfer,34,7.4,106000,0.159,13.5,0,4,1,0.2
EMP12013,2026-04-18,MEP,Junior Engineer,2,JNPA WOLP,Port Infrastructure,MGR035,Fixed Term Contract,Naukri / Job Portal,35,3.0,25600,-0.0496,4.8,1,2,0,0.55
EMP12014,2021-02-24,Stores & Logistics,Site Helper,1,Delhi NCR Logistics Hub,Industrial,MGR061,Fixed Term Contract,Walk-in / Site Gate,24,1.8,11100,-0.3415,1.8,1,1,0,0.45
EMP12015,2019-05-15,Stores & Logistics,Site Helper,1,JNPA WOLP,Port Infrastructure,MGR066,Fixed Term Contract,Employee Referral,31,0.6,13000,-0.2178,3.0,1,1,1,0.55
EMP12016,2021-05-17,Planning & Coordination,Planning Engineer,4,Bengaluru Tech Park,Commercial,MGR009,Fixed Term Contract,Employee Referral,33,8.2,59200,-0.0707,16.3,0,4,1,0.2
EMP12017,2019-08-30,MEP,Site Engineer,3,Pune Metro Reach-3,Metro,MGR114,Apprentice / Trainee,Naukri / Job Portal,34,5.1,56100,0.2894,2.5,0,3,0,0.25
EMP12018,2025-11-22,MEP,Deputy Manager,5,Mantralaya Redevelopment,Government Building,MGR060,Permanent,Recruitment Consultancy,37,6.5,73100,-0.1927,23.5,0,4,0,0.15
EMP12019,2026-07-11,Civil Execution,Project Manager,6,Bengaluru Tech Park,Commercial,MGR008,Permanent,Internal Transfer,35,8.4,128900,-0.0852,5.3,0,5,1,0.2
EMP12020,2021-07-17,Civil Execution,Construction Manager,5,Mantralaya Redevelopment,Government Building,MGR075,Permanent,Naukri / Job Portal,38,7.1,99400,-0.0459,13.8,0,5,1,0.15
EMP12021,2024-09-21,Civil Execution,Project Manager,6,JNPA WOLP,Port Infrastructure,MGR060,Fixed Term Contract,Employee Referral,49,9.6,154500,0.0823,2.4,1,5,1,0.55
EMP12022,2024-01-27,Business Support Services,Procurement Executive,3,Bengaluru Tech Park,Commercial,MGR039,Permanent,Labour Contractor,28,4.1,51300,0.0865,6.6,0,3,0,0.2
EMP12023,2025-04-12,Design & Engineering,Senior Engineer,4,Ahmedabad Water Works,Water,MGR036,Fixed Term Contract,Labour Contractor,49,6.3,67300,0.0092,5.8,0,4,0,0.65
EMP12024,2023-09-02,Stores & Logistics,Site Helper,1,Nagpur Expressway Pkg-4,Highway,MGR071,Permanent,Labour Contractor,19,0.5,20400,0.229,0.8,1,1,0,0.85
EMP12025,2024-09-14,Procurement,Deputy Manager,5,Mumbai HO,Corporate,MGR009,Permanent,Naukri / Job Portal,38,8.0,93500,0.0156,8.2,0,4,1,0.05
EMP12026,2022-06-26,Quality Assurance & Control,Junior Engineer,2,Pune Metro Reach-3,Metro,MGR089,Fixed Term Contract,Naukri / Job Portal,38,3.8,26200,-0.0363,26.4,0,2,0,0.25
EMP12027,2024-11-30,Business Support Services,HR Executive,3,Mumbai HO,Corporate,MGR067,Permanent,Recruitment Consultancy,27,4.1,38100,0.0087,6.3,0,2,1,0.05
EMP12028,2025-02-01,Planning & Coordination,Senior Engineer,4,Nagpur Expressway Pkg-4,Highway,MGR100,Apprentice / Trainee,Naukri / Job Portal,36,7.1,66700,-0.0087,4.6,1,4,0,0.85
EMP12029,2023-01-27,Planning & Coordination,Senior Engineer,4,JNPA WOLP,Port Infrastructure,MGR056,Permanent,Employee Referral,33,4.8,70600,0.0767,7.6,1,4,1,0.55
EMP12030,2023-08-12,Civil Execution,Site Engineer,3,Bengaluru Tech Park,Commercial,MGR015,Permanent,Labour Contractor,32,7.9,52400,0.1674,28.9,0,3,0,0.2
EMP12031,2021-04-27,Accounts & Finance,Accounts Officer,3,Pune Metro Reach-3,Metro,MGR045,Retainer,Naukri / Job Portal,32,3.2,46100,0.1999,42.6,0,2,1,0.25
EMP12032,2025-10-11,HR & Admin,HR Executive,3,Mantralaya Redevelopment,Government Building,MGR018,Permanent,Labour Contractor,35,5.1,38700,0.013,6.1,0,2,0,0.15
EMP12033,2023-09-09,Stores & Logistics,Deputy Manager,5,Mantralaya Redevelopment,Government Building,MGR078,Permanent,Recruitment Consultancy,48,6.8,80600,-0.1129,7.5,0,4,1,0.15
EMP12034,2022-10-29,Design & Engineering,Senior Engineer,4,JNPA WOLP,Port Infrastructure,MGR091,Fixed Term Contract,Employee Referral,33,7.1,74700,0.1102,2.9,1,4,1,0.55
EMP12035,2024-08-31,EHS,Deputy Manager,5,Delhi NCR Logistics Hub,Industrial,MGR079,Permanent,Naukri / Job Portal,33,8.1,87600,-0.0495,2.7,1,4,1,0.45
EMP12036,2022-09-14,Stores & Logistics,Supervisor,2,Bengaluru Tech Park,Commercial,MGR023,Permanent,Naukri / Job Portal,26,2.4,26300,-0.1185,2.8,0,2,0,0.2
EMP12037,2025-02-08,Procurement,Deputy Manager,5,Mantralaya Redevelopment,Government Building,MGR027,Permanent,Employee Referral,39,7.8,81600,-0.1117,8.6,0,4,1,0.15
EMP12038,2024-01-20,EHS,Supervisor,2,Nagpur Expressway Pkg-4,Highway,MGR036,Fixed Term Contract,Recruitment Consultancy,37,5.2,30800,-0.0003,81.5,0,2,0,0.85
EMP12039,2022-12-15,Quality Assurance & Control,QA/QC Engineer,3,Bengaluru Tech Park,Commercial,MGR030,Fixed Term Contract,Internal Transfer,34,5.8,60400,0.2834,19.5,0,3,1,0.2
EMP12040,2023-10-07,Civil Execution,Project Manager,6,Pune Metro Reach-3,Metro,MGR057,Permanent,Naukri / Job Portal,43,9.6,131300,-0.0802,5.3,0,5,0,0.25
EMP12041,2024-05-25,HR & Admin,Deputy Manager,5,Bengaluru Tech Park,Commercial,MGR097,Permanent,Naukri / Job Portal,36,6.5,73300,-0.1905,3.7,0,4,1,0.2
EMP12042,2023-05-20,Stores & Logistics,Deputy Manager,5,Bengaluru Tech Park,Commercial,MGR076,Permanent,Recruitment Consultancy,33,7.0,95500,0.0488,23.6,0,4,0,0.2
EMP12043,2021-01-16,MEP,Senior Engineer,4,Ahmedabad Water Works,Water,MGR093,Permanent,Labour Contractor,34,5.2,70900,0.0764,1.6,1,4,0,0.65
EMP12044,2022-08-16,Design & Engineering,Deputy Manager,5,Ahmedabad Water Works,Water,MGR079,Permanent,Recruitment Consultancy,35,7.3,78900,-0.1364,2.4,1,4,0,0.65
EMP12045,2024-01-13,HR & Admin,Deputy Manager,5,Pune Metro Reach-3,Metro,MGR084,Permanent,Naukri / Job Portal,26,11.0,112800,0.1863,74.0,0,4,0,0.25
EMP12046,2023-06-17,Civil Execution,Construction Manager,5,Mantralaya Redevelopment,Government Building,MGR050,Permanent,Recruitment Consultancy,40,8.2,102900,-0.0241,1.6,0,5,0,0.15
EMP12047,2025-08-02,Design & Engineering,Senior Engineer,4,Mantralaya Redevelopment,Government Building,MGR100,Permanent,Walk-in / Site Gate,29,7.8,63100,-0.0694,16.6,0,4,0,0.15
EMP12048,2024-01-13,Accounts & Finance,Accounts Officer,3,Mantralaya Redevelopment,Government Building,MGR032,Fixed Term Contract,Naukri / Job Portal,35,3.2,26300,-0.3155,11.8,0,2,0,0.15
EMP12049,2022-01-13,Quality Assurance & Control,Junior Engineer,2,Pune Metro Reach-3,Metro,MGR097,Fixed Term Contract,Employee Referral,22,2.3,19400,-0.2739,14.2,0,2,1,0.25
EMP12050,2024-11-09,Design & Engineering,Deputy Manager,5,Mumbai HO,Corporate,MGR012,Permanent,Recruitment Consultancy,31,6.2,74100,-0.1789,11.3,0,4,0,0.05
EMP12051,2023-07-01,Quality Assurance & Control,QA/QC Engineer,3,Mantralaya Redevelopment,Government Building,MGR017,Retainer,Internal Transfer,34,4.2,41400,-0.1042,8.9,0,3,1,0.15
EMP12052,2026-01-31,Business Support Services,HR Executive,3,Mumbai HO,Corporate,MGR040,Fixed Term Contract,Labour Contractor,31,6.0,35500,-0.0801,11.6,0,2,0,0.05
EMP12053,2024-07-27,Accounts & Finance,Accounts Officer,3,Delhi NCR Logistics Hub,Industrial,MGR032,Permanent,Recruitment Consultancy,33,4.6,44100,0.1295,3.8,1,2,0,0.45
EMP12054,2022-10-29,Business Support Services,Accounts Officer,3,Mumbai HO,Corporate,MGR045,Permanent,Recruitment Consultancy,30,4.6,39900,0.022,5.4,0,2,0,0.05
EMP12055,2024-12-21,MEP,Deputy Manager,5,JNPA WOLP,Port Infrastructure,MGR038,Permanent,Internal Transfer,40,8.8,99500,0.0714,6.2,1,4,1,0.55
EMP12056,2024-09-07,Planning & Coordination,Senior Engineer,4,Ahmedabad Water Works,Water,MGR063,Retainer,Naukri / Job Portal,38,5.2,48800,-0.2591,1.7,1,4,0,0.65
EMP12057,2026-07-11,Design & Engineering,Deputy Manager,5,JNPA WOLP,Port Infrastructure,MGR108,Fixed Term Contract,Employee Referral,36,8.2,77600,-0.1589,1.6,1,4,1,0.55
EMP12058,2023-06-17,Planning & Coordination,Deputy Manager,5,Bengaluru Tech Park,Commercial,MGR060,Fixed Term Contract,Internal Transfer,40,6.6,80400,-0.1131,44.3,0,4,0,0.2
EMP12059,2026-01-10,MEP,Site Engineer,3,Mantralaya Redevelopment,Government Building,MGR072,Retainer,Recruitment Consultancy,34,3.4,40900,-0.0415,30.4,0,3,0,0.15
EMP12060,2021-09-09,Civil Execution,Site Helper,1,Ahmedabad Water Works,Water,MGR072,Permanent,Labour Contractor,22,0.3,14600,-0.1183,24.5,0,1,0,0.65
EMP12061,2025-09-13,EHS,Deputy Manager,5,Pune Metro Reach-3,Metro,MGR010,Permanent,Employee Referral,28,8.3,93000,0.0069,8.5,0,4,1,0.25
EMP12062,2024-11-02,Procurement,Procurement Executive,3,JNPA WOLP,Port Infrastructure,MGR048,Permanent,Employee Referral,43,4.2,41100,-0.1305,7.0,1,3,1,0.55
EMP12063,2025-01-25,EHS,Safety Officer,3,JNPA WOLP,Port Infrastructure,MGR054,Retainer,Employee Referral,31,4.9,39100,-0.0531,0.5,1,3,1,0.55
EMP12064,2022-05-15,Civil Execution,Site Helper,1,Bengaluru Tech Park,Commercial,MGR065,Permanent,Walk-in / Site Gate,24,0.5,18100,0.0904,5.9,0,1,1,0.2
EMP12065,2021-01-15,HR & Admin,HR Executive,3,Pune Metro Reach-3,Metro,MGR099,Permanent,Recruitment Consultancy,44,5.9,30000,-0.2218,2.9,0,2,1,0.25
EMP12066,2020-10-01,Civil Execution,Site Helper,1,Nagpur Expressway Pkg-4,Highway,MGR078,Fixed Term Contract,Labour Contractor,19,1.0,17400,0.042,3.7,1,1,0,0.85
EMP12067,2025-05-24,Procurement,Deputy Manager,5,Bengaluru Tech Park,Commercial,MGR114,Fixed Term Contract,Recruitment Consultancy,36,9.7,98900,0.0546,1.0,0,4,1,0.2
EMP12068,2024-05-25,HR & Admin,Deputy Manager,5,Mumbai HO,Corporate,MGR117,Retainer,Internal Transfer,35,6.3,87700,-0.0293,9.7,0,4,1,0.05
EMP12069,2023-06-10,Civil Execution,Supervisor,2,Nagpur Expressway Pkg-4,Highway,MGR002,Fixed Term Contract,Naukri / Job Portal,31,4.5,29000,-0.0512,4.0,1,2,1,0.85
EMP12070,2026-01-17,Planning & Coordination,Deputy Manager,5,Mantralaya Redevelopment,Government Building,MGR017,Permanent,Employee Referral,44,6.8,99400,0.0941,10.1,0,4,1,0.15
EMP12071,2026-03-07,Civil Execution,Senior Engineer,4,Delhi NCR Logistics Hub,Industrial,MGR055,Fixed Term Contract,Walk-in / Site Gate,33,5.9,64700,-0.0254,21.9,0,4,1,0.45
EMP12072,2025-07-12,MEP,Senior Engineer,4,Delhi NCR Logistics Hub,Industrial,MGR024,Permanent,Campus Hiring,34,8.3,49600,-0.2725,0.5,1,4,0,0.45
EMP12073,2022-01-04,EHS,Deputy Manager,5,Delhi NCR Logistics Hub,Industrial,MGR098,Apprentice / Trainee,Naukri / Job Portal,38,6.9,90900,-0.0006,100.9,0,4,1,0.45
EMP12074,2026-02-14,HR & Admin,HR Executive,3,JNPA WOLP,Port Infrastructure,MGR118,Apprentice / Trainee,Employee Referral,33,3.6,34600,-0.0787,3.5,0,2,0,0.55
EMP12075,2025-04-12,Business Support Services,HR Executive,3,JNPA WOLP,Port Infrastructure,MGR057,Permanent,Walk-in / Site Gate,23,3.3,40300,0.0768,1.4,1,2,0,0.55
EMP12076,2025-03-08,Civil Execution,Site Helper,1,Ahmedabad Water Works,Water,MGR107,Permanent,Walk-in / Site Gate,23,0.7,15200,-0.0865,32.2,0,1,0,0.65
EMP12077,2022-08-08,EHS,Supervisor,2,JNPA WOLP,Port Infrastructure,MGR101,Permanent,Labour Contractor,19,2.3,27600,-0.0738,3.9,1,2,0,0.55
EMP12078,2023-12-30,MEP,Site Engineer,3,Ahmedabad Water Works,Water,MGR011,Permanent,Recruitment Consultancy,34,5.4,45700,0.0468,2.0,1,3,1,0.65
EMP12079,2023-10-28,MEP,Deputy Manager,5,Mantralaya Redevelopment,Government Building,MGR022,Permanent,Naukri / Job Portal,35,8.1,75100,-0.1852,5.7,0,4,1,0.15
EMP12080,2024-03-30,Civil Execution,Construction Manager,5,JNPA WOLP,Port Infrastructure,MGR040,Fixed Term Contract,Recruitment Consultancy,30,6.7,111600,0.076,1.1,1,5,0,0.55
EMP12081,2026-03-07,Stores & Logistics,Deputy Manager,5,Pune Metro Reach-3,Metro,MGR104,Apprentice / Trainee,Naukri / Job Portal,38,6.8,97000,0.0676,13.0,0,4,1,0.25
EMP12082,2022-04-18,Civil Execution,Junior Engineer,2,Pune Metro Reach-3,Metro,MGR047,Fixed Term Contract,Recruitment Consultancy,31,4.0,25400,-0.0678,7.1,0,2,0,0.25
EMP12083,2022-05-12,EHS,Safety Officer,3,Mantralaya Redevelopment,Government Building,MGR018,Permanent,Walk-in / Site Gate,32,5.0,36800,-0.1098,5.1,0,3,0,0.15
EMP12084,2026-03-07,Civil Execution,Site Helper,1,Mantralaya Redevelopment,Government Building,MGR081,Fixed Term Contract,Walk-in / Site Gate,23,1.9,20400,0.2088,8.1,0,1,0,0.15
EMP12085,2023-05-20,Procurement,Deputy Manager,5,Nagpur Expressway Pkg-4,Highway,MGR033,Retainer,Naukri / Job Portal,34,6.7,103500,0.1405,38.1,0,4,1,0.85
EMP12086,2025-09-27,Planning & Coordination,Deputy Manager,5,Pune Metro Reach-3,Metro,MGR067,Permanent,Recruitment Consultancy,34,11.1,98400,0.0337,6.2,0,4,0,0.25
EMP12087,2026-01-31,MEP,Site Engineer,3,Nagpur Expressway Pkg-4,Highway,MGR070,Permanent,Internal Transfer,35,3.6,40400,-0.0554,54.8,0,3,0,0.85
EMP12088,2021-11-10,Accounts & Finance,Accounts Officer,3,Bengaluru Tech Park,Commercial,MGR095,Fixed Term Contract,Recruitment Consultancy,37,4.3,44700,0.1488,94.8,0,2,1,0.2
EMP12089,2023-01-30,EHS,Deputy Manager,5,Pune Metro Reach-3,Metro,MGR103,Permanent,Recruitment Consultancy,35,6.4,72200,-0.2018,14.5,0,4,0,0.25
EMP12090,2026-08-08,Stores & Logistics,Store Officer,2,Bengaluru Tech Park,Commercial,MGR010,Fixed Term Contract,Employee Referral,26,3.0,28800,-0.0072,9.9,0,2,1,0.2
EMP12091,2026-04-25,Planning & Coordination,Deputy Manager,5,Nagpur Expressway Pkg-4,Highway,MGR046,Permanent,Internal Transfer,38,6.2,74600,-0.1734,3.1,1,4,1,0.85
EMP12092,2023-12-09,HR & Admin,HR Executive,3,JNPA WOLP,Port Infrastructure,MGR067,Fixed Term Contract,Internal Transfer,36,5.0,33700,-0.1169,4.3,1,2,1,0.55
EMP12093,2022-10-14,Accounts & Finance,Deputy Manager,5,Bengaluru Tech Park,Commercial,MGR001,Retainer,Employee Referral,46,10.5,65700,-0.3054,26.4,0,4,1,0.2
EMP12094,2021-09-15,Civil Execution,Site Helper,1,JNPA WOLP,Port Infrastructure,MGR036,Permanent,Employee Referral,22,4.2,19800,0.1424,2.8,1,1,1,0.55
EMP12095,2020-03-22,Procurement,Deputy Manager,5,Mumbai HO,Corporate,MGR076,Permanent,Recruitment Consultancy,32,11.6,80800,-0.1556,1.7,0,4,1,0.05
EMP12096,2024-01-27,Civil Execution,Senior Engineer,4,Mantralaya Redevelopment,Government Building,MGR004,Permanent,Recruitment Consultancy,38,6.6,73400,0.097,17.3,0,4,1,0.15
EMP12097,2026-05-02,Design & Engineering,Deputy Manager,5,JNPA WOLP,Port Infrastructure,MGR113,Fixed Term Contract,Employee Referral,37,7.7,80100,-0.1271,3.0,1,4,1,0.55
EMP12098,2025-09-06,EHS,Supervisor,2,Pune Metro Reach-3,Metro,MGR090,Fixed Term Contract,Labour Contractor,27,1.8,35900,0.2118,21.4,0,2,0,0.25
EMP12099,2026-03-28,Accounts & Finance,Accounts Officer,3,Bengaluru Tech Park,Commercial,MGR066,Permanent,Naukri / Job Portal,30,5.3,38600,-0.0191,5.8,0,2,1,0.2
EMP12100,2023-12-30,Stores & Logistics,Site Helper,1,Nagpur Expressway Pkg-4,Highway,MGR047,Permanent,Walk-in / Site Gate,19,1.6,15200,-0.0961,6.2,1,1,1,0.85
EMP12101,2025-03-22,Civil Execution,Site Helper,1,Ahmedabad Water Works,Water,MGR113,Permanent,Labour Contractor,22,2.9,17400,0.0191,47.7,0,1,0,0.65
EMP12102,2026-05-16,Stores & Logistics,Store Officer,2,Bengaluru Tech Park,Commercial,MGR005,Fixed Term Contract,Naukri / Job Portal,27,5.4,28200,-0.0541,10.2,0,2,1,0.2
EMP12103,2026-02-21,Civil Execution,Senior Engineer,4,JNPA WOLP,Port Infrastructure,MGR074,Permanent,Walk-in / Site Gate,38,6.1,72400,0.0881,4.8,1,4,0,0.55
EMP12104,2025-08-02,Planning & Coordination,Deputy Manager,5,Pune Metro Reach-3,Metro,MGR049,Permanent,Recruitment Consultancy,39,6.8,92200,0.0148,25.6,0,4,0,0.25
EMP12105,2020-03-14,Planning & Coordination,Senior Engineer,4,JNPA WOLP,Port Infrastructure,MGR052,Permanent,Internal Transfer,47,8.7,73900,0.0793,4.4,1,4,0,0.55
EMP12106,2022-04-18,Design & Engineering,Deputy Manager,5,Ahmedabad Water Works,Water,MGR061,Permanent,Employee Referral,35,6.6,88700,-0.0215,6.9,1,4,1,0.65
EMP12107,2023-11-04,Planning & Coordination,Planning Engineer,4,JNPA WOLP,Port Infrastructure,MGR093,Apprentice / Trainee,Campus Hiring,35,6.2,60600,-0.0275,1.1,1,4,0,0.55
EMP12108,2024-11-09,MEP,Site Engineer,3,Mantralaya Redevelopment,Government Building,MGR061,Permanent,Labour Contractor,34,5.0,47600,0.0953,39.3,0,3,0,0.15
EMP12109,2024-02-24,MEP,Deputy Manager,5,Ahmedabad Water Works,Water,MGR114,Fixed Term Contract,Recruitment Consultancy,57,6.9,80000,-0.1204,15.6,0,4,0,0.65
EMP12110,2025-03-15,Quality Assurance & Control,Junior Engineer,2,Mantralaya Redevelopment,Government Building,MGR026,Retainer,Naukri / Job Portal,19,2.0,19000,-0.2864,14.1,0,2,0,0.15
EMP12111,2025-10-25,Civil Execution,Supervisor,2,Bengaluru Tech Park,Commercial,MGR103,Permanent,Labour Contractor,33,5.4,35600,0.1529,12.2,0,2,0,0.2
EMP12112,2021-08-29,EHS,Safety Officer,3,JNPA WOLP,Port Infrastructure,MGR077,Permanent,Naukri / Job Portal,30,4.2,40800,-0.004,3.8,1,3,0,0.55
EMP12113,2023-12-09,Quality Assurance & Control,Deputy Manager,5,Ahmedabad Water Works,Water,MGR054,Permanent,Naukri / Job Portal,30,10.2,78800,-0.1642,17.7,0,4,1,0.65
EMP12114,2019-09-18,Quality Assurance & Control,Deputy Manager,5,Pune Metro Reach-3,Metro,MGR081,Permanent,Recruitment Consultancy,47,8.7,94800,0.0219,22.4,0,4,0,0.25
EMP12115,2025-07-19,MEP,Site Engineer,3,Bengaluru Tech Park,Commercial,MGR050,Permanent,Labour Contractor,34,3.5,46200,0.0814,34.6,0,3,0,0.2
EMP12116,2023-08-19,Design & Engineering,Senior Engineer,4,Pune Metro Reach-3,Metro,MGR027,Fixed Term Contract,Employee Referral,34,5.1,65400,-0.006,10.3,0,4,0,0.25
EMP12117,2021-11-25,Quality Assurance & Control,Deputy Manager,5,Pune Metro Reach-3,Metro,MGR110,Permanent,Naukri / Job Portal,37,7.8,90200,-0.0181,6.9,0,4,1,0.25
EMP12118,2025-04-26,MEP,Senior Engineer,4,Nagpur Expressway Pkg-4,Highway,MGR105,Permanent,Campus Hiring,34,7.0,60700,-0.0968,4.2,1,4,1,0.85
EMP12119,2020-12-30,Planning & Coordination,Planning Engineer,4,Mantralaya Redevelopment,Government Building,MGR096,Permanent,Naukri / Job Portal,31,5.5,45400,-0.2657,26.7,0,4,1,0.15
EMP12120,2022-09-19,Civil Execution,Construction Manager,5,Ahmedabad Water Works,Water,MGR044,Fixed Term Contract,Employee Referral,35,8.3,95300,-0.0972,5.3,1,5,1,0.65
EMP12121,2025-12-20,Accounts & Finance,Deputy Manager,5,Mumbai HO,Corporate,MGR048,Permanent,Internal Transfer,34,6.9,104200,0.1456,9.9,0,4,0,0.05
EMP12122,2022-10-21,MEP,Junior Engineer,2,Nagpur Expressway Pkg-4,Highway,MGR089,Fixed Term Contract,Employee Referral,30,2.6,33800,0.2607,22.0,0,2,1,0.85
EMP12123,2024-10-19,HR & Admin,Deputy Manager,5,Mumbai HO,Corporate,MGR092,Permanent,Recruitment Consultancy,48,6.9,87200,-0.0413,11.2,0,4,1,0.05
EMP12124,2022-07-11,Quality Assurance & Control,Deputy Manager,5,Ahmedabad Water Works,Water,MGR009,Permanent,Recruitment Consultancy,29,7.9,79400,-0.1366,29.2,0,4,0,0.65
EMP12125,2021-12-15,Procurement,Procurement Executive,3,Bengaluru Tech Park,Commercial,MGR120,Permanent,Campus Hiring,35,4.2,44600,-0.0564,4.3,0,3,1,0.2
EMP12126,2020-05-06,Stores & Logistics,Store Officer,2,Delhi NCR Logistics Hub,Industrial,MGR040,Permanent,Campus Hiring,26,1.9,26200,-0.0851,18.5,0,2,0,0.45
EMP12127,2025-10-18,Procurement,Procurement Executive,3,JNPA WOLP,Port Infrastructure,MGR077,Permanent,Employee Referral,30,3.6,50200,0.0694,2.0,1,3,1,0.55
EMP12128,2023-04-29,Civil Execution,Senior Engineer,4,Nagpur Expressway Pkg-4,Highway,MGR020,Permanent,Walk-in / Site Gate,36,5.1,51500,-0.2173,8.8,1,4,1,0.85
EMP12129,2026-02-07,Procurement,Procurement Executive,3,Mantralaya Redevelopment,Government Building,MGR039,Permanent,Naukri / Job Portal,29,3.6,53400,0.1375,4.6,0,3,1,0.15
EMP12130,2023-09-16,Civil Execution,Site Engineer,3,Ahmedabad Water Works,Water,MGR078,Permanent,Employee Referral,38,5.5,42600,-0.0253,112.6,0,3,1,0.65
EMP12131,2020-04-20,Civil Execution,Site Helper,1,JNPA WOLP,Port Infrastructure,MGR110,Fixed Term Contract,Labour Contractor,35,6.2,19800,0.1169,0.6,1,1,0,0.55
EMP12132,2021-09-12,MEP,Junior Engineer,2,Pune Metro Reach-3,Metro,MGR022,Fixed Term Contract,Campus Hiring,27,4.7,31800,0.1578,39.3,0,2,0,0.25
EMP12133,2025-06-14,Civil Execution,Construction Manager,5,JNPA WOLP,Port Infrastructure,MGR008,Fixed Term Contract,Recruitment Consultancy,35,7.2,101500,-0.0268,0.6,1,5,1,0.55
EMP12134,2022-09-21,Civil Execution,Senior Engineer,4,Ahmedabad Water Works,Water,MGR040,Fixed Term Contract,Labour Contractor,32,4.9,62700,-0.0449,17.4,0,4,1,0.65
EMP12135,2025-06-28,HR & Admin,Deputy Manager,5,Mumbai HO,Corporate,MGR086,Permanent,Naukri / Job Portal,38,9.6,89200,-0.0478,16.1,0,4,1,0.05
EMP12136,2024-01-06,Civil Execution,Site Engineer,3,Mantralaya Redevelopment,Government Building,MGR007,Fixed Term Contract,Labour Contractor,21,4.2,48100,0.1169,1.0,0,3,0,0.15
EMP12137,2024-06-22,Planning & Coordination,Senior Engineer,4,Nagpur Expressway Pkg-4,Highway,MGR107,Retainer,Campus Hiring,32,6.5,76900,0.1506,20.9,0,4,1,0.85
EMP12138,2021-12-19,HR & Admin,HR Executive,3,JNPA WOLP,Port Infrastructure,MGR007,Fixed Term Contract,Internal Transfer,28,4.6,34000,-0.105,4.3,0,2,1,0.55
EMP12139,2025-07-19,Civil Execution,Senior Engineer,4,Mantralaya Redevelopment,Government Building,MGR045,Permanent,Walk-in / Site Gate,37,4.6,58400,-0.1073,8.1,0,4,0,0.15
EMP12140,2025-08-02,Planning & Coordination,Senior Engineer,4,Nagpur Expressway Pkg-4,Highway,MGR038,Permanent,Employee Referral,34,4.9,70300,0.0709,33.3,0,4,1,0.85
EMP12141,2025-01-18,Stores & Logistics,Deputy Manager,5,Bengaluru Tech Park,Commercial,MGR014,Fixed Term Contract,Recruitment Consultancy,38,8.8,86800,-0.0654,17.1,0,4,1,0.2
EMP12142,2022-05-20,Stores & Logistics,Deputy Manager,5,Delhi NCR Logistics Hub,Industrial,MGR079,Permanent,Naukri / Job Portal,48,7.3,109600,0.1997,32.2,0,4,1,0.45
EMP12143,2023-08-05,Civil Execution,Senior Engineer,4,Mantralaya Redevelopment,Government Building,MGR014,Permanent,Recruitment Consultancy,34,4.9,66400,0.0115,27.1,0,4,0,0.15
EMP12144,2026-03-21,Accounts & Finance,Deputy Manager,5,Mumbai HO,Corporate,MGR073,Permanent,Recruitment Consultancy,38,8.5,100000,0.0803,7.0,0,4,1,0.05
EMP12145,2024-09-28,Accounts & Finance,Deputy Manager,5,Mumbai HO,Corporate,MGR105,Permanent,Naukri / Job Portal,29,11.8,90500,-0.0563,15.4,0,4,1,0.05
EMP12146,2026-01-10,Accounts & Finance,Deputy Manager,5,Mumbai HO,Corporate,MGR009,Permanent,Internal Transfer,43,6.5,85900,-0.0514,6.2,0,4,1,0.05
EMP12147,2021-01-13,Business Support Services,Procurement Executive,3,Bengaluru Tech Park,Commercial,MGR063,Fixed Term Contract,Walk-in / Site Gate,32,6.3,49100,0.0144,16.8,0,3,0,0.2
EMP12148,2023-01-07,Civil Execution,Site Helper,1,Bengaluru Tech Park,Commercial,MGR053,Fixed Term Contract,Labour Contractor,25,1.1,17800,0.0647,3.2,0,1,0,0.2
EMP12149,2022-10-08,Quality Assurance & Control,Junior Engineer,2,Bengaluru Tech Park,Commercial,MGR077,Fixed Term Contract,Recruitment Consultancy,21,2.6,35000,0.3054,65.9,0,2,0,0.2
EMP12150,2026-07-04,Design & Engineering,Senior Engineer,4,Ahmedabad Water Works,Water,MGR003,Retainer,Naukri / Job Portal,26,4.7,70500,0.0764,8.9,1,4,1,0.65
EMP12151,2024-02-03,Procurement,Deputy Manager,5,Mantralaya Redevelopment,Government Building,MGR065,Fixed Term Contract,Internal Transfer,43,6.8,101600,0.1183,5.7,0,4,1,0.15
EMP12152,2021-10-15,Procurement,Procurement Executive,3,Mumbai HO,Corporate,MGR015,Permanent,Campus Hiring,38,3.1,41400,-0.113,20.5,0,3,1,0.05
EMP12153,2025-03-15,Stores & Logistics,Supervisor,2,Pune Metro Reach-3,Metro,MGR005,Fixed Term Contract,Recruitment Consultancy,27,2.8,28700,-0.0425,9.7,0,2,1,0.25
EMP12154,2024-05-18,Design & Engineering,Design Engineer,4,Pune Metro Reach-3,Metro,MGR011,Permanent,Recruitment Consultancy,45,6.6,61900,-0.044,30.6,0,4,1,0.25
EMP12155,2023-06-17,MEP,Site Engineer,3,Nagpur Expressway Pkg-4,Highway,MGR017,Fixed Term Contract,Naukri / Job Portal,36,3.3,35800,-0.1601,36.3,0,3,0,0.85
EMP12156,2019-07-29,Civil Execution,Site Helper,1,Delhi NCR Logistics Hub,Industrial,MGR008,Fixed Term Contract,Labour Contractor,19,0.1,18400,0.1138,35.9,0,1,0,0.45
EMP12157,2023-12-02,MEP,Site Engineer,3,JNPA WOLP,Port Infrastructure,MGR082,Permanent,Campus Hiring,36,4.6,43100,-0.0038,7.9,1,3,1,0.55
EMP12158,2023-10-21,EHS,Safety Officer,3,Nagpur Expressway Pkg-4,Highway,MGR072,Apprentice / Trainee,Walk-in / Site Gate,37,4.2,39000,-0.048,0.5,1,3,1,0.85
EMP12159,2019-04-16,Quality Assurance & Control,Junior Engineer,2,JNPA WOLP,Port Infrastructure,MGR101,Fixed Term Contract,Labour Contractor,30,1.7,23900,-0.0991,11.9,0,2,0,0.55
EMP12160,2024-03-09,Business Support Services,HR Executive,3,Nagpur Expressway Pkg-4,Highway,MGR080,Fixed Term Contract,Naukri / Job Portal,35,4.6,44300,0.1662,3.3,1,2,0,0.85
EMP12161,2023-02-28,HR & Admin,Deputy Manager,5,Mantralaya Redevelopment,Government Building,MGR051,Permanent,Recruitment Consultancy,39,9.4,99800,0.0677,56.0,0,4,1,0.15
EMP12162,2020-12-13,Procurement,Deputy Manager,5,Mumbai HO,Corporate,MGR066,Permanent,Internal Transfer,41,8.5,81300,-0.1217,5.7,0,4,1,0.05
EMP12163,2020-06-09,Planning & Coordination,Planning Engineer,4,Ahmedabad Water Works,Water,MGR074,Retainer,Naukri / Job Portal,41,5.3,60700,-0.016,4.2,1,4,1,0.65
EMP12164,2024-03-02,MEP,Site Engineer,3,Mantralaya Redevelopment,Government Building,MGR039,Apprentice / Trainee,Employee Referral,22,5.9,43500,-0.0092,11.8,0,3,1,0.15
EMP12165,2022-02-23,Civil Execution,Site Helper,1,Bengaluru Tech Park,Commercial,MGR035,Fixed Term Contract,Labour Contractor,19,0.9,13700,-0.1786,10.3,0,1,0,0.2
EMP12166,2024-06-15,Business Support Services,Procurement Executive,3,JNPA WOLP,Port Infrastructure,MGR068,Fixed Term Contract,Labour Contractor,47,3.6,51800,0.1034,2.5,1,3,0,0.55
EMP12167,2020-09-23,Civil Execution,Project Manager,6,JNPA WOLP,Port Infrastructure,MGR067,Permanent,Recruitment Consultancy,41,9.5,177000,0.2413,1.4,1,5,0,0.55
EMP12168,2025-04-05,Quality Assurance & Control,Junior Engineer,2,Ahmedabad Water Works,Water,MGR107,Permanent,Naukri / Job Portal,21,4.3,28200,0.0314,6.4,1,2,1,0.65
EMP12169,2025-06-14,HR & Admin,HR Executive,3,Mantralaya Redevelopment,Government Building,MGR028,Fixed Term Contract,Naukri / Job Portal,25,3.1,42600,0.1409,10.8,0,2,1,0.15
EMP12170,2023-09-09,Civil Execution,Supervisor,2,Delhi NCR Logistics Hub,Industrial,MGR105,Fixed Term Contract,Naukri / Job Portal,26,2.7,27500,-0.0815,4.6,1,2,1,0.45
EMP12171,2024-03-16,Accounts & Finance,Deputy Manager,5,JNPA WOLP,Port Infrastructure,MGR013,Fixed Term Contract,Internal Transfer,32,6.5,70400,-0.2225,12.9,0,4,1,0.55
EMP12172,2022-01-16,Design & Engineering,Design Engineer,4,Mumbai HO,Corporate,MGR100,Permanent,Campus Hiring,40,12.5,59600,-0.1362,10.0,0,4,1,0.05
EMP12173,2026-01-03,Civil Execution,Construction Manager,5,JNPA WOLP,Port Infrastructure,MGR032,Permanent,Employee Referral,37,7.1,102500,-0.0161,2.0,1,5,1,0.55
EMP12174,2024-11-23,Civil Execution,Site Helper,1,Ahmedabad Water Works,Water,MGR052,Fixed Term Contract,Walk-in / Site Gate,26,0.8,16300,-0.0215,34.2,0,1,0,0.65
EMP12175,2025-03-22,Civil Execution,Senior Engineer,4,Delhi NCR Logistics Hub,Industrial,MGR102,Permanent,Walk-in / Site Gate,31,8.5,72400,0.0597,0.8,1,4,0,0.45
EMP12176,2024-08-03,Civil Execution,Senior Engineer,4,Bengaluru Tech Park,Commercial,MGR111,Permanent,Labour Contractor,23,8.1,66900,-0.0166,4.6,0,4,0,0.2
EMP12177,2026-07-25,Civil Execution,Construction Manager,5,Nagpur Expressway Pkg-4,Highway,MGR066,Fixed Term Contract,Recruitment Consultancy,41,7.1,79600,-0.2359,1.0,1,5,1,0.85
EMP12178,2019-07-29,Design & Engineering,Deputy Manager,5,Delhi NCR Logistics Hub,Industrial,MGR104,Permanent,Recruitment Consultancy,39,6.1,90100,-0.0005,26.1,0,4,1,0.45
EMP12179,2019-06-13,HR & Admin,HR Executive,3,Mumbai HO,Corporate,MGR118,Apprentice / Trainee,Naukri / Job Portal,24,3.6,42700,0.137,19.4,0,2,1,0.05
EMP12180,2024-12-21,Accounts & Finance,Deputy Manager,5,Bengaluru Tech Park,Commercial,MGR072,Permanent,Employee Referral,37,6.5,75700,-0.164,3.7,0,4,1,0.2
EMP12181,2022-04-11,Civil Execution,Construction Manager,5,Nagpur Expressway Pkg-4,Highway,MGR071,Apprentice / Trainee,Naukri / Job Portal,31,8.3,93200,-0.1171,3.9,1,5,1,0.85
EMP12182,2021-09-20,EHS,Safety Officer,3,JNPA WOLP,Port Infrastructure,MGR102,Fixed Term Contract,Campus Hiring,37,3.4,35200,-0.1328,4.6,1,3,1,0.55
EMP12183,2024-04-06,HR & Admin,HR Executive,3,Delhi NCR Logistics Hub,Industrial,MGR045,Permanent,Naukri / Job Portal,35,6.1,35000,-0.0941,17.6,0,2,1,0.45
EMP12184,2024-04-27,EHS,Supervisor,2,Ahmedabad Water Works,Water,MGR054,Permanent,Walk-in / Site Gate,32,2.0,28100,-0.0537,4.0,1,2,0,0.65
EMP12185,2023-07-29,Civil Execution,Site Helper,1,JNPA WOLP,Port Infrastructure,MGR018,Permanent,Labour Contractor,33,1.9,18900,0.1199,1.6,1,1,0,0.55
EMP12186,2019-09-02,Planning & Coordination,Deputy Manager,5,Mumbai HO,Corporate,MGR066,Permanent,Naukri / Job Portal,38,7.8,92900,0.0113,17.9,0,4,1,0.05
EMP12187,2025-10-04,Planning & Coordination,Deputy Manager,5,Ahmedabad Water Works,Water,MGR034,Apprentice / Trainee,Naukri / Job Portal,33,6.3,94300,0.0437,55.8,0,4,0,0.65
EMP12188,2025-12-06,Civil Execution,Supervisor,2,Nagpur Expressway Pkg-4,Highway,MGR014,Fixed Term Contract,Recruitment Consultancy,20,3.3,31200,0.0349,60.9,0,2,0,0.85
EMP12189,2023-10-07,Procurement,Procurement Executive,3,Mumbai HO,Corporate,MGR009,Permanent,Recruitment Consultancy,39,3.5,46200,-0.0147,16.4,0,3,1,0.05
EMP12190,2024-02-24,Design & Engineering,Deputy Manager,5,Bengaluru Tech Park,Commercial,MGR063,Fixed Term Contract,Employee Referral,49,8.9,86700,-0.0675,9.3,0,4,1,0.2
EMP12191,2025-09-20,Design & Engineering,Senior Engineer,4,Mumbai HO,Corporate,MGR031,Fixed Term Contract,Walk-in / Site Gate,44,6.1,55000,-0.1734,5.0,0,4,0,0.05
EMP12192,2023-04-15,Civil Execution,Project Manager,6,Nagpur Expressway Pkg-4,Highway,MGR064,Fixed Term Contract,Naukri / Job Portal,39,8.6,128000,-0.0935,2.1,1,5,0,0.85
EMP12193,2021-07-12,Design & Engineering,Senior Engineer,4,Mantralaya Redevelopment,Government Building,MGR009,Permanent,Recruitment Consultancy,36,7.9,80000,0.1786,56.7,0,4,1,0.15
EMP12194,2025-11-22,MEP,Junior Engineer,2,Delhi NCR Logistics Hub,Industrial,MGR075,Permanent,Naukri / Job Portal,29,4.3,34700,0.2691,2.0,1,2,1,0.45
EMP12195,2020-07-11,Civil Execution,Site Helper,1,Delhi NCR Logistics Hub,Industrial,MGR116,Apprentice / Trainee,Labour Contractor,29,1.6,19500,0.1596,5.5,0,1,0,0.45
EMP12196,2019-06-30,Planning & Coordination,Deputy Manager,5,Bengaluru Tech Park,Commercial,MGR057,Permanent,Naukri / Job Portal,40,9.4,83000,-0.1121,33.1,0,4,0,0.2
EMP12197,2024-11-02,Accounts & Finance,Accounts Officer,3,Ahmedabad Water Works,Water,MGR073,Fixed Term Contract,Recruitment Consultancy,32,4.8,35700,-0.0877,29.6,0,2,1,0.65
EMP12198,2025-01-04,Civil Execution,Site Engineer,3,Bengaluru Tech Park,Commercial,MGR093,Apprentice / Trainee,Naukri / Job Portal,42,3.9,41100,-0.0424,2.3,0,3,0,0.2
EMP12199,2024-01-20,Business Support Services,Procurement Executive,3,Mumbai HO,Corporate,MGR022,Apprentice / Trainee,Walk-in / Site Gate,27,3.2,51700,0.1064,22.7,0,3,0,0.05
EMP12200,2019-05-23,Civil Execution,Construction Manager,5,Mantralaya Redevelopment,Government Building,MGR049,Permanent,Naukri / Job Portal,38,8.1,106800,0.0139,5.2,0,5,1,0.15
EMP12201,2025-07-05,Accounts & Finance,Deputy Manager,5,Ahmedabad Water Works,Water,MGR075,Fixed Term Contract,Employee Referral,31,7.2,99100,0.0859,0.5,1,4,1,0.65
EMP12202,2023-06-17,Procurement,Procurement Executive,3,Pune Metro Reach-3,Metro,MGR047,Fixed Term Contract,Recruitment Consultancy,30,4.7,50700,0.0665,38.7,0,3,1,0.25
EMP12203,2026-04-04,Design & Engineering,Design Engineer,4,Mumbai HO,Corporate,MGR073,Permanent,Walk-in / Site Gate,43,4.6,74100,0.1704,8.6,0,4,0,0.05
EMP12204,2025-11-29,HR & Admin,Deputy Manager,5,Mumbai HO,Corporate,MGR016,Fixed Term Contract,Naukri / Job Portal,35,6.3,96800,0.0714,13.3,0,4,1,0.05
EMP12205,2023-10-14,Design & Engineering,Design Engineer,4,Mumbai HO,Corporate,MGR054,Retainer,Walk-in / Site Gate,40,6.1,61400,-0.0465,12.6,0,4,0,0.05
EMP12206,2022-02-04,Procurement,Deputy Manager,5,Mantralaya Redevelopment,Government Building,MGR057,Permanent,Employee Referral,36,7.2,70700,-0.2253,29.9,0,4,1,0.15
EMP12207,2023-12-30,MEP,Senior Engineer,4,Bengaluru Tech Park,Commercial,MGR091,Fixed Term Contract,Naukri / Job Portal,41,6.2,51300,-0.2299,16.5,0,4,1,0.2
EMP12208,2020-07-26,Civil Execution,Site Engineer,3,Delhi NCR Logistics Hub,Industrial,MGR101,Permanent,Recruitment Consultancy,41,4.0,47700,0.1101,9.1,0,3,0,0.45
EMP12209,2026-05-09,Business Support Services,HR Executive,3,Mumbai HO,Corporate,MGR108,Fixed Term Contract,Naukri / Job Portal,28,4.3,36400,-0.0385,4.2,0,2,1,0.05
EMP12210,2020-01-02,Planning & Coordination,Planning Engineer,4,JNPA WOLP,Port Infrastructure,MGR102,Apprentice / Trainee,Employee Referral,32,7.2,60600,-0.0383,42.8,0,4,1,0.55
EMP12211,2019-07-19,Civil Execution,Construction Manager,5,Nagpur Expressway Pkg-4,Highway,MGR112,Permanent,Employee Referral,40,7.2,101600,-0.0258,4.3,1,5,0,0.85
EMP12212,2024-01-13,Civil Execution,Site Helper,1,Mantralaya Redevelopment,Government Building,MGR095,Fixed Term Contract,Labour Contractor,19,0.6,19500,0.1734,11.2,0,1,0,0.15
EMP12213,2024-10-26,MEP,Junior Engineer,2,Bengaluru Tech Park,Commercial,MGR120,Apprentice / Trainee,Recruitment Consultancy,19,6.1,24400,-0.1255,4.9,0,2,1,0.2
EMP12214,2026-04-25,Accounts & Finance,Deputy Manager,5,Delhi NCR Logistics Hub,Industrial,MGR010,Permanent,Recruitment Consultancy,37,8.3,95700,0.0361,1.5,1,4,0,0.45
EMP12215,2025-07-26,Business Support Services,Accounts Officer,3,JNPA WOLP,Port Infrastructure,MGR042,Permanent,Naukri / Job Portal,33,4.3,33800,-0.1313,2.2,1,2,1,0.55
EMP12216,2026-01-17,Civil Execution,Project Manager,6,Bengaluru Tech Park,Commercial,MGR013,Permanent,Employee Referral,38,9.3,152900,0.0746,25.2,0,5,1,0.2
EMP12217,2024-10-26,Stores & Logistics,Deputy Manager,5,Delhi NCR Logistics Hub,Industrial,MGR118,Permanent,Naukri / Job Portal,46,6.9,95300,0.0478,3.0,1,4,0,0.45
EMP12218,2025-04-26,Stores & Logistics,Supervisor,2,Nagpur Expressway Pkg-4,Highway,MGR065,Retainer,Employee Referral,21,2.9,33000,0.0997,4.1,1,2,1,0.85
EMP12219,2025-12-13,MEP,Deputy Manager,5,Bengaluru Tech Park,Commercial,MGR022,Permanent,Naukri / Job Portal,46,9.8,94700,0.0088,28.3,0,4,1,0.2
EMP12220,2025-02-22,Planning & Coordination,Planning Engineer,4,JNPA WOLP,Port Infrastructure,MGR054,Fixed Term Contract,Internal Transfer,47,4.9,54800,-0.1076,2.9,1,4,1,0.55
EMP12221,2021-05-06,Quality Assurance & Control,Deputy Manager,5,Ahmedabad Water Works,Water,MGR023,Permanent,Employee Referral,47,8.8,82100,-0.116,1.6,1,4,1,0.65
EMP12222,2026-07-11,Business Support Services,Accounts Officer,3,Delhi NCR Logistics Hub,Industrial,MGR072,Fixed Term Contract,Recruitment Consultancy,33,9.1,42900,0.0453,28.3,0,2,1,0.45
EMP12223,2025-04-12,EHS,Safety Officer,3,Delhi NCR Logistics Hub,Industrial,MGR049,Permanent,Naukri / Job Portal,22,6.4,51600,0.2287,5.7,1,3,1,0.45
EMP12224,2025-11-22,Civil Execution,Senior Engineer,4,Nagpur Expressway Pkg-4,Highway,MGR014,Fixed Term Contract,Naukri / Job Portal,41,5.2,76100,0.1553,1.3,1,4,0,0.85
EMP12225,2024-05-18,Civil Execution,Senior Engineer,4,Nagpur Expressway Pkg-4,Highway,MGR111,Permanent,Naukri / Job Portal,34,5.6,56400,-0.1476,1.5,1,4,1,0.85
EMP12226,2020-04-16,Stores & Logistics,Deputy Manager,5,JNPA WOLP,Port Infrastructure,MGR006,Permanent,Internal Transfer,34,6.1,81100,-0.1004,18.4,0,4,1,0.55
EMP12227,2022-01-12,Stores & Logistics,Site Helper,1,Ahmedabad Water Works,Water,MGR043,Permanent,Employee Referral,19,1.7,16700,-0.0081,21.1,0,1,0,0.65
EMP12228,2026-06-20,Civil Execution,Project Manager,6,Mumbai HO,Corporate,MGR007,Permanent,Recruitment Consultancy,37,8.5,172000,0.2194,1.6,0,5,0,0.05
EMP12229,2024-04-20,Accounts & Finance,Deputy Manager,5,JNPA WOLP,Port Infrastructure,MGR047,Permanent,Recruitment Consultancy,40,10.5,109500,0.1577,12.4,0,4,1,0.55
EMP12230,2023-04-15,Civil Execution,Junior Engineer,2,Bengaluru Tech Park,Commercial,MGR024,Fixed Term Contract,Walk-in / Site Gate,27,1.7,24800,-0.0652,7.9,0,2,0,0.2
EMP12231,2020-12-08,Stores & Logistics,Site Helper,1,Delhi NCR Logistics Hub,Industrial,MGR087,Fixed Term Contract,Labour Contractor,32,0.2,20100,0.2153,32.9,0,1,1,0.45
EMP12232,2025-10-11,Stores & Logistics,Supervisor,2,Mumbai HO,Corporate,MGR037,Fixed Term Contract,Naukri / Job Portal,32,2.1,34000,0.1436,9.8,0,2,1,0.05
EMP12233,2026-06-27,Civil Execution,Project Manager,6,Ahmedabad Water Works,Water,MGR059,Retainer,Employee Referral,41,9.2,135700,-0.0452,2.7,1,5,1,0.65
EMP12234,2025-03-22,Procurement,Procurement Executive,3,Pune Metro Reach-3,Metro,MGR044,Permanent,Internal Transfer,26,4.4,56500,0.1926,10.8,0,3,1,0.25
EMP12235,2021-11-11,Civil Execution,Project Manager,6,Mumbai HO,Corporate,MGR070,Permanent,Recruitment Consultancy,40,9.0,111000,-0.2173,15.0,0,5,0,0.05
EMP12236,2026-07-11,Accounts & Finance,Deputy Manager,5,Mumbai HO,Corporate,MGR062,Permanent,Naukri / Job Portal,38,6.7,88300,-0.027,8.9,0,4,1,0.05
EMP12237,2022-04-25,Procurement,Procurement Executive,3,Delhi NCR Logistics Hub,Industrial,MGR080,Permanent,Employee Referral,30,4.3,58900,0.2447,1.7,1,3,1,0.45
EMP12238,2021-10-08,Procurement,Deputy Manager,5,JNPA WOLP,Port Infrastructure,MGR046,Apprentice / Trainee,Employee Referral,40,6.8,95200,0.0478,9.7,1,4,0,0.55
EMP12239,2025-10-04,Design & Engineering,Design Engineer,4,Ahmedabad Water Works,Water,MGR060,Permanent,Employee Referral,35,6.5,81800,0.2647,5.1,1,4,0,0.65
EMP12240,2024-06-15,MEP,Senior Engineer,4,Mantralaya Redevelopment,Government Building,MGR040,Permanent,Employee Referral,31,6.6,61600,-0.0794,1.3,0,4,1,0.15
EMP12241,2022-10-22,MEP,Site Engineer,3,Bengaluru Tech Park,Commercial,MGR013,Permanent,Naukri / Job Portal,28,3.8,34300,-0.1999,15.9,0,3,1,0.2
EMP12242,2019-08-24,Design & Engineering,Deputy Manager,5,Pune Metro Reach-3,Metro,MGR011,Permanent,Recruitment Consultancy,44,6.4,91600,0.0127,47.9,0,4,0,0.25
EMP12243,2024-10-12,Planning & Coordination,Senior Engineer,4,Ahmedabad Water Works,Water,MGR107,Fixed Term Contract,Naukri / Job Portal,45,5.1,65400,-0.006,7.2,1,4,0,0.65
EMP12244,2023-07-29,Design & Engineering,Deputy Manager,5,Delhi NCR Logistics Hub,Industrial,MGR045,Permanent,Naukri / Job Portal,34,6.3,106100,0.1743,2.9,1,4,0,0.45
EMP12245,2026-04-11,Civil Execution,Project Manager,6,Nagpur Expressway Pkg-4,Highway,MGR048,Permanent,Employee Referral,21,8.4,148200,0.0518,7.8,1,5,1,0.85
EMP12246,2023-04-29,Planning & Coordination,Deputy Manager,5,Pune Metro Reach-3,Metro,MGR036,Permanent,Employee Referral,34,7.3,102700,0.1241,4.2,0,4,0,0.25
EMP12247,2023-07-01,Civil Execution,Senior Engineer,4,Mantralaya Redevelopment,Government Building,MGR074,Permanent,Naukri / Job Portal,36,8.0,81700,0.2023,14.2,0,4,1,0.15
EMP12248,2026-06-06,Planning & Coordination,Senior Engineer,4,Mantralaya Redevelopment,Government Building,MGR095,Permanent,Employee Referral,45,4.6,70700,0.0807,9.7,0,4,1,0.15
EMP12249,2025-11-22,Design & Engineering,Senior Engineer,4,Bengaluru Tech Park,Commercial,MGR098,Permanent,Recruitment Consultancy,20,8.4,64600,-0.0535,14.2,0,4,1,0.2
EMP12250,2025-06-07,Civil Execution,Construction Manager,5,Ahmedabad Water Works,Water,MGR065,Fixed Term Contract,Employee Referral,35,6.5,101800,-0.0163,30.1,0,5,0,0.65
EMP12251,2024-08-17,Stores & Logistics,Store Officer,2,Pune Metro Reach-3,Metro,MGR002,Permanent,Walk-in / Site Gate,19,2.5,29600,0.0264,20.1,0,2,1,0.25
EMP12252,2026-07-04,EHS,Supervisor,2,Ahmedabad Water Works,Water,MGR090,Fixed Term Contract,Naukri / Job Portal,45,2.0,28000,-0.0571,2.8,0,2,1,0.65
EMP12253,2025-03-01,Design & Engineering,Senior Engineer,4,Mantralaya Redevelopment,Government Building,MGR119,Permanent,Walk-in / Site Gate,31,6.5,56200,-0.1591,25.7,0,4,0,0.15
EMP12254,2023-12-23,Design & Engineering,Design Engineer,4,Mumbai HO,Corporate,MGR101,Permanent,Recruitment Consultancy,34,6.5,64200,-0.0074,15.7,0,4,1,0.05
EMP12255,2026-03-07,Accounts & Finance,Deputy Manager,5,Ahmedabad Water Works,Water,MGR004,Fixed Term Contract,Employee Referral,37,8.0,85000,-0.0767,65.4,0,4,1,0.65
EMP12256,2025-10-11,Civil Execution,Senior Engineer,4,JNPA WOLP,Port Infrastructure,MGR073,Permanent,Naukri / Job Portal,38,5.4,61400,-0.0699,18.6,0,4,0,0.55
EMP12257,2026-07-18,Design & Engineering,Design Engineer,4,Mumbai HO,Corporate,MGR059,Fixed Term Contract,Naukri / Job Portal,44,7.3,72200,0.1064,5.4,0,4,0,0.05
EMP12258,2023-07-01,EHS,Deputy Manager,5,Ahmedabad Water Works,Water,MGR093,Permanent,Recruitment Consultancy,43,8.3,104100,0.127,2.3,0,4,0,0.65
EMP12259,2025-08-30,Civil Execution,Senior Engineer,4,Delhi NCR Logistics Hub,Industrial,MGR110,Permanent,Campus Hiring,39,7.2,58800,-0.127,20.4,0,4,1,0.45
EMP12260,2021-10-06,Design & Engineering,Senior Engineer,4,Bengaluru Tech Park,Commercial,MGR087,Permanent,Labour Contractor,33,6.6,81400,0.2166,14.0,0,4,0,0.2
EMP12261,2024-08-24,Design & Engineering,Design Engineer,4,Mantralaya Redevelopment,Government Building,MGR081,Permanent,Naukri / Job Portal,37,7.9,74500,0.1341,6.1,0,4,0,0.15
EMP12262,2020-10-04,HR & Admin,HR Executive,3,Mumbai HO,Corporate,MGR089,Permanent,Internal Transfer,43,9.6,36100,-0.1008,27.5,0,2,1,0.05
EMP12263,2019-11-16,Procurement,Deputy Manager,5,JNPA WOLP,Port Infrastructure,MGR095,Fixed Term Contract,Naukri / Job Portal,27,8.9,85900,-0.0761,2.9,1,4,1,0.55
EMP12264,2020-10-07,Quality Assurance & Control,Deputy Manager,5,JNPA WOLP,Port Infrastructure,MGR082,Fixed Term Contract,Naukri / Job Portal,39,7.4,109400,0.1962,1.0,1,4,1,0.55
EMP12265,2025-10-25,Civil Execution,Supervisor,2,JNPA WOLP,Port Infrastructure,MGR045,Retainer,Employee Referral,28,2.0,32500,0.0944,1.5,1,2,1,0.55
EMP12266,2021-12-19,Stores & Logistics,Site Helper,1,Nagpur Expressway Pkg-4,Highway,MGR082,Fixed Term Contract,Labour Contractor,19,1.9,15900,-0.0578,27.7,0,1,0,0.85
EMP12267,2025-04-12,Civil Execution,Supervisor,2,Delhi NCR Logistics Hub,Industrial,MGR110,Fixed Term Contract,Employee Referral,27,2.7,25100,-0.1616,1.8,1,2,1,0.45
EMP12268,2025-09-06,Civil Execution,Senior Engineer,4,Mumbai HO,Corporate,MGR076,Permanent,Recruitment Consultancy,34,8.5,56700,-0.1701,26.0,0,4,1,0.05
EMP12269,2020-06-26,Civil Execution,Site Helper,1,JNPA WOLP,Port Infrastructure,MGR098,Permanent,Labour Contractor,20,3.6,18600,0.0806,1.0,1,1,0,0.55
EMP12270,2026-07-11,Accounts & Finance,Deputy Manager,5,JNPA WOLP,Port Infrastructure,MGR072,Permanent,Employee Referral,47,7.9,76300,-0.1703,5.2,1,4,1,0.55
EMP12271,2024-06-08,Planning & Coordination,Deputy Manager,5,JNPA WOLP,Port Infrastructure,MGR055,Retainer,Employee Referral,28,6.8,103000,0.1337,4.3,1,4,1,0.55
EMP12272,2022-03-01,Business Support Services,HR Executive,3,Bengaluru Tech Park,Commercial,MGR017,Permanent,Employee Referral,41,4.0,47800,0.267,10.6,0,2,1,0.2
EMP12273,2024-08-10,EHS,Safety Officer,3,Ahmedabad Water Works,Water,MGR023,Permanent,Recruitment Consultancy,33,5.3,40500,-0.0236,5.3,1,3,0,0.65
EMP12274,2024-04-27,Business Support Services,Procurement Executive,3,JNPA WOLP,Port Infrastructure,MGR055,Fixed Term Contract,Labour Contractor,26,4.7,41400,-0.1291,4.3,1,3,0,0.55
EMP12275,2024-07-13,MEP,Senior Engineer,4,Mantralaya Redevelopment,Government Building,MGR010,Permanent,Naukri / Job Portal,28,7.5,66600,-0.0145,16.0,0,4,0,0.15
EMP12276,2024-10-19,Planning & Coordination,Deputy Manager,5,Pune Metro Reach-3,Metro,MGR091,Retainer,Employee Referral,36,7.5,95500,0.043,1.6,0,4,1,0.25
EMP12277,2025-08-02,Planning & Coordination,Planning Engineer,4,Mantralaya Redevelopment,Government Building,MGR043,Permanent,Labour Contractor,39,6.8,62800,0.0011,45.6,0,4,0,0.15
EMP12278,2025-04-26,Civil Execution,Site Helper,1,Pune Metro Reach-3,Metro,MGR044,Fixed Term Contract,Walk-in / Site Gate,22,1.5,18400,0.0954,35.1,0,1,0,0.25
EMP12279,2024-11-30,Quality Assurance & Control,QA/QC Engineer,3,Pune Metro Reach-3,Metro,MGR005,Permanent,Employee Referral,40,3.8,40900,-0.111,30.7,0,3,1,0.25
EMP12280,2023-07-29,Business Support Services,HR Executive,3,Pune Metro Reach-3,Metro,MGR010,Permanent,Employee Referral,32,4.8,42500,0.1163,24.7,0,2,1,0.25
EMP12281,2025-04-05,Business Support Services,HR Executive,3,JNPA WOLP,Port Infrastructure,MGR051,Permanent,Campus Hiring,26,6.3,28900,-0.2536,1.2,1,2,1,0.55
EMP12282,2025-10-25,Civil Execution,Junior Engineer,2,Nagpur Expressway Pkg-4,Highway,MGR118,Permanent,Labour Contractor,22,2.9,23800,-0.1154,8.6,1,2,0,0.85
EMP12283,2023-05-06,Planning & Coordination,Deputy Manager,5,Bengaluru Tech Park,Commercial,MGR098,Retainer,Recruitment Consultancy,35,7.2,95700,0.0487,11.8,0,4,0,0.2
EMP12284,2020-01-12,Procurement,Deputy Manager,5,Mumbai HO,Corporate,MGR011,Permanent,Naukri / Job Portal,44,6.7,90700,-0.0006,2.6,0,4,1,0.05
EMP12285,2019-11-01,Business Support Services,HR Executive,3,Mumbai HO,Corporate,MGR108,Permanent,Naukri / Job Portal,37,3.8,33900,-0.0994,3.1,0,2,0,0.05
EMP12286,2020-07-22,Quality Assurance & Control,Deputy Manager,5,Mantralaya Redevelopment,Government Building,MGR103,Permanent,Employee Referral,44,8.1,78900,-0.1439,1.4,0,4,0,0.15
EMP12287,2023-06-24,Stores & Logistics,Store Officer,2,Mumbai HO,Corporate,MGR028,Fixed Term Contract,Internal Transfer,31,1.9,24300,-0.1515,28.5,0,2,0,0.05
EMP12288,2023-12-30,HR & Admin,HR Executive,3,Mantralaya Redevelopment,Government Building,MGR028,Fixed Term Contract,Naukri / Job Portal,34,3.1,33800,-0.0948,20.8,0,2,1,0.15
EMP12289,2024-01-06,Procurement,Deputy Manager,5,Mumbai HO,Corporate,MGR041,Retainer,Recruitment Consultancy,41,8.0,95100,0.033,3.4,0,4,1,0.05
EMP12290,2024-05-11,HR & Admin,HR Executive,3,Mantralaya Redevelopment,Government Building,MGR097,Permanent,Employee Referral,29,4.1,31900,-0.1554,2.3,0,2,1,0.15
EMP12291,2021-03-02,Accounts & Finance,Accounts Officer,3,JNPA WOLP,Port Infrastructure,MGR106,Retainer,Employee Referral,21,3.7,35700,-0.0762,0.5,1,2,1,0.55
EMP12292,2024-02-03,Civil Execution,Site Helper,1,Mumbai HO,Corporate,MGR036,Fixed Term Contract,Labour Contractor,22,1.5,19800,0.1788,11.6,0,1,0,0.05
EMP12293,2025-09-06,Business Support Services,Accounts Officer,3,Pune Metro Reach-3,Metro,MGR104,Permanent,Employee Referral,35,3.7,36400,-0.058,6.3,0,2,1,0.25
EMP12294,2020-06-26,Civil Execution,Junior Engineer,2,JNPA WOLP,Port Infrastructure,MGR107,Permanent,Employee Referral,21,4.9,22500,-0.1827,1.7,1,2,1,0.55
EMP12295,2023-11-18,MEP,Site Engineer,3,JNPA WOLP,Port Infrastructure,MGR110,Permanent,Recruitment Consultancy,28,3.9,53400,0.2442,10.1,0,3,0,0.55
EMP12296,2024-04-27,Civil Execution,Senior Engineer,4,Ahmedabad Water Works,Water,MGR001,Apprentice / Trainee,Recruitment Consultancy,31,7.8,69800,0.0294,3.6,1,4,0,0.65
EMP12297,2024-12-07,MEP,Site Engineer,3,JNPA WOLP,Port Infrastructure,MGR057,Fixed Term Contract,Employee Referral,35,3.6,47600,0.1129,3.6,1,3,1,0.55
EMP12298,2026-03-07,HR & Admin,HR Executive,3,Ahmedabad Water Works,Water,MGR029,Apprentice / Trainee,Employee Referral,36,3.4,42400,0.1316,1.1,1,2,1,0.65
EMP12299,2025-05-03,Civil Execution,Senior Engineer,4,Mantralaya Redevelopment,Government Building,MGR107,Fixed Term Contract,Recruitment Consultancy,51,4.8,56100,-0.1444,8.1,0,4,0,0.15
EMP12300,2026-05-23,Planning & Coordination,Planning Engineer,4,Nagpur Expressway Pkg-4,Highway,MGR119,Fixed Term Contract,Employee Referral,30,5.4,72200,0.1691,2.1,1,4,1,0.85
EMP12301,2021-10-10,Accounts & Finance,Accounts Officer,3,Mantralaya Redevelopment,Government Building,MGR058,Permanent,Naukri / Job Portal,29,3.4,34600,-0.1015,12.0,0,2,0,0.15
EMP12302,2026-08-08,Design & Engineering,Deputy Manager,5,JNPA WOLP,Port Infrastructure,MGR069,Retainer,Internal Transfer,32,6.1,79100,-0.1226,6.3,1,4,1,0.55
EMP12303,2021-09-28,Stores & Logistics,Supervisor,2,Pune Metro Reach-3,Metro,MGR053,Fixed Term Contract,Labour Contractor,24,2.1,27600,-0.0717,16.9,0,2,0,0.25
EMP12304,2024-10-26,Civil Execution,Site Helper,1,Pune Metro Reach-3,Metro,MGR066,Fixed Term Contract,Walk-in / Site Gate,19,1.5,13300,-0.2082,38.0,0,1,0,0.25
EMP12305,2020-03-01,Design & Engineering,Senior Engineer,4,Pune Metro Reach-3,Metro,MGR104,Permanent,Campus Hiring,37,6.5,56900,-0.1487,17.8,0,4,1,0.25
EMP12306,2023-04-29,EHS,Safety Officer,3,Bengaluru Tech Park,Commercial,MGR054,Apprentice / Trainee,Naukri / Job Portal,38,4.7,56300,0.3665,23.1,0,3,0,0.2
EMP12307,2024-05-11,Stores & Logistics,Deputy Manager,5,Mantralaya Redevelopment,Government Building,MGR073,Permanent,Recruitment Consultancy,38,6.2,96600,0.0704,32.6,0,4,0,0.15
EMP12308,2019-05-31,Accounts & Finance,Deputy Manager,5,Ahmedabad Water Works,Water,MGR063,Fixed Term Contract,Naukri / Job Portal,49,6.2,88500,-0.0194,54.7,0,4,0,0.65
EMP12309,2026-03-07,Civil Execution,Junior Engineer,2,Mantralaya Redevelopment,Government Building,MGR072,Fixed Term Contract,Internal Transfer,19,2.4,25900,-0.0317,32.6,0,2,0,0.15
EMP12310,2025-03-29,Accounts & Finance,Accounts Officer,3,Mantralaya Redevelopment,Government Building,MGR082,Retainer,Walk-in / Site Gate,29,5.6,45900,0.1624,6.4,0,2,0,0.15
EMP12311,2025-03-29,MEP,Senior Engineer,4,Nagpur Expressway Pkg-4,Highway,MGR120,Permanent,Walk-in / Site Gate,39,6.9,63800,-0.0497,7.4,1,4,0,0.85
EMP12312,2019-03-25,Civil Execution,Construction Manager,5,JNPA WOLP,Port Infrastructure,MGR032,Apprentice / Trainee,Employee Referral,36,6.6,81600,-0.2124,11.6,0,5,1,0.55
EMP12313,2021-04-17,MEP,Deputy Manager,5,Mumbai HO,Corporate,MGR035,Permanent,Employee Referral,47,6.5,98000,0.0823,24.4,0,4,1,0.05
EMP12314,2025-12-13,Business Support Services,Procurement Executive,3,JNPA WOLP,Port Infrastructure,MGR006,Fixed Term Contract,Employee Referral,26,5.9,49000,0.0169,0.8,1,3,1,0.55
EMP12315,2023-07-29,Procurement,Deputy Manager,5,Nagpur Expressway Pkg-4,Highway,MGR118,Permanent,Recruitment Consultancy,41,8.9,86300,-0.0718,58.9,0,4,0,0.85
EMP12316,2023-12-23,Quality Assurance & Control,Junior Engineer,2,Ahmedabad Water Works,Water,MGR064,Fixed Term Contract,Labour Contractor,31,3.6,28400,0.0471,4.7,1,2,0,0.65
EMP12317,2025-09-27,Civil Execution,Project Manager,6,Ahmedabad Water Works,Water,MGR090,Permanent,Employee Referral,38,8.8,116700,-0.1754,5.5,1,5,0,0.65
EMP12318,2020-03-30,Accounts & Finance,Accounts Officer,3,Mantralaya Redevelopment,Government Building,MGR003,Fixed Term Contract,Naukri / Job Portal,40,3.3,41100,0.0685,12.5,0,2,1,0.15
EMP12319,2023-08-05,HR & Admin,Deputy Manager,5,Bengaluru Tech Park,Commercial,MGR074,Retainer,Recruitment Consultancy,43,9.5,87300,-0.0671,5.4,0,4,1,0.2
EMP12320,2021-05-14,Quality Assurance & Control,QA/QC Engineer,3,Bengaluru Tech Park,Commercial,MGR015,Retainer,Naukri / Job Portal,37,6.1,48900,0.0356,31.8,0,3,0,0.2
EMP12321,2026-06-06,Quality Assurance & Control,QA/QC Engineer,3,Mumbai HO,Corporate,MGR080,Permanent,Walk-in / Site Gate,39,4.3,49100,0.0612,5.4,0,3,1,0.05
EMP12322,2023-09-16,Accounts & Finance,Accounts Officer,3,Mantralaya Redevelopment,Government Building,MGR045,Fixed Term Contract,Naukri / Job Portal,34,3.2,29900,-0.2218,52.9,0,2,0,0.15
EMP12323,2022-07-06,Business Support Services,HR Executive,3,Mantralaya Redevelopment,Government Building,MGR106,Apprentice / Trainee,Naukri / Job Portal,45,3.9,37900,0.0057,10.2,0,2,0,0.15
EMP12324,2026-04-11,Procurement,Procurement Executive,3,Mantralaya Redevelopment,Government Building,MGR098,Permanent,Labour Contractor,36,4.4,51800,0.0934,10.0,0,3,1,0.15
EMP12325,2025-03-22,Design & Engineering,Senior Engineer,4,Mumbai HO,Corporate,MGR039,Retainer,Recruitment Consultancy,36,8.0,76600,0.1273,18.6,0,4,0,0.05
EMP12326,2021-11-09,Design & Engineering,Design Engineer,4,Bengaluru Tech Park,Commercial,MGR047,Permanent,Recruitment Consultancy,19,5.7,67800,0.0577,16.7,0,4,1,0.2
EMP12327,2022-12-28,Civil Execution,Supervisor,2,Mantralaya Redevelopment,Government Building,MGR080,Apprentice / Trainee,Naukri / Job Portal,37,1.6,28200,-0.0459,13.7,0,2,0,0.15
EMP12328,2025-12-06,Business Support Services,HR Executive,3,Bengaluru Tech Park,Commercial,MGR042,Fixed Term Contract,Campus Hiring,34,4.2,41900,0.108,17.5,0,2,1,0.2
EMP12329,2022-04-21,Quality Assurance & Control,QA/QC Engineer,3,Bengaluru Tech Park,Commercial,MGR095,Permanent,Labour Contractor,38,3.1,44200,-0.0315,18.8,0,3,1,0.2
EMP12330,2025-02-15,Stores & Logistics,Supervisor,2,Pune Metro Reach-3,Metro,MGR044,Fixed Term Contract,Recruitment Consultancy,44,4.3,24700,-0.1901,24.6,0,2,1,0.25
EMP12331,2025-03-29,Business Support Services,Procurement Executive,3,Mantralaya Redevelopment,Government Building,MGR010,Permanent,Employee Referral,37,5.2,46700,-0.0232,24.6,0,3,1,0.15
EMP12332,2023-04-29,Planning & Coordination,Planning Engineer,4,Mumbai HO,Corporate,MGR096,Fixed Term Contract,Labour Contractor,31,6.5,59900,-0.042,8.6,0,4,0,0.05
EMP12333,2026-04-18,Civil Execution,Supervisor,2,Pune Metro Reach-3,Metro,MGR074,Permanent,Labour Contractor,27,4.1,29600,-0.0272,22.7,0,2,0,0.25
EMP12334,2025-09-13,Design & Engineering,Design Engineer,4,Delhi NCR Logistics Hub,Industrial,MGR068,Fixed Term Contract,Campus Hiring,34,7.3,58800,-0.0989,1.9,1,4,1,0.45
EMP12335,2023-11-25,Quality Assurance & Control,Deputy Manager,5,Nagpur Expressway Pkg-4,Highway,MGR066,Permanent,Recruitment Consultancy,31,7.9,107000,0.1635,4.0,1,4,0,0.85
EMP12336,2022-02-27,Stores & Logistics,Deputy Manager,5,Ahmedabad Water Works,Water,MGR056,Fixed Term Contract,Recruitment Consultancy,36,8.9,91100,-0.0201,66.7,0,4,1,0.65
EMP12337,2026-05-16,Accounts & Finance,Accounts Officer,3,Mumbai HO,Corporate,MGR080,Permanent,Walk-in / Site Gate,36,4.0,29600,-0.2366,14.5,0,2,0,0.05
EMP12338,2023-01-24,Accounts & Finance,Accounts Officer,3,Mantralaya Redevelopment,Government Building,MGR016,Fixed Term Contract,Naukri / Job Portal,30,5.8,34900,-0.1181,4.5,0,2,0,0.15
EMP12339,2024-10-26,MEP,Deputy Manager,5,Bengaluru Tech Park,Commercial,MGR075,Fixed Term Contract,Recruitment Consultancy,39,6.9,104100,0.1445,25.0,0,4,0,0.2
EMP12340,2020-06-17,MEP,Junior Engineer,2,Nagpur Expressway Pkg-4,Highway,MGR105,Fixed Term Contract,Recruitment Consultancy,28,3.2,24000,-0.1111,0.8,1,2,0,0.85
EMP12341,2021-02-19,MEP,Site Engineer,3,JNPA WOLP,Port Infrastructure,MGR065,Permanent,Naukri / Job Portal,42,3.8,38000,-0.1136,0.5,1,3,1,0.55
EMP12342,2024-03-16,Civil Execution,Junior Engineer,2,Delhi NCR Logistics Hub,Industrial,MGR118,Permanent,Campus Hiring,26,1.8,30700,0.1558,30.2,0,2,1,0.45
EMP12343,2023-11-04,Business Support Services,Accounts Officer,3,Mantralaya Redevelopment,Government Building,MGR039,Fixed Term Contract,Walk-in / Site Gate,39,3.2,37300,-0.0292,10.0,0,2,1,0.15
EMP12344,2021-06-07,Civil Execution,Site Helper,1,Bengaluru Tech Park,Commercial,MGR026,Fixed Term Contract,Labour Contractor,28,0.7,19900,0.196,14.5,0,1,0,0.2
EMP12345,2025-12-13,Accounts & Finance,Accounts Officer,3,Nagpur Expressway Pkg-4,Highway,MGR107,Fixed Term Contract,Recruitment Consultancy,32,5.1,38500,-0.0195,4.3,1,2,1,0.85
EMP12346,2026-02-28,Planning & Coordination,Deputy Manager,5,Mantralaya Redevelopment,Government Building,MGR106,Fixed Term Contract,Naukri / Job Portal,33,7.2,81600,-0.1058,2.9,0,4,1,0.15
EMP12347,2022-05-29,Civil Execution,Supervisor,2,Bengaluru Tech Park,Commercial,MGR044,Fixed Term Contract,Employee Referral,31,4.8,31000,0.0107,18.7,0,2,0,0.2
EMP12348,2024-10-12,Design & Engineering,Deputy Manager,5,Pune Metro Reach-3,Metro,MGR079,Fixed Term Contract,Naukri / Job Portal,41,6.9,76800,-0.1556,27.3,0,4,1,0.25
EMP12349,2022-01-01,Stores & Logistics,Supervisor,2,Bengaluru Tech Park,Commercial,MGR118,Fixed Term Contract,Walk-in / Site Gate,31,6.6,33500,0.0704,48.8,0,2,0,0.2
EMP12350,2024-05-04,HR & Admin,HR Executive,3,Mantralaya Redevelopment,Government Building,MGR037,Retainer,Employee Referral,39,3.5,36100,-0.0376,5.2,0,2,1,0.15
EMP12351,2026-01-03,HR & Admin,Deputy Manager,5,Mumbai HO,Corporate,MGR055,Apprentice / Trainee,Employee Referral,38,8.7,90300,-0.0266,18.6,0,4,1,0.05
EMP12352,2026-05-02,Planning & Coordination,Deputy Manager,5,Mantralaya Redevelopment,Government Building,MGR081,Permanent,Employee Referral,32,12.7,111900,0.156,9.9,0,4,1,0.15
EMP12353,2025-12-27,MEP,Junior Engineer,2,Ahmedabad Water Works,Water,MGR017,Fixed Term Contract,Employee Referral,31,4.6,24500,-0.107,2.2,1,2,1,0.65
EMP12354,2026-07-18,Business Support Services,HR Executive,3,Pune Metro Reach-3,Metro,MGR039,Fixed Term Contract,Labour Contractor,31,3.7,45000,0.1969,9.7,0,2,0,0.25
EMP12355,2019-02-22,Planning & Coordination,Senior Engineer,4,Bengaluru Tech Park,Commercial,MGR064,Permanent,Labour Contractor,34,5.8,64700,-0.0244,15.6,0,4,0,0.2
EMP12356,2024-07-06,Civil Execution,Site Engineer,3,Delhi NCR Logistics Hub,Industrial,MGR058,Fixed Term Contract,Employee Referral,32,3.9,39600,-0.0773,9.6,0,3,1,0.45
EMP12357,2024-05-18,HR & Admin,Deputy Manager,5,Delhi NCR Logistics Hub,Industrial,MGR015,Permanent,Employee Referral,33,7.5,106500,0.1632,5.6,1,4,1,0.45
EMP12358,2019-08-12,MEP,Junior Engineer,2,Delhi NCR Logistics Hub,Industrial,MGR039,Fixed Term Contract,Labour Contractor,32,3.5,23800,-0.1215,10.4,0,2,0,0.45
EMP12359,2024-08-17,Design & Engineering,Senior Engineer,4,Bengaluru Tech Park,Commercial,MGR060,Permanent,Naukri / Job Portal,26,10.6,69200,-0.0098,9.2,0,4,0,0.2
EMP12360,2022-07-16,MEP,Senior Engineer,4,Nagpur Expressway Pkg-4,Highway,MGR094,Permanent,Recruitment Consultancy,38,4.9,86100,0.3116,10.2,1,4,0,0.85
EMP12361,2020-08-04,Civil Execution,Senior Engineer,4,Bengaluru Tech Park,Commercial,MGR004,Apprentice / Trainee,Campus Hiring,39,5.8,75500,0.1385,32.8,0,4,0,0.2
EMP12362,2024-12-14,Civil Execution,Junior Engineer,2,Ahmedabad Water Works,Water,MGR027,Fixed Term Contract,Naukri / Job Portal,19,2.4,25900,-0.0317,1.3,1,2,1,0.65
EMP12363,2025-03-22,Civil Execution,Construction Manager,5,Pune Metro Reach-3,Metro,MGR117,Fixed Term Contract,Recruitment Consultancy,29,7.5,85700,-0.181,28.1,0,5,1,0.25
EMP12364,2025-10-18,MEP,Site Engineer,3,Mumbai HO,Corporate,MGR037,Permanent,Campus Hiring,29,6.0,38200,-0.1309,14.0,0,3,0,0.05
EMP12365,2025-07-19,Stores & Logistics,Site Helper,1,Nagpur Expressway Pkg-4,Highway,MGR082,Fixed Term Contract,Walk-in / Site Gate,26,2.5,16200,-0.0468,1.8,1,1,0,0.85
EMP12366,2026-03-21,Quality Assurance & Control,Deputy Manager,5,JNPA WOLP,Port Infrastructure,MGR042,Fixed Term Contract,Recruitment Consultancy,41,6.4,100200,0.1078,6.1,1,4,0,0.55
EMP12367,2025-11-29,Stores & Logistics,Deputy Manager,5,JNPA WOLP,Port Infrastructure,MGR012,Permanent,Recruitment Consultancy,35,6.1,87900,-0.0249,0.5,1,4,0,0.55
EMP12368,2026-03-21,Planning & Coordination,Deputy Manager,5,JNPA WOLP,Port Infrastructure,MGR049,Fixed Term Contract,Employee Referral,40,8.7,114400,0.2332,28.1,0,4,1,0.55
EMP12369,2023-06-10,Civil Execution,Junior Engineer,2,Ahmedabad Water Works,Water,MGR010,Permanent,Naukri / Job Portal,30,6.2,27900,-0.0012,3.2,0,2,1,0.65
EMP12370,2025-06-14,Accounts & Finance,Accounts Officer,3,Mumbai HO,Corporate,MGR118,Permanent,Employee Referral,27,3.3,38800,0.0087,6.9,0,2,1,0.05
EMP12371,2026-01-10,Civil Execution,Project Manager,6,Ahmedabad Water Works,Water,MGR110,Permanent,Employee Referral,42,12.3,158400,0.0783,70.2,0,5,1,0.65
EMP12372,2023-04-22,Civil Execution,Project Manager,6,Mantralaya Redevelopment,Government Building,MGR091,Permanent,Recruitment Consultancy,54,7.9,111500,-0.2043,11.4,0,5,1,0.15
EMP12373,2025-03-08,Accounts & Finance,Accounts Officer,3,Mumbai HO,Corporate,MGR038,Retainer,Employee Referral,26,5.3,40300,0.0241,10.7,0,2,1,0.05
EMP12374,2025-09-13,Accounts & Finance,Deputy Manager,5,Mantralaya Redevelopment,Government Building,MGR053,Retainer,Employee Referral,33,9.8,104100,0.1089,22.2,0,4,1,0.15
EMP12375,2022-07-22,HR & Admin,Deputy Manager,5,Bengaluru Tech Park,Commercial,MGR081,Fixed Term Contract,Recruitment Consultancy,38,6.4,77900,-0.1388,9.8,0,4,1,0.2
EMP12376,2026-05-02,Quality Assurance & Control,QA/QC Engineer,3,JNPA WOLP,Port Infrastructure,MGR095,Permanent,Employee Referral,43,7.3,46600,-0.0262,7.4,0,3,1,0.55
EMP12377,2021-10-31,Civil Execution,Project Manager,6,Nagpur Expressway Pkg-4,Highway,MGR037,Fixed Term Contract,Naukri / Job Portal,44,7.7,131400,-0.0603,4.7,1,5,1,0.85
EMP12378,2022-03-10,Design & Engineering,Deputy Manager,5,Nagpur Expressway Pkg-4,Highway,MGR110,Permanent,Naukri / Job Portal,41,7.6,86200,-0.0596,0.9,1,4,1,0.85
EMP12379,2024-05-25,Civil Execution,Supervisor,2,JNPA WOLP,Port Infrastructure,MGR036,Fixed Term Contract,Labour Contractor,31,4.2,30200,-0.0086,2.9,1,2,0,0.55
EMP12380,2026-01-17,Accounts & Finance,Deputy Manager,5,Pune Metro Reach-3,Metro,MGR108,Permanent,Recruitment Consultancy,39,9.6,85700,-0.0852,2.5,0,4,0,0.25
EMP12381,2026-02-28,MEP,Deputy Manager,5,Ahmedabad Water Works,Water,MGR080,Apprentice / Trainee,Recruitment Consultancy,43,7.2,101400,0.1111,7.6,1,4,1,0.65
EMP12382,2019-04-21,Civil Execution,Project Manager,6,Pune Metro Reach-3,Metro,MGR022,Permanent,Internal Transfer,34,10.8,122200,-0.1548,5.6,0,5,1,0.25
EMP12383,2019-02-25,Design & Engineering,Deputy Manager,5,Mumbai HO,Corporate,MGR006,Fixed Term Contract,Recruitment Consultancy,43,7.5,88300,-0.0356,9.9,0,4,0,0.05
EMP12384,2022-10-25,Planning & Coordination,Deputy Manager,5,Delhi NCR Logistics Hub,Industrial,MGR091,Permanent,Recruitment Consultancy,29,6.9,93500,0.028,5.6,1,4,0,0.45
EMP12385,2023-04-22,Civil Execution,Construction Manager,5,JNPA WOLP,Port Infrastructure,MGR008,Permanent,Recruitment Consultancy,40,7.3,88200,-0.1553,3.9,1,5,1,0.55
EMP12386,2025-03-29,Design & Engineering,Design Engineer,4,Bengaluru Tech Park,Commercial,MGR007,Fixed Term Contract,Campus Hiring,37,4.5,71000,0.1227,17.3,0,4,0,0.2
EMP12387,2020-10-18,Civil Execution,Senior Engineer,4,Pune Metro Reach-3,Metro,MGR047,Permanent,Internal Transfer,33,6.6,56400,-0.1571,7.5,0,4,1,0.25
EMP12388,2020-07-02,Stores & Logistics,Store Officer,2,Ahmedabad Water Works,Water,MGR078,Fixed Term Contract,Employee Referral,35,3.1,22600,-0.2218,6.3,1,2,1,0.65
EMP12389,2024-04-20,Civil Execution,Construction Manager,5,Pune Metro Reach-3,Metro,MGR026,Fixed Term Contract,Naukri / Job Portal,46,7.0,97000,-0.0679,22.6,0,5,1,0.25
EMP12390,2024-05-04,Stores & Logistics,Site Helper,1,JNPA WOLP,Port Infrastructure,MGR085,Fixed Term Contract,Labour Contractor,22,4.3,20900,0.2045,1.8,1,1,1,0.55
EMP12391,2025-09-27,Accounts & Finance,Deputy Manager,5,JNPA WOLP,Port Infrastructure,MGR099,Permanent,Naukri / Job Portal,34,9.0,103200,0.1088,5.8,1,4,1,0.55
EMP12392,2026-04-11,Stores & Logistics,Store Officer,2,Pune Metro Reach-3,Metro,MGR107,Permanent,Labour Contractor,29,1.9,31700,0.1069,17.3,0,2,1,0.25
EMP12393,2024-03-16,HR & Admin,HR Executive,3,Bengaluru Tech Park,Commercial,MGR117,Permanent,Recruitment Consultancy,37,4.5,35800,-0.0565,23.6,0,2,0,0.2
EMP12394,2025-10-18,Quality Assurance & Control,Junior Engineer,2,JNPA WOLP,Port Infrastructure,MGR018,Fixed Term Contract,Recruitment Consultancy,29,5.5,29300,0.0572,3.9,1,2,1,0.55
EMP12395,2025-08-30,Procurement,Deputy Manager,5,JNPA WOLP,Port Infrastructure,MGR029,Permanent,Recruitment Consultancy,27,7.2,95700,0.0487,1.0,1,4,0,0.55
EMP12396,2024-09-07,Stores & Logistics,Deputy Manager,5,Bengaluru Tech Park,Commercial,MGR083,Fixed Term Contract,Naukri / Job Portal,42,6.2,110700,0.2266,18.4,0,4,0,0.2
EMP12397,2019-06-28,Stores & Logistics,Deputy Manager,5,Mantralaya Redevelopment,Government Building,MGR078,Permanent,Naukri / Job Portal,34,7.2,106900,0.1714,1.3,0,4,1,0.15
EMP12398,2019-11-30,HR & Admin,Deputy Manager,5,Mantralaya Redevelopment,Government Building,MGR031,Fixed Term Contract,Employee Referral,34,6.8,86500,-0.0479,14.1,0,4,1,0.15
EMP12399,2024-07-13,HR & Admin,HR Executive,3,Mantralaya Redevelopment,Government Building,MGR043,Apprentice / Trainee,Recruitment Consultancy,31,6.2,35400,-0.0848,18.3,0,2,1,0.15
EMP12400,2025-04-19,Civil Execution,Senior Engineer,4,Bengaluru Tech Park,Commercial,MGR059,Fixed Term Contract,Walk-in / Site Gate,25,5.6,59600,-0.0992,8.5,0,4,0,0.2
EMP12401,2024-11-02,Civil Execution,Site Engineer,3,Ahmedabad Water Works,Water,MGR034,Fixed Term Contract,Internal Transfer,31,3.9,55400,0.2908,2.3,1,3,1,0.65
EMP12402,2025-06-21,Quality Assurance & Control,QA/QC Engineer,3,Delhi NCR Logistics Hub,Industrial,MGR067,Permanent,Naukri / Job Portal,36,4.6,61800,0.3311,31.2,0,3,1,0.45
EMP12403,2025-01-04,MEP,Senior Engineer,4,Mumbai HO,Corporate,MGR004,Retainer,Naukri / Job Portal,38,5.6,45200,-0.3169,9.2,0,4,1,0.05
EMP12404,2026-01-31,Quality Assurance & Control,Junior Engineer,2,Pune Metro Reach-3,Metro,MGR003,Fixed Term Contract,Employee Referral,37,2.3,30700,0.1491,35.2,0,2,1,0.25
EMP12405,2020-12-12,MEP,Junior Engineer,2,Pune Metro Reach-3,Metro,MGR079,Fixed Term Contract,Naukri / Job Portal,27,3.8,20100,-0.2606,34.9,0,2,0,0.25
EMP12406,2022-02-04,EHS,Deputy Manager,5,Mantralaya Redevelopment,Government Building,MGR044,Permanent,Recruitment Consultancy,41,6.9,70700,-0.2227,24.4,0,4,1,0.15
EMP12407,2025-11-22,Civil Execution,Supervisor,2,Pune Metro Reach-3,Metro,MGR006,Permanent,Recruitment Consultancy,30,2.6,37700,0.2607,5.8,0,2,1,0.25
EMP12408,2024-10-05,Quality Assurance & Control,Junior Engineer,2,Pune Metro Reach-3,Metro,MGR089,Fixed Term Contract,Naukri / Job Portal,30,3.2,29100,0.0778,11.9,0,2,0,0.25
EMP12409,2020-11-16,MEP,Junior Engineer,2,JNPA WOLP,Port Infrastructure,MGR080,Permanent,Recruitment Consultancy,25,2.3,26900,0.0068,1.7,1,2,1,0.55
EMP12410,2024-10-12,Accounts & Finance,Deputy Manager,5,Mumbai HO,Corporate,MGR082,Retainer,Naukri / Job Portal,43,7.1,91400,0.0027,20.8,0,4,1,0.05
EMP12411,2024-08-24,Stores & Logistics,Supervisor,2,Pune Metro Reach-3,Metro,MGR074,Fixed Term Contract,Internal Transfer,29,3.2,34000,0.1291,6.5,0,2,1,0.25
EMP12412,2023-07-22,Quality Assurance & Control,Deputy Manager,5,JNPA WOLP,Port Infrastructure,MGR024,Fixed Term Contract,Naukri / Job Portal,30,9.2,90500,-0.0297,2.6,1,4,1,0.55
EMP12413,2024-12-21,Procurement,Procurement Executive,3,Pune Metro Reach-3,Metro,MGR009,Apprentice / Trainee,Employee Referral,19,4.3,37800,-0.2012,1.0,0,3,1,0.25
EMP12414,2024-06-08,Business Support Services,HR Executive,3,Nagpur Expressway Pkg-4,Highway,MGR112,Fixed Term Contract,Naukri / Job Portal,39,3.6,37000,-0.0148,4.3,1,2,0,0.85
EMP12415,2025-10-04,Quality Assurance & Control,Deputy Manager,5,Delhi NCR Logistics Hub,Industrial,MGR010,Apprentice / Trainee,Employee Referral,40,8.2,99800,0.0817,58.9,0,4,0,0.45
EMP12416,2021-04-10,MEP,Deputy Manager,5,Mantralaya Redevelopment,Government Building,MGR079,Fixed Term Contract,Recruitment Consultancy,49,8.4,88700,-0.0407,14.3,0,4,0,0.15
EMP12417,2024-03-09,Civil Execution,Site Helper,1,Pune Metro Reach-3,Metro,MGR097,Fixed Term Contract,Labour Contractor,23,0.3,14900,-0.1002,54.9,0,1,0,0.25
EMP12418,2026-08-01,Planning & Coordination,Senior Engineer,4,Nagpur Expressway Pkg-4,Highway,MGR062,Fixed Term Contract,Employee Referral,34,7.0,75900,0.1293,8.6,1,4,1,0.85
EMP12419,2023-08-19,Civil Execution,Junior Engineer,2,Pune Metro Reach-3,Metro,MGR002,Permanent,Naukri / Job Portal,30,2.3,26900,0.0068,33.5,0,2,1,0.25
EMP12420,2026-02-14,MEP,Junior Engineer,2,JNPA WOLP,Port Infrastructure,MGR010,Fixed Term Contract,Employee Referral,27,2.4,28400,0.0617,4.5,1,2,0,0.55
EMP12421,2026-02-07,Civil Execution,Junior Engineer,2,Nagpur Expressway Pkg-4,Highway,MGR020,Fixed Term Contract,Recruitment Consultancy,23,2.0,27900,0.0479,6.3,1,2,1,0.85
EMP12422,2026-02-14,Stores & Logistics,Deputy Manager,5,Nagpur Expressway Pkg-4,Highway,MGR015,Permanent,Naukri / Job Portal,35,6.0,79000,-0.1227,2.8,1,4,1,0.85
EMP12423,2020-07-07,Design & Engineering,Senior Engineer,4,Mumbai HO,Corporate,MGR006,Fixed Term Contract,Employee Referral,33,11.0,91100,0.298,30.0,0,4,1,0.05
EMP12424,2023-07-22,Stores & Logistics,Deputy Manager,5,Delhi NCR Logistics Hub,Industrial,MGR070,Permanent,Employee Referral,34,7.3,88600,-0.0302,2.5,1,4,1,0.45
EMP12425,2022-07-31,HR & Admin,HR Executive,3,Bengaluru Tech Park,Commercial,MGR023,Permanent,Naukri / Job Portal,33,3.4,41600,0.1103,41.0,0,2,1,0.2
EMP12426,2026-03-14,HR & Admin,HR Executive,3,Mumbai HO,Corporate,MGR036,Fixed Term Contract,Labour Contractor,30,3.3,35000,-0.0648,24.8,0,2,0,0.05
EMP12427,2026-01-03,Civil Execution,Site Helper,1,Delhi NCR Logistics Hub,Industrial,MGR047,Fixed Term Contract,Labour Contractor,26,3.1,17200,0.005,41.7,0,1,0,0.45
EMP12428,2025-03-08,Accounts & Finance,Accounts Officer,3,Nagpur Expressway Pkg-4,Highway,MGR102,Permanent,Walk-in / Site Gate,37,3.6,37500,-0.0285,9.0,1,2,0,0.85
EMP12429,2023-09-16,Design & Engineering,Deputy Manager,5,Delhi NCR Logistics Hub,Industrial,MGR109,Permanent,Employee Referral,36,7.1,91900,0.0082,3.6,1,4,1,0.45
EMP12430,2024-04-06,EHS,Supervisor,2,Mantralaya Redevelopment,Government Building,MGR093,Permanent,Naukri / Job Portal,28,3.2,29700,-0.0137,11.2,0,2,0,0.15
EMP12431,2023-09-09,Civil Execution,Site Engineer,3,Ahmedabad Water Works,Water,MGR060,Permanent,Naukri / Job Portal,34,7.8,32000,-0.2863,12.9,0,3,1,0.65
EMP12432,2025-08-02,Quality Assurance & Control,Junior Engineer,2,JNPA WOLP,Port Infrastructure,MGR040,Fixed Term Contract,Employee Referral,37,2.6,27400,0.022,1.3,1,2,1,0.55
EMP12433,2024-01-13,Design & Engineering,Senior Engineer,4,Pune Metro Reach-3,Metro,MGR111,Permanent,Labour Contractor,29,5.0,81300,0.2371,19.3,0,4,1,0.25
EMP12434,2025-10-18,Quality Assurance & Control,Deputy Manager,5,Pune Metro Reach-3,Metro,MGR084,Fixed Term Contract,Employee Referral,36,6.9,114100,0.2545,49.8,0,4,0,0.25
EMP12435,2023-02-04,HR & Admin,HR Executive,3,Bengaluru Tech Park,Commercial,MGR019,Fixed Term Contract,Labour Contractor,37,5.5,44200,0.1518,17.0,0,2,0,0.2
EMP12436,2022-12-13,Civil Execution,Senior Engineer,4,JNPA WOLP,Port Infrastructure,MGR010,Permanent,Campus Hiring,39,6.5,66900,0.001,2.6,1,4,0,0.55
EMP12437,2022-01-11,Planning & Coordination,Planning Engineer,4,Nagpur Expressway Pkg-4,Highway,MGR042,Permanent,Walk-in / Site Gate,37,5.7,66900,0.0796,4.7,1,4,0,0.85
EMP12438,2025-07-19,MEP,Junior Engineer,2,Delhi NCR Logistics Hub,Industrial,MGR032,Fixed Term Contract,Campus Hiring,27,6.4,22400,-0.1999,20.8,0,2,1,0.45
EMP12439,2022-06-05,Business Support Services,Procurement Executive,3,Ahmedabad Water Works,Water,MGR102,Permanent,Labour Contractor,40,3.9,46000,-0.0235,26.9,0,3,0,0.65
EMP12440,2020-01-19,Design & Engineering,Senior Engineer,4,Nagpur Expressway Pkg-4,Highway,MGR072,Fixed Term Contract,Recruitment Consultancy,48,9.5,75100,0.0873,5.5,1,4,0,0.85
EMP12441,2025-12-06,Civil Execution,Junior Engineer,2,Ahmedabad Water Works,Water,MGR011,Permanent,Walk-in / Site Gate,35,2.7,26300,-0.0202,31.7,0,2,0,0.65
EMP12442,2023-07-22,Design & Engineering,Deputy Manager,5,Mumbai HO,Corporate,MGR074,Permanent,Employee Referral,40,9.1,86200,-0.0748,11.6,0,4,1,0.05
EMP12443,2019-11-13,Accounts & Finance,Deputy Manager,5,Pune Metro Reach-3,Metro,MGR038,Permanent,Naukri / Job Portal,34,7.1,79400,-0.129,29.3,0,4,1,0.25
EMP12444,2019-06-13,MEP,Junior Engineer,2,Delhi NCR Logistics Hub,Industrial,MGR108,Permanent,Naukri / Job Portal,21,2.1,30500,0.1442,12.8,0,2,0,0.45
EMP12445,2025-08-30,Design & Engineering,Senior Engineer,4,JNPA WOLP,Port Infrastructure,MGR043,Permanent,Walk-in / Site Gate,31,6.7,64100,-0.0431,35.2,0,4,0,0.55
EMP12446,2025-05-17,Business Support Services,Accounts Officer,3,Delhi NCR Logistics Hub,Industrial,MGR024,Permanent,Naukri / Job Portal,40,5.2,37600,-0.0435,0.7,1,2,1,0.45
EMP12447,2022-08-15,HR & Admin,HR Executive,3,Mantralaya Redevelopment,Government Building,MGR101,Permanent,Naukri / Job Portal,19,3.2,41800,0.1182,13.0,0,2,1,0.15
EMP12448,2020-06-03,MEP,Senior Engineer,4,Delhi NCR Logistics Hub,Industrial,MGR100,Retainer,Campus Hiring,44,5.9,62100,-0.0646,5.6,0,4,1,0.45
EMP12449,2026-07-25,EHS,Safety Officer,3,Nagpur Expressway Pkg-4,Highway,MGR090,Retainer,Campus Hiring,39,3.9,39600,-0.03,23.8,0,3,0,0.85
EMP12450,2024-03-16,Civil Execution,Supervisor,2,Ahmedabad Water Works,Water,MGR093,Permanent,Walk-in / Site Gate,25,3.3,31200,0.0349,4.4,1,2,0,0.65
EMP12451,2023-11-18,Business Support Services,HR Executive,3,JNPA WOLP,Port Infrastructure,MGR062,Permanent,Internal Transfer,32,3.6,43000,0.145,2.8,1,2,1,0.55
EMP12452,2019-03-03,HR & Admin,HR Executive,3,Mantralaya Redevelopment,Government Building,MGR079,Fixed Term Contract,Naukri / Job Portal,35,3.7,49100,0.3059,4.8,0,2,1,0.15
EMP12453,2023-04-15,Accounts & Finance,Deputy Manager,5,Delhi NCR Logistics Hub,Industrial,MGR003,Permanent,Employee Referral,34,7.2,84200,-0.0773,5.1,1,4,1,0.45
EMP12454,2019-04-10,MEP,Senior Engineer,4,Mumbai HO,Corporate,MGR054,Permanent,Labour Contractor,41,6.7,73600,0.0988,14.1,0,4,0,0.05
EMP12455,2020-11-16,Business Support Services,Procurement Executive,3,Pune Metro Reach-3,Metro,MGR086,Fixed Term Contract,Naukri / Job Portal,29,3.6,44600,-0.0499,30.5,0,3,1,0.25
EMP12456,2023-11-18,EHS,Safety Officer,3,Mantralaya Redevelopment,Government Building,MGR019,Permanent,Naukri / Job Portal,33,4.9,55100,0.3344,1.7,0,3,1,0.15
EMP12457,2024-12-21,Civil Execution,Project Manager,6,Mantralaya Redevelopment,Government Building,MGR057,Permanent,Recruitment Consultancy,38,9.2,114700,-0.193,33.2,0,5,0,0.15
EMP12458,2024-06-29,Planning & Coordination,Deputy Manager,5,Mumbai HO,Corporate,MGR002,Fixed Term Contract,Recruitment Consultancy,35,6.8,107100,0.1788,24.7,0,4,0,0.05
EMP12459,2022-11-21,Quality Assurance & Control,Junior Engineer,2,Mantralaya Redevelopment,Government Building,MGR054,Fixed Term Contract,Walk-in / Site Gate,32,1.7,23100,-0.1293,3.1,0,2,0,0.15
EMP12460,2019-09-24,Design & Engineering,Design Engineer,4,Delhi NCR Logistics Hub,Industrial,MGR116,Retainer,Walk-in / Site Gate,29,5.1,62500,-0.0184,4.6,0,4,1,0.45
EMP12461,2024-10-12,MEP,Junior Engineer,2,JNPA WOLP,Port Infrastructure,MGR026,Permanent,Naukri / Job Portal,25,4.6,31600,0.1518,9.2,1,2,0,0.55
EMP12462,2025-07-05,Planning & Coordination,Senior Engineer,4,Ahmedabad Water Works,Water,MGR026,Apprentice / Trainee,Naukri / Job Portal,38,6.8,67700,0.0096,1.0,1,4,0,0.65
EMP12463,2024-03-09,EHS,Deputy Manager,5,Mantralaya Redevelopment,Government Building,MGR087,Permanent,Naukri / Job Portal,36,8.5,117700,0.2715,9.1,0,4,1,0.15
EMP12464,2019-05-06,HR & Admin,HR Executive,3,Bengaluru Tech Park,Commercial,MGR093,Permanent,Recruitment Consultancy,31,4.7,35100,-0.0771,17.3,0,2,1,0.2
EMP12465,2019-10-14,Planning & Coordination,Deputy Manager,5,JNPA WOLP,Port Infrastructure,MGR077,Fixed Term Contract,Employee Referral,28,6.1,76100,-0.1558,4.9,1,4,1,0.55
EMP12466,2023-09-23,Civil Execution,Construction Manager,5,Ahmedabad Water Works,Water,MGR042,Permanent,Naukri / Job Portal,39,6.7,112000,0.0798,0.5,1,5,1,0.65
EMP12467,2022-05-28,MEP,Junior Engineer,2,Bengaluru Tech Park,Commercial,MGR063,Fixed Term Contract,Campus Hiring,31,3.8,34500,0.2691,24.4,0,2,1,0.2
EMP12468,2023-07-01,Stores & Logistics,Store Officer,2,JNPA WOLP,Port Infrastructure,MGR030,Fixed Term Contract,Recruitment Consultancy,35,1.6,29100,0.0197,2.2,1,2,0,0.55
EMP12469,2021-06-18,Design & Engineering,Design Engineer,4,Ahmedabad Water Works,Water,MGR118,Apprentice / Trainee,Naukri / Job Portal,42,4.7,61900,-0.0234,1.8,1,4,1,0.65
EMP12470,2020-12-30,Quality Assurance & Control,Deputy Manager,5,Mantralaya Redevelopment,Government Building,MGR116,Permanent,Internal Transfer,45,7.1,72200,-0.208,11.3,0,4,0,0.15
EMP12471,2025-02-22,Business Support Services,HR Executive,3,Mantralaya Redevelopment,Government Building,MGR023,Permanent,Naukri / Job Portal,26,5.9,45400,0.1777,4.8,0,2,1,0.15
EMP12472,2025-03-15,Civil Execution,Construction Manager,5,Pune Metro Reach-3,Metro,MGR070,Retainer,Recruitment Consultancy,45,7.7,104300,-0.0054,12.9,0,5,0,0.25
EMP12473,2023-09-09,Stores & Logistics,Site Helper,1,JNPA WOLP,Port Infrastructure,MGR055,Fixed Term Contract,Walk-in / Site Gate,19,1.3,13700,-0.1825,0.6,1,1,1,0.55
EMP12474,2024-10-26,MEP,Senior Engineer,4,Mantralaya Redevelopment,Government Building,MGR067,Permanent,Employee Referral,38,5.7,71500,0.0794,29.6,0,4,0,0.15
EMP12475,2025-02-08,Business Support Services,HR Executive,3,JNPA WOLP,Port Infrastructure,MGR116,Permanent,Naukri / Job Portal,37,3.4,31800,-0.1513,32.0,0,2,1,0.55
EMP12476,2021-05-19,MEP,Deputy Manager,5,Ahmedabad Water Works,Water,MGR022,Permanent,Internal Transfer,31,7.8,92700,0.0091,29.9,0,4,1,0.65
EMP12477,2025-11-01,HR & Admin,Deputy Manager,5,Delhi NCR Logistics Hub,Industrial,MGR062,Permanent,Employee Referral,44,6.7,85400,-0.059,1.9,1,4,1,0.45
EMP12478,2025-02-22,Quality Assurance & Control,Junior Engineer,2,Delhi NCR Logistics Hub,Industrial,MGR010,Fixed Term Contract,Labour Contractor,34,2.4,22800,-0.1476,50.7,0,2,0,0.45
EMP12479,2019-05-06,Civil Execution,Construction Manager,5,Nagpur Expressway Pkg-4,Highway,MGR097,Permanent,Recruitment Consultancy,28,6.7,85800,-0.1728,2.4,1,5,0,0.85
EMP12480,2020-08-15,MEP,Senior Engineer,4,Mantralaya Redevelopment,Government Building,MGR085,Apprentice / Trainee,Labour Contractor,42,4.7,81100,0.2382,15.4,0,4,1,0.15
EMP12481,2026-05-30,Civil Execution,Supervisor,2,Delhi NCR Logistics Hub,Industrial,MGR015,Apprentice / Trainee,Employee Referral,29,2.9,29900,-0.0036,1.1,1,2,1,0.45
EMP12482,2025-11-08,Civil Execution,Site Helper,1,Bengaluru Tech Park,Commercial,MGR047,Fixed Term Contract,Employee Referral,34,0.3,18300,0.1051,6.8,0,1,1,0.2
EMP12483,2024-02-17,HR & Admin,Deputy Manager,5,Mumbai HO,Corporate,MGR068,Retainer,Naukri / Job Portal,43,7.1,83400,-0.0851,3.2,0,4,1,0.05
EMP12484,2019-12-24,Planning & Coordination,Planning Engineer,4,Bengaluru Tech Park,Commercial,MGR107,Permanent,Naukri / Job Portal,25,4.8,66200,0.0792,26.2,0,4,1,0.2
EMP12485,2024-01-20,Civil Execution,Senior Engineer,4,Nagpur Expressway Pkg-4,Highway,MGR091,Fixed Term Contract,Campus Hiring,30,4.8,54500,-0.1688,1.0,1,4,0,0.85
EMP12486,2023-12-09,EHS,Deputy Manager,5,Delhi NCR Logistics Hub,Industrial,MGR067,Permanent,Employee Referral,35,8.2,101700,0.1023,1.5,1,4,0,0.45
EMP12487,2022-06-27,Procurement,Deputy Manager,5,Ahmedabad Water Works,Water,MGR034,Fixed Term Contract,Recruitment Consultancy,31,6.3,98000,0.0847,6.4,0,4,1,0.65
EMP12488,2020-09-09,Business Support Services,Accounts Officer,3,Mumbai HO,Corporate,MGR107,Permanent,Naukri / Job Portal,25,8.0,53200,0.3119,3.7,0,2,0,0.05
EMP12489,2026-05-16,Civil Execution,Construction Manager,5,Mantralaya Redevelopment,Government Building,MGR107,Permanent,Recruitment Consultancy,34,7.0,95100,-0.0861,18.6,0,5,1,0.15
EMP12490,2021-05-31,Civil Execution,Junior Engineer,2,Mantralaya Redevelopment,Government Building,MGR100,Fixed Term Contract,Recruitment Consultancy,27,2.5,27000,0.0082,8.9,0,2,0,0.15
EMP12491,2026-08-01,MEP,Junior Engineer,2,Bengaluru Tech Park,Commercial,MGR021,Fixed Term Contract,Naukri / Job Portal,40,2.6,23300,-0.131,1.5,0,2,1,0.2
EMP12492,2025-06-28,Accounts & Finance,Deputy Manager,5,JNPA WOLP,Port Infrastructure,MGR002,Fixed Term Contract,Employee Referral,45,9.0,109600,0.1776,21.6,0,4,1,0.55
EMP12493,2025-02-15,HR & Admin,HR Executive,3,Mumbai HO,Corporate,MGR068,Fixed Term Contract,Naukri / Job Portal,23,3.4,24700,-0.3408,9.3,0,2,1,0.05
EMP12494,2026-04-04,Civil Execution,Project Manager,6,Ahmedabad Water Works,Water,MGR072,Permanent,Recruitment Consultancy,32,9.2,146300,0.0293,4.4,1,5,1,0.65
EMP12495,2021-03-04,Planning & Coordination,Senior Engineer,4,Pune Metro Reach-3,Metro,MGR030,Permanent,Campus Hiring,30,11.5,78100,0.1069,10.8,0,4,1,0.25
EMP12496,2025-03-15,Planning & Coordination,Senior Engineer,4,Nagpur Expressway Pkg-4,Highway,MGR106,Apprentice / Trainee,Recruitment Consultancy,34,4.8,66300,0.0111,9.4,0,4,0,0.85
EMP12497,2026-06-27,Accounts & Finance,Accounts Officer,3,Nagpur Expressway Pkg-4,Highway,MGR014,Fixed Term Contract,Employee Referral,31,4.7,33200,-0.1506,4.0,1,2,1,0.85
EMP12498,2025-09-20,MEP,Deputy Manager,5,JNPA WOLP,Port Infrastructure,MGR008,Apprentice / Trainee,Recruitment Consultancy,41,6.6,105100,0.1594,2.5,1,4,0,0.55
EMP12499,2022-11-05,Planning & Coordination,Senior Engineer,4,Bengaluru Tech Park,Commercial,MGR017,Permanent,Walk-in / Site Gate,40,8.2,67000,-0.0162,11.2,0,4,0,0.2
EMP12500,2021-11-10,Civil Execution,Site Helper,1,Nagpur Expressway Pkg-4,Highway,MGR005,Fixed Term Contract,Labour Contractor,23,2.8,18200,0.0672,3.0,1,1,0,0.85
EMP12501,2021-02-24,Design & Engineering,Senior Engineer,4,Bengaluru Tech Park,Commercial,MGR053,Fixed Term Contract,Naukri / Job Portal,41,5.0,66600,0.0134,21.9,0,4,0,0.2
EMP12502,2021-06-18,Stores & Logistics,Store Officer,2,Bengaluru Tech Park,Commercial,MGR027,Permanent,Campus Hiring,34,6.8,29800,-0.016,16.1,0,2,1,0.2
EMP12503,2024-11-23,Civil Execution,Site Helper,1,JNPA WOLP,Port Infrastructure,MGR067,Fixed Term Contract,Labour Contractor,20,2.2,19300,0.1396,1.7,1,1,0,0.55
EMP12504,2025-04-05,Civil Execution,Site Helper,1,Bengaluru Tech Park,Commercial,MGR024,Fixed Term Contract,Employee Referral,19,1.5,18700,0.1133,9.8,0,1,0,0.2
EMP12505,2023-12-16,HR & Admin,Deputy Manager,5,Pune Metro Reach-3,Metro,MGR114,Permanent,Employee Referral,31,10.9,81600,-0.1409,24.8,0,4,0,0.25
EMP12506,2022-05-17,MEP,Junior Engineer,2,Nagpur Expressway Pkg-4,Highway,MGR117,Fixed Term Contract,Campus Hiring,26,2.0,26800,0.0066,3.3,1,2,0,0.85
EMP12507,2026-04-11,MEP,Deputy Manager,5,Mantralaya Redevelopment,Government Building,MGR048,Permanent,Recruitment Consultancy,40,9.6,104300,0.1134,11.0,0,4,0,0.15
EMP12508,2026-04-18,HR & Admin,HR Executive,3,Mumbai HO,Corporate,MGR011,Permanent,Naukri / Job Portal,34,5.3,33000,-0.1381,16.6,0,2,0,0.05
EMP12509,2025-09-13,EHS,Safety Officer,3,JNPA WOLP,Port Infrastructure,MGR008,Fixed Term Contract,Labour Contractor,30,4.8,51600,0.251,5.6,1,3,0,0.55
EMP12510,2025-02-08,Quality Assurance & Control,Deputy Manager,5,Mantralaya Redevelopment,Government Building,MGR061,Permanent,Employee Referral,29,7.6,74200,-0.1905,19.8,0,4,1,0.15
EMP12511,2024-04-27,Civil Execution,Senior Engineer,4,Nagpur Expressway Pkg-4,Highway,MGR001,Permanent,Employee Referral,37,5.4,57400,-0.1305,2.3,1,4,0,0.85
EMP12512,2025-02-01,Business Support Services,Accounts Officer,3,Pune Metro Reach-3,Metro,MGR027,Fixed Term Contract,Internal Transfer,43,4.2,38800,-0.0017,10.0,0,2,1,0.25
EMP12513,2025-12-27,HR & Admin,HR Executive,3,Mumbai HO,Corporate,MGR023,Permanent,Naukri / Job Portal,24,5.4,44900,0.1713,17.0,0,2,0,0.05
EMP12514,2026-01-24,Civil Execution,Site Engineer,3,Nagpur Expressway Pkg-4,Highway,MGR074,Permanent,Employee Referral,28,3.2,41800,-0.0182,1.7,1,3,1,0.85
EMP12515,2022-02-01,Civil Execution,Construction Manager,5,JNPA WOLP,Port Infrastructure,MGR098,Permanent,Recruitment Consultancy,55,8.2,132700,0.2585,1.9,1,5,0,0.55
EMP12516,2022-06-30,Accounts & Finance,Accounts Officer,3,JNPA WOLP,Port Infrastructure,MGR085,Permanent,Employee Referral,26,3.4,36000,-0.0652,21.4,0,2,0,0.55
EMP12517,2023-09-02,Stores & Logistics,Deputy Manager,5,JNPA WOLP,Port Infrastructure,MGR017,Permanent,Naukri / Job Portal,46,7.0,108600,0.1927,3.9,1,4,0,0.55
EMP12518,2026-05-16,Business Support Services,Procurement Executive,3,Bengaluru Tech Park,Commercial,MGR089,Permanent,Naukri / Job Portal,24,4.6,48500,0.0214,28.6,0,3,1,0.2
EMP12519,2025-01-25,Accounts & Finance,Accounts Officer,3,Mumbai HO,Corporate,MGR060,Retainer,Employee Referral,34,4.2,46400,0.1939,11.1,0,2,0,0.05
EMP12520,2024-06-29,Civil Execution,Construction Manager,5,Delhi NCR Logistics Hub,Industrial,MGR059,Permanent,Recruitment Consultancy,29,7.7,98100,-0.0646,22.3,0,5,1,0.45
EMP12521,2024-11-16,HR & Admin,Deputy Manager,5,Mumbai HO,Corporate,MGR059,Permanent,Naukri / Job Portal,38,6.8,80900,-0.1096,13.1,0,4,1,0.05
EMP12522,2025-12-13,Civil Execution,Senior Engineer,4,Mantralaya Redevelopment,Government Building,MGR030,Permanent,Walk-in / Site Gate,41,4.5,75900,0.1615,28.3,0,4,1,0.15
EMP12523,2020-06-27,Civil Execution,Junior Engineer,2,Mantralaya Redevelopment,Government Building,MGR018,Fixed Term Contract,Recruitment Consultancy,27,2.3,24100,-0.098,4.5,0,2,0,0.15
EMP12524,2020-07-03,MEP,Senior Engineer,4,JNPA WOLP,Port Infrastructure,MGR053,Apprentice / Trainee,Recruitment Consultancy,28,5.0,55800,-0.1509,4.0,1,4,0,0.55
EMP12525,2019-07-10,Civil Execution,Project Manager,6,Bengaluru Tech Park,Commercial,MGR026,Apprentice / Trainee,Recruitment Consultancy,41,9.3,144200,0.0135,32.4,0,5,0,0.2
EMP12526,2023-06-03,Planning & Coordination,Planning Engineer,4,Mantralaya Redevelopment,Government Building,MGR071,Fixed Term Contract,Recruitment Consultancy,36,5.6,67800,0.0954,24.4,0,4,1,0.15
EMP12527,2025-03-22,Design & Engineering,Design Engineer,4,Ahmedabad Water Works,Water,MGR004,Fixed Term Contract,Recruitment Consultancy,27,6.3,67900,0.0521,1.7,1,4,0,0.65
EMP12528,2024-04-27,Accounts & Finance,Deputy Manager,5,Nagpur Expressway Pkg-4,Highway,MGR075,Retainer,Employee Referral,44,6.1,89900,-0.0028,7.7,1,4,1,0.85
EMP12529,2022-07-28,Civil Execution,Project Manager,6,Bengaluru Tech Park,Commercial,MGR023,Permanent,Internal Transfer,45,8.7,135800,-0.0394,15.0,0,5,1,0.2
EMP12530,2023-07-22,Civil Execution,Senior Engineer,4,Nagpur Expressway Pkg-4,Highway,MGR061,Permanent,Naukri / Job Portal,42,5.4,57500,-0.129,50.6,0,4,1,0.85
EMP12531,2026-05-16,Civil Execution,Site Engineer,3,JNPA WOLP,Port Infrastructure,MGR012,Permanent,Naukri / Job Portal,28,3.6,44100,0.0311,55.8,0,3,0,0.55
EMP12532,2019-05-05,HR & Admin,Deputy Manager,5,Pune Metro Reach-3,Metro,MGR099,Permanent,Internal Transfer,38,7.4,96700,0.0573,7.5,0,4,1,0.25
EMP12533,2025-03-01,MEP,Deputy Manager,5,JNPA WOLP,Port Infrastructure,MGR083,Permanent,Recruitment Consultancy,30,8.1,106500,0.1555,12.4,1,4,1,0.55
EMP12534,2025-03-22,Civil Execution,Construction Manager,5,Nagpur Expressway Pkg-4,Highway,MGR076,Fixed Term Contract,Internal Transfer,35,6.3,116000,0.1234,5.7,1,5,0,0.85
EMP12535,2026-04-04,Civil Execution,Construction Manager,5,JNPA WOLP,Port Infrastructure,MGR074,Fixed Term Contract,Naukri / Job Portal,33,6.9,116800,0.1236,13.7,0,5,0,0.55
EMP12536,2024-09-28,Quality Assurance & Control,Deputy Manager,5,Mantralaya Redevelopment,Government Building,MGR105,Fixed Term Contract,Naukri / Job Portal,41,7.6,92000,0.0037,8.3,0,4,0,0.15
EMP12537,2022-11-04,Business Support Services,Procurement Executive,3,Nagpur Expressway Pkg-4,Highway,MGR039,Apprentice / Trainee,Naukri / Job Portal,29,5.7,57300,0.1918,0.5,1,3,1,0.85
EMP12538,2025-02-22,Civil Execution,Supervisor,2,JNPA WOLP,Port Infrastructure,MGR015,Fixed Term Contract,Employee Referral,31,6.3,30600,-0.019,8.0,0,2,1,0.55
EMP12539,2022-09-26,Quality Assurance & Control,QA/QC Engineer,3,Nagpur Expressway Pkg-4,Highway,MGR096,Permanent,Walk-in / Site Gate,36,3.3,55100,0.2046,66.5,0,3,1,0.85
EMP12540,2020-06-11,HR & Admin,HR Executive,3,Mumbai HO,Corporate,MGR046,Permanent,Employee Referral,27,3.7,35600,-0.0532,49.3,0,2,1,0.05
EMP12541,2021-05-12,Business Support Services,HR Executive,3,Mumbai HO,Corporate,MGR093,Permanent,Naukri / Job Portal,26,4.4,34400,-0.0924,2.8,0,2,1,0.05
EMP12542,2024-01-13,MEP,Junior Engineer,2,Delhi NCR Logistics Hub,Industrial,MGR011,Permanent,Employee Referral,25,1.7,30500,0.1496,1.6,1,2,1,0.45
EMP12543,2022-08-20,Quality Assurance & Control,Junior Engineer,2,Mumbai HO,Corporate,MGR020,Fixed Term Contract,Employee Referral,40,2.3,26500,-0.0081,19.0,0,2,1,0.05
EMP12544,2024-10-05,Accounts & Finance,Deputy Manager,5,Mumbai HO,Corporate,MGR005,Permanent,Recruitment Consultancy,45,8.4,99500,0.0761,10.4,0,4,1,0.05
EMP12545,2025-12-20,HR & Admin,HR Executive,3,Mumbai HO,Corporate,MGR101,Permanent,Campus Hiring,32,3.7,40300,0.0719,1.6,0,2,0,0.05
EMP12546,2023-10-07,Planning & Coordination,Planning Engineer,4,Nagpur Expressway Pkg-4,Highway,MGR015,Fixed Term Contract,Naukri / Job Portal,35,5.8,64500,0.0397,2.7,1,4,1,0.85
EMP12547,2023-06-10,Civil Execution,Senior Engineer,4,JNPA WOLP,Port Infrastructure,MGR034,Fixed Term Contract,Employee Referral,37,4.8,73100,0.1148,4.0,1,4,0,0.55
EMP12548,2019-07-20,MEP,Junior Engineer,2,Mantralaya Redevelopment,Government Building,MGR109,Permanent,Employee Referral,28,2.4,32000,0.1963,21.1,0,2,1,0.15
EMP12549,2023-04-29,Civil Execution,Site Engineer,3,Ahmedabad Water Works,Water,MGR105,Permanent,Recruitment Consultancy,31,5.9,39200,-0.1071,0.5,1,3,0,0.65
EMP12550,2025-09-20,Stores & Logistics,Site Helper,1,Pune Metro Reach-3,Metro,MGR065,Fixed Term Contract,Walk-in / Site Gate,31,1.3,17500,0.0443,16.4,0,1,0,0.25
EMP12551,2023-08-26,Stores & Logistics,Deputy Manager,5,Mantralaya Redevelopment,Government Building,MGR008,Retainer,Naukri / Job Portal,39,10.2,102300,0.085,13.3,0,4,1,0.15
EMP12552,2026-07-04,Civil Execution,Supervisor,2,Mumbai HO,Corporate,MGR057,Fixed Term Contract,Naukri / Job Portal,41,2.5,34700,0.1617,11.5,0,2,1,0.05
EMP12553,2025-01-25,Civil Execution,Senior Engineer,4,JNPA WOLP,Port Infrastructure,MGR114,Permanent,Naukri / Job Portal,35,6.1,81900,0.2309,24.5,0,4,1,0.55
EMP12554,2022-04-13,Civil Execution,Project Manager,6,Nagpur Expressway Pkg-4,Highway,MGR056,Permanent,Employee Referral,35,8.6,146600,0.0382,6.3,1,5,0,0.85
EMP12555,2024-03-16,Civil Execution,Supervisor,2,Pune Metro Reach-3,Metro,MGR105,Apprentice / Trainee,Labour Contractor,34,1.6,33300,0.1266,11.3,0,2,0,0.25
EMP12556,2024-07-27,Business Support Services,Procurement Executive,3,Mumbai HO,Corporate,MGR030,Permanent,Recruitment Consultancy,28,3.3,50500,0.0795,10.4,0,3,1,0.05
EMP12557,2025-08-02,Stores & Logistics,Site Helper,1,Mantralaya Redevelopment,Government Building,MGR106,Permanent,Employee Referral,19,1.6,19000,0.1298,1.3,0,1,1,0.15
EMP12558,2022-02-26,EHS,Supervisor,2,Pune Metro Reach-3,Metro,MGR030,Permanent,Employee Referral,21,1.9,23300,-0.2145,7.7,0,2,1,0.25
EMP12559,2023-01-19,Civil Execution,Project Manager,6,Pune Metro Reach-3,Metro,MGR106,Permanent,Employee Referral,40,11.2,120000,-0.1736,16.0,0,5,1,0.25
EMP12560,2021-06-16,Business Support Services,Procurement Executive,3,Nagpur Expressway Pkg-4,Highway,MGR012,Permanent,Campus Hiring,39,3.7,44300,-0.0574,5.7,1,3,1,0.85
EMP12561,2020-08-04,Design & Engineering,Deputy Manager,5,Mantralaya Redevelopment,Government Building,MGR013,Retainer,Internal Transfer,47,9.0,96200,0.0336,11.0,0,4,1,0.15
EMP12562,2023-12-02,Design & Engineering,Design Engineer,4,Mumbai HO,Corporate,MGR030,Apprentice / Trainee,Naukri / Job Portal,32,4.9,72800,0.146,1.9,0,4,0,0.05
EMP12563,2024-08-31,Civil Execution,Senior Engineer,4,Pune Metro Reach-3,Metro,MGR097,Permanent,Naukri / Job Portal,26,6.1,71200,0.0701,15.0,0,4,0,0.25
EMP12564,2022-01-06,Civil Execution,Junior Engineer,2,Mumbai HO,Corporate,MGR045,Permanent,Walk-in / Site Gate,34,2.6,26900,0.0033,8.6,0,2,0,0.05
EMP12565,2026-06-20,EHS,Safety Officer,3,Mantralaya Redevelopment,Government Building,MGR112,Fixed Term Contract,Walk-in / Site Gate,37,3.1,43000,0.063,22.4,0,3,1,0.15
EMP12566,2023-07-08,HR & Admin,HR Executive,3,Mumbai HO,Corporate,MGR056,Permanent,Campus Hiring,34,4.0,32000,-0.1518,10.7,0,2,1,0.05
EMP12567,2021-04-03,HR & Admin,Deputy Manager,5,Delhi NCR Logistics Hub,Industrial,MGR103,Fixed Term Contract,Internal Transfer,37,8.5,87100,-0.0591,1.8,1,4,1,0.45
EMP12568,2023-12-09,Civil Execution,Site Engineer,3,JNPA WOLP,Port Infrastructure,MGR031,Permanent,Labour Contractor,31,5.4,53800,0.2323,0.5,1,3,0,0.55
EMP12569,2019-12-04,MEP,Site Engineer,3,Nagpur Expressway Pkg-4,Highway,MGR039,Permanent,Walk-in / Site Gate,35,6.4,49900,0.1303,4.5,0,3,1,0.85
EMP12570,2023-04-22,Civil Execution,Supervisor,2,Ahmedabad Water Works,Water,MGR004,Fixed Term Contract,Naukri / Job Portal,27,3.3,31300,0.0382,21.8,0,2,1,0.65
EMP12571,2026-08-01,Accounts & Finance,Accounts Officer,3,Mumbai HO,Corporate,MGR032,Apprentice / Trainee,Recruitment Consultancy,24,4.1,40300,0.0381,12.6,0,2,1,0.05
EMP12572,2023-06-17,Stores & Logistics,Site Helper,1,Delhi NCR Logistics Hub,Industrial,MGR035,Permanent,Labour Contractor,33,0.2,15200,-0.081,0.6,1,1,0,0.45
EMP12573,2024-01-27,Procurement,Deputy Manager,5,Mumbai HO,Corporate,MGR045,Permanent,Internal Transfer,28,9.1,93300,0.0014,11.3,0,4,1,0.05
EMP12574,2021-07-22,Civil Execution,Construction Manager,5,Bengaluru Tech Park,Commercial,MGR085,Fixed Term Contract,Employee Referral,26,9.3,107800,0.0102,12.1,0,5,1,0.2
EMP12575,2026-06-27,Procurement,Procurement Executive,3,Pune Metro Reach-3,Metro,MGR006,Permanent,Naukri / Job Portal,35,3.4,45900,-0.02,5.2,0,3,1,0.25
EMP12576,2023-10-21,Planning & Coordination,Deputy Manager,5,Mantralaya Redevelopment,Government Building,MGR036,Permanent,Employee Referral,36,7.7,73000,-0.2045,21.8,0,4,1,0.15
EMP12577,2023-12-02,Civil Execution,Junior Engineer,2,Nagpur Expressway Pkg-4,Highway,MGR055,Permanent,Campus Hiring,37,2.0,21200,-0.2037,2.9,1,2,1,0.85
EMP12578,2024-07-27,MEP,Deputy Manager,5,Delhi NCR Logistics Hub,Industrial,MGR068,Fixed Term Contract,Employee Referral,36,7.4,82000,-0.1034,11.8,0,4,1,0.45
EMP12579,2020-11-30,Procurement,Deputy Manager,5,Mantralaya Redevelopment,Government Building,MGR083,Permanent,Naukri / Job Portal,33,6.3,67500,-0.2529,7.9,0,4,0,0.15
EMP12580,2024-09-14,HR & Admin,HR Executive,3,Mantralaya Redevelopment,Government Building,MGR068,Fixed Term Contract,Naukri / Job Portal,42,5.0,37000,-0.0304,31.1,0,2,1,0.15
EMP12581,2022-11-28,MEP,Site Engineer,3,Bengaluru Tech Park,Commercial,MGR114,Permanent,Internal Transfer,31,4.0,36500,-0.1505,2.6,0,3,1,0.2
EMP12582,2024-09-07,Planning & Coordination,Senior Engineer,4,Delhi NCR Logistics Hub,Industrial,MGR020,Permanent,Labour Contractor,40,4.6,65800,0.0058,11.5,1,4,0,0.45
EMP12583,2025-11-15,HR & Admin,Deputy Manager,5,Ahmedabad Water Works,Water,MGR037,Permanent,Employee Referral,37,6.9,76800,-0.1556,0.9,1,4,1,0.65
EMP12584,2025-06-21,Civil Execution,Project Manager,6,Delhi NCR Logistics Hub,Industrial,MGR081,Permanent,Recruitment Consultancy,42,8.9,135000,-0.0471,7.6,0,5,0,0.45
EMP12585,2023-02-01,Procurement,Procurement Executive,3,JNPA WOLP,Port Infrastructure,MGR080,Retainer,Labour Contractor,34,3.3,35800,-0.2347,5.7,1,3,1,0.55
EMP12586,2026-07-04,Civil Execution,Construction Manager,5,Pune Metro Reach-3,Metro,MGR114,Permanent,Recruitment Consultancy,45,8.1,121500,0.1535,1.0,0,5,1,0.25
EMP12587,2024-12-28,Business Support Services,Procurement Executive,3,Nagpur Expressway Pkg-4,Highway,MGR120,Retainer,Labour Contractor,19,3.5,48800,0.0407,3.3,1,3,1,0.85
EMP12588,2025-11-08,Business Support Services,HR Executive,3,Mantralaya Redevelopment,Government Building,MGR005,Permanent,Campus Hiring,28,4.2,35800,-0.0533,10.8,0,2,1,0.15
EMP12589,2024-09-21,Design & Engineering,Deputy Manager,5,Nagpur Expressway Pkg-4,Highway,MGR041,Permanent,Naukri / Job Portal,32,6.4,95000,0.0503,1.1,1,4,0,0.85
EMP12590,2023-12-09,Civil Execution,Project Manager,6,Nagpur Expressway Pkg-4,Highway,MGR115,Fixed Term Contract,Naukri / Job Portal,37,9.4,118800,-0.166,59.4,0,5,0,0.85
EMP12591,2025-05-31,Accounts & Finance,Deputy Manager,5,JNPA WOLP,Port Infrastructure,MGR018,Fixed Term Contract,Naukri / Job Portal,34,6.7,46700,-0.45,16.5,0,4,1,0.55
EMP12592,2025-05-31,EHS,Safety Officer,3,Pune Metro Reach-3,Metro,MGR019,Permanent,Recruitment Consultancy,34,4.3,47400,0.1557,6.9,0,3,0,0.25
EMP12593,2019-12-23,Planning & Coordination,Deputy Manager,5,Ahmedabad Water Works,Water,MGR009,Permanent,Recruitment Consultancy,34,6.5,87100,-0.0381,2.2,1,4,1,0.65
EMP12594,2024-09-07,Planning & Coordination,Deputy Manager,5,Pune Metro Reach-3,Metro,MGR119,Permanent,Internal Transfer,30,6.5,94700,0.0458,35.0,0,4,1,0.25
EMP12595,2026-06-06,Civil Execution,Junior Engineer,2,Ahmedabad Water Works,Water,MGR029,Fixed Term Contract,Labour Contractor,26,3.4,29400,0.0864,1.0,1,2,0,0.65
EMP12596,2019-08-14,Stores & Logistics,Deputy Manager,5,Mantralaya Redevelopment,Government Building,MGR071,Fixed Term Contract,Employee Referral,43,6.6,95300,0.0513,14.4,0,4,1,0.15
EMP12597,2019-10-07,Quality Assurance & Control,Deputy Manager,5,Nagpur Expressway Pkg-4,Highway,MGR025,Permanent,Employee Referral,34,6.9,122400,0.3457,15.6,0,4,1,0.85
EMP12598,2023-11-11,EHS,Safety Officer,3,Mantralaya Redevelopment,Government Building,MGR075,Permanent,Employee Referral,30,5.9,60100,0.4391,14.6,0,3,1,0.15
EMP12599,2022-05-10,Business Support Services,Procurement Executive,3,Mumbai HO,Corporate,MGR118,Fixed Term Contract,Walk-in / Site Gate,34,4.2,38500,-0.1855,3.3,0,3,0,0.05
EMP12600,2025-05-10,Civil Execution,Senior Engineer,4,Nagpur Expressway Pkg-4,Highway,MGR101,Permanent,Walk-in / Site Gate,43,5.1,42700,-0.351,16.2,0,4,0,0.85
EMP12601,2024-06-15,Planning & Coordination,Senior Engineer,4,Nagpur Expressway Pkg-4,Highway,MGR049,Fixed Term Contract,Recruitment Consultancy,35,7.3,72500,0.0752,73.9,0,4,0,0.85
EMP12602,2021-10-16,EHS,Safety Officer,3,JNPA WOLP,Port Infrastructure,MGR058,Permanent,Naukri / Job Portal,33,5.9,49900,0.1949,0.7,1,3,1,0.55
EMP12603,2022-10-12,Civil Execution,Supervisor,2,Mantralaya Redevelopment,Government Building,MGR040,Fixed Term Contract,Walk-in / Site Gate,33,2.5,29700,-0.0057,11.7,0,2,0,0.15
EMP12604,2023-10-07,HR & Admin,HR Executive,3,Mantralaya Redevelopment,Government Building,MGR028,Retainer,Naukri / Job Portal,31,9.1,40200,0.0067,3.7,0,2,0,0.15
EMP12605,2026-08-01,Business Support Services,Accounts Officer,3,Mumbai HO,Corporate,MGR062,Permanent,Naukri / Job Portal,41,3.4,45100,0.1711,10.0,0,2,0,0.05
EMP12606,2026-02-07,HR & Admin,HR Executive,3,Mantralaya Redevelopment,Government Building,MGR081,Permanent,Naukri / Job Portal,34,4.4,40300,0.0633,15.6,0,2,1,0.15
EMP12607,2025-07-19,HR & Admin,HR Executive,3,Ahmedabad Water Works,Water,MGR086,Fixed Term Contract,Employee Referral,27,3.5,45700,0.2183,4.7,1,2,1,0.65
EMP12608,2024-09-07,Procurement,Procurement Executive,3,Nagpur Expressway Pkg-4,Highway,MGR013,Permanent,Recruitment Consultancy,35,4.2,41300,-0.1263,1.1,1,3,1,0.85
EMP12609,2022-11-17,Civil Execution,Site Helper,1,Delhi NCR Logistics Hub,Industrial,MGR089,Fixed Term Contract,Employee Referral,28,3.7,19000,0.1026,27.4,0,1,1,0.45
EMP12610,2020-08-22,HR & Admin,Deputy Manager,5,Delhi NCR Logistics Hub,Industrial,MGR116,Permanent,Recruitment Consultancy,37,7.2,75200,-0.176,20.8,0,4,1,0.45
EMP12611,2024-12-07,EHS,Deputy Manager,5,Pune Metro Reach-3,Metro,MGR029,Apprentice / Trainee,Employee Referral,34,6.4,96400,0.0658,32.5,0,4,0,0.25
EMP12612,2025-10-25,MEP,Junior Engineer,2,Bengaluru Tech Park,Commercial,MGR065,Fixed Term Contract,Recruitment Consultancy,30,3.6,23900,-0.1188,13.6,0,2,0,0.2
EMP12613,2023-06-03,Stores & Logistics,Deputy Manager,5,Delhi NCR Logistics Hub,Industrial,MGR089,Permanent,Employee Referral,32,6.7,94700,0.0435,2.6,1,4,1,0.45
EMP12614,2023-02-22,Accounts & Finance,Deputy Manager,5,Ahmedabad Water Works,Water,MGR101,Apprentice / Trainee,Recruitment Consultancy,39,6.6,92000,0.0149,6.3,1,4,1,0.65
EMP12615,2025-06-21,Civil Execution,Site Engineer,3,JNPA WOLP,Port Infrastructure,MGR083,Retainer,Naukri / Job Portal,34,8.0,44600,-0.0075,3.9,1,3,1,0.55
EMP12616,2025-04-19,Business Support Services,HR Executive,3,Mumbai HO,Corporate,MGR071,Permanent,Naukri / Job Portal,44,3.6,37400,-0.0041,6.9,0,2,1,0.05
EMP12617,2023-01-07,Civil Execution,Site Helper,1,Nagpur Expressway Pkg-4,Highway,MGR060,Permanent,Employee Referral,34,4.7,17300,-0.0075,5.4,1,1,0,0.85
EMP12618,2019-08-02,Planning & Coordination,Planning Engineer,4,JNPA WOLP,Port Infrastructure,MGR111,Retainer,Campus Hiring,30,5.0,73800,0.2004,3.2,1,4,1,0.55
EMP12619,2026-07-18,Procurement,Procurement Executive,3,Pune Metro Reach-3,Metro,MGR043,Permanent,Naukri / Job Portal,33,3.8,43900,-0.067,47.3,0,3,0,0.25
EMP12620,2025-12-27,Planning & Coordination,Deputy Manager,5,Nagpur Expressway Pkg-4,Highway,MGR087,Permanent,Naukri / Job Portal,37,6.5,86400,-0.0459,12.2,1,4,1,0.85
EMP12621,2026-06-13,Civil Execution,Site Helper,1,Mantralaya Redevelopment,Government Building,MGR025,Permanent,Employee Referral,21,1.1,12800,-0.2343,5.2,0,1,1,0.15
EMP12622,2024-09-14,Civil Execution,Junior Engineer,2,JNPA WOLP,Port Infrastructure,MGR060,Permanent,Labour Contractor,31,1.9,17900,-0.3269,4.7,1,2,0,0.55
EMP12623,2025-11-08,Quality Assurance & Control,Deputy Manager,5,JNPA WOLP,Port Infrastructure,MGR079,Permanent,Employee Referral,48,8.1,91100,-0.0116,6.4,0,4,1,0.55
EMP12624,2023-12-09,Design & Engineering,Design Engineer,4,Bengaluru Tech Park,Commercial,MGR037,Retainer,Recruitment Consultancy,33,6.1,66500,0.0327,11.4,0,4,1,0.2
EMP12625,2023-09-23,MEP,Senior Engineer,4,Mantralaya Redevelopment,Government Building,MGR053,Apprentice / Trainee,Naukri / Job Portal,37,9.8,62600,-0.0966,5.8,0,4,1,0.15
EMP12626,2020-09-04,EHS,Deputy Manager,5,Nagpur Expressway Pkg-4,Highway,MGR093,Permanent,Recruitment Consultancy,32,7.6,73700,-0.1959,8.6,0,4,1,0.85
EMP12627,2023-11-18,Stores & Logistics,Site Helper,1,Ahmedabad Water Works,Water,MGR107,Fixed Term Contract,Employee Referral,27,0.1,13700,-0.1707,2.9,1,1,1,0.65
EMP12628,2024-04-20,HR & Admin,HR Executive,3,Mantralaya Redevelopment,Government Building,MGR104,Fixed Term Contract,Employee Referral,30,6.3,41600,0.0743,22.9,0,2,1,0.15
EMP12629,2022-11-13,Procurement,Deputy Manager,5,Pune Metro Reach-3,Metro,MGR115,Apprentice / Trainee,Employee Referral,34,7.4,102500,0.1207,27.3,0,4,1,0.25
EMP12630,2026-03-21,Business Support Services,Procurement Executive,3,JNPA WOLP,Port Infrastructure,MGR064,Permanent,Campus Hiring,34,4.5,37500,-0.2094,12.4,1,3,1,0.55
EMP12631,2020-12-17,Accounts & Finance,Deputy Manager,5,Nagpur Expressway Pkg-4,Highway,MGR053,Fixed Term Contract,Recruitment Consultancy,37,8.5,87400,-0.0558,2.6,1,4,1,0.85
EMP12632,2025-11-01,Stores & Logistics,Site Helper,1,Bengaluru Tech Park,Commercial,MGR073,Fixed Term Contract,Employee Referral,23,1.1,17500,0.0468,9.3,0,1,1,0.2
EMP12633,2023-09-30,Stores & Logistics,Site Helper,1,Mantralaya Redevelopment,Government Building,MGR028,Permanent,Labour Contractor,19,0.7,18600,0.1179,13.4,0,1,0,0.15
EMP12634,2024-07-13,Business Support Services,Accounts Officer,3,Mantralaya Redevelopment,Government Building,MGR107,Permanent,Naukri / Job Portal,31,3.7,35300,-0.0865,25.4,0,2,0,0.15
EMP12635,2024-03-23,Civil Execution,Senior Engineer,4,Mumbai HO,Corporate,MGR064,Permanent,Labour Contractor,39,5.9,68900,0.0378,6.5,0,4,1,0.05
EMP12636,2019-09-26,HR & Admin,HR Executive,3,Mumbai HO,Corporate,MGR017,Retainer,Naukri / Job Portal,40,3.5,32200,-0.1416,2.0,0,2,1,0.05
EMP12637,2019-12-22,Accounts & Finance,Deputy Manager,5,Pune Metro Reach-3,Metro,MGR117,Fixed Term Contract,Naukri / Job Portal,38,6.4,81400,-0.1001,10.7,0,4,0,0.25
EMP12638,2024-07-06,Civil Execution,Project Manager,6,JNPA WOLP,Port Infrastructure,MGR004,Permanent,Recruitment Consultancy,33,7.7,125700,-0.101,2.8,1,5,1,0.55
EMP12639,2021-01-20,Civil Execution,Construction Manager,5,Nagpur Expressway Pkg-4,Highway,MGR099,Fixed Term Contract,Employee Referral,58,8.1,94900,-0.099,3.0,1,5,1,0.85
EMP12640,2026-05-09,Business Support Services,Procurement Executive,3,Delhi NCR Logistics Hub,Industrial,MGR098,Permanent,Naukri / Job Portal,36,8.0,63600,0.2895,37.2,0,3,1,0.45
EMP12641,2021-05-09,Planning & Coordination,Senior Engineer,4,Pune Metro Reach-3,Metro,MGR009,Fixed Term Contract,Employee Referral,30,8.0,60300,-0.1126,2.8,0,4,0,0.25
EMP12642,2023-04-29,Quality Assurance & Control,Deputy Manager,5,Mantralaya Redevelopment,Government Building,MGR072,Apprentice / Trainee,Employee Referral,45,6.4,72000,-0.204,21.0,0,4,1,0.15
EMP12643,2026-01-03,Civil Execution,Construction Manager,5,JNPA WOLP,Port Infrastructure,MGR069,Permanent,Naukri / Job Portal,58,7.8,119200,0.1354,46.9,0,5,1,0.55
EMP12644,2021-04-10,Civil Execution,Construction Manager,5,Bengaluru Tech Park,Commercial,MGR038,Permanent,Naukri / Job Portal,40,7.5,107000,0.0226,9.2,0,5,0,0.2
EMP12645,2026-08-08,Civil Execution,Site Engineer,3,Nagpur Expressway Pkg-4,Highway,MGR093,Permanent,Naukri / Job Portal,25,4.3,36500,-0.1534,1.9,1,3,1,0.85
EMP12646,2023-09-09,Planning & Coordination,Senior Engineer,4,Nagpur Expressway Pkg-4,Highway,MGR064,Fixed Term Contract,Recruitment Consultancy,36,9.4,65800,-0.0463,2.3,1,4,0,0.85
EMP12647,2021-08-29,Stores & Logistics,Supervisor,2,JNPA WOLP,Port Infrastructure,MGR003,Fixed Term Contract,Labour Contractor,28,3.0,38100,0.2681,3.0,1,2,0,0.55
EMP12648,2021-06-23,Business Support Services,Procurement Executive,3,Delhi NCR Logistics Hub,Industrial,MGR047,Fixed Term Contract,Labour Contractor,33,5.7,45500,-0.0536,10.9,0,3,0,0.45
EMP12649,2024-10-12,Civil Execution,Site Engineer,3,Mumbai HO,Corporate,MGR116,Permanent,Naukri / Job Portal,32,6.2,36700,-0.1669,38.7,0,3,1,0.05
EMP12650,2024-09-28,HR & Admin,HR Executive,3,Ahmedabad Water Works,Water,MGR006,Permanent,Labour Contractor,34,5.7,26500,-0.311,3.1,1,2,0,0.65
EMP12651,2020-08-10,EHS,Deputy Manager,5,JNPA WOLP,Port Infrastructure,MGR004,Permanent,Recruitment Consultancy,32,9.9,100400,0.0683,6.1,1,4,1,0.55
EMP12652,2025-05-10,Accounts & Finance,Deputy Manager,5,Delhi NCR Logistics Hub,Industrial,MGR092,Fixed Term Contract,Recruitment Consultancy,29,8.3,63600,-0.3114,15.2,0,4,1,0.45
EMP12653,2021-07-29,Design & Engineering,Deputy Manager,5,Bengaluru Tech Park,Commercial,MGR098,Permanent,Recruitment Consultancy,35,8.4,80600,-0.1283,13.0,0,4,0,0.2
EMP12654,2022-05-03,Stores & Logistics,Deputy Manager,5,Delhi NCR Logistics Hub,Industrial,MGR023,Permanent,Employee Referral,38,8.0,91900,-0.0018,8.7,1,4,1,0.45
EMP12655,2022-07-15,Planning & Coordination,Planning Engineer,4,Pune Metro Reach-3,Metro,MGR077,Fixed Term Contract,Campus Hiring,53,4.9,54200,-0.1174,12.0,0,4,1,0.25
EMP12656,2024-11-23,EHS,Supervisor,2,Mumbai HO,Corporate,MGR011,Fixed Term Contract,Employee Referral,32,2.8,34000,0.1343,8.1,0,2,1,0.05
EMP12657,2021-04-14,HR & Admin,HR Executive,3,JNPA WOLP,Port Infrastructure,MGR006,Permanent,Employee Referral,26,4.1,32600,-0.1369,3.1,1,2,1,0.55
EMP12658,2020-06-22,Business Support Services,Accounts Officer,3,Mumbai HO,Corporate,MGR109,Permanent,Naukri / Job Portal,22,3.5,41400,0.0738,6.0,0,2,0,0.05
EMP12659,2024-04-13,Design & Engineering,Design Engineer,4,Ahmedabad Water Works,Water,MGR003,Retainer,Naukri / Job Portal,30,8.0,56900,-0.1347,2.1,1,4,0,0.65
EMP12660,2024-11-30,HR & Admin,Deputy Manager,5,Delhi NCR Logistics Hub,Industrial,MGR013,Fixed Term Contract,Naukri / Job Portal,40,6.2,97900,0.0848,0.7,1,4,1,0.45
EMP12661,2024-08-10,Planning & Coordination,Deputy Manager,5,Nagpur Expressway Pkg-4,Highway,MGR024,Fixed Term Contract,Internal Transfer,37,6.5,114200,0.2612,0.9,1,4,1,0.85
EMP12662,2019-09-06,Accounts & Finance,Deputy Manager,5,Mumbai HO,Corporate,MGR028,Fixed Term Contract,Recruitment Consultancy,26,6.7,97200,0.071,24.6,0,4,0,0.05
EMP12663,2024-08-31,Business Support Services,Procurement Executive,3,JNPA WOLP,Port Infrastructure,MGR074,Fixed Term Contract,Recruitment Consultancy,30,3.1,46800,0.0027,75.4,0,3,0,0.55
EMP12664,2023-05-13,Planning & Coordination,Deputy Manager,5,Delhi NCR Logistics Hub,Industrial,MGR109,Fixed Term Contract,Recruitment Consultancy,44,9.6,105000,0.1209,16.2,0,4,1,0.45
EMP12665,2023-08-05,Civil Execution,Site Engineer,3,Ahmedabad Water Works,Water,MGR064,Permanent,Naukri / Job Portal,31,3.4,49600,0.1623,9.5,1,3,1,0.65
EMP12666,2022-10-10,Planning & Coordination,Senior Engineer,4,Mantralaya Redevelopment,Government Building,MGR066,Permanent,Naukri / Job Portal,31,5.4,83500,0.2648,4.0,0,4,0,0.15
EMP12667,2026-05-02,Procurement,Deputy Manager,5,Mumbai HO,Corporate,MGR061,Fixed Term Contract,Recruitment Consultancy,44,7.1,107500,0.1793,2.2,0,4,1,0.05
EMP12668,2026-06-27,HR & Admin,Deputy Manager,5,Mumbai HO,Corporate,MGR049,Permanent,Recruitment Consultancy,29,6.9,106200,0.1676,15.9,0,4,1,0.05
EMP12669,2026-02-28,Design & Engineering,Deputy Manager,5,Bengaluru Tech Park,Commercial,MGR032,Fixed Term Contract,Naukri / Job Portal,46,6.3,79400,-0.1212,2.1,0,4,1,0.2
EMP12670,2026-03-07,MEP,Deputy Manager,5,JNPA WOLP,Port Infrastructure,MGR038,Permanent,Naukri / Job Portal,31,7.6,122100,0.3321,1.4,1,4,1,0.55
EMP12671,2025-04-05,Civil Execution,Junior Engineer,2,JNPA WOLP,Port Infrastructure,MGR035,Fixed Term Contract,Recruitment Consultancy,25,1.8,31800,0.1972,0.9,1,2,0,0.55
EMP12672,2021-11-10,MEP,Site Engineer,3,Bengaluru Tech Park,Commercial,MGR032,Fixed Term Contract,Employee Referral,21,4.6,35700,-0.1748,5.5,0,3,0,0.2
EMP12673,2019-09-12,Civil Execution,Junior Engineer,2,Mumbai HO,Corporate,MGR073,Apprentice / Trainee,Labour Contractor,31,3.7,19500,-0.2819,6.1,0,2,0,0.05
EMP12674,2023-12-02,Design & Engineering,Design Engineer,4,Mumbai HO,Corporate,MGR082,Permanent,Recruitment Consultancy,31,10.4,65100,-0.0354,1.8,0,4,1,0.05
EMP12675,2024-10-26,MEP,Junior Engineer,2,Mantralaya Redevelopment,Government Building,MGR052,Permanent,Employee Referral,28,4.0,25400,-0.0678,9.1,0,2,1,0.15
EMP12676,2021-10-13,Procurement,Procurement Executive,3,Bengaluru Tech Park,Commercial,MGR013,Apprentice / Trainee,Recruitment Consultancy,26,4.1,42300,-0.1041,7.0,0,3,0,0.2
EMP12677,2019-03-13,EHS,Safety Officer,3,Pune Metro Reach-3,Metro,MGR091,Permanent,Recruitment Consultancy,35,4.0,30000,-0.266,27.4,0,3,1,0.25
EMP12678,2023-11-04,Civil Execution,Site Engineer,3,Pune Metro Reach-3,Metro,MGR095,Apprentice / Trainee,Labour Contractor,35,4.6,41000,-0.0523,22.0,0,3,1,0.25
EMP12679,2021-02-20,EHS,Safety Officer,3,Delhi NCR Logistics Hub,Industrial,MGR090,Fixed Term Contract,Employee Referral,28,3.3,27800,-0.3143,2.8,1,3,1,0.45
EMP12680,2023-08-19,Design & Engineering,Deputy Manager,5,Pune Metro Reach-3,Metro,MGR065,Permanent,Employee Referral,34,10.5,100200,0.0594,20.5,0,4,1,0.25
EMP12681,2026-08-01,Stores & Logistics,Site Helper,1,Ahmedabad Water Works,Water,MGR018,Permanent,Labour Contractor,24,1.0,18100,0.084,14.2,0,1,0,0.65
EMP12682,2022-11-27,Planning & Coordination,Senior Engineer,4,JNPA WOLP,Port Infrastructure,MGR009,Permanent,Naukri / Job Portal,31,4.8,61900,-0.056,4.0,1,4,0,0.55
EMP12683,2019-06-19,Quality Assurance & Control,QA/QC Engineer,3,Nagpur Expressway Pkg-4,Highway,MGR005,Fixed Term Contract,Labour Contractor,32,4.6,53600,0.1545,8.6,1,3,0,0.85
EMP12684,2020-10-08,Business Support Services,HR Executive,3,Bengaluru Tech Park,Commercial,MGR057,Fixed Term Contract,Labour Contractor,27,4.7,30700,-0.1928,9.8,0,2,0,0.2
EMP12685,2021-10-20,Quality Assurance & Control,QA/QC Engineer,3,Bengaluru Tech Park,Commercial,MGR030,Permanent,Campus Hiring,30,4.0,51100,0.1082,2.7,0,3,1,0.2
EMP12686,2021-09-14,Civil Execution,Junior Engineer,2,Delhi NCR Logistics Hub,Industrial,MGR083,Fixed Term Contract,Labour Contractor,27,3.3,23400,-0.1343,3.8,0,2,0,0.45
EMP12687,2020-08-23,Civil Execution,Senior Engineer,4,Pune Metro Reach-3,Metro,MGR108,Retainer,Employee Referral,43,8.6,72500,0.06,2.2,0,4,1,0.25
EMP12688,2024-03-16,Quality Assurance & Control,QA/QC Engineer,3,Ahmedabad Water Works,Water,MGR116,Fixed Term Contract,Campus Hiring,36,3.2,45600,-0.002,9.7,0,3,1,0.65
EMP12689,2024-07-06,Quality Assurance & Control,Deputy Manager,5,JNPA WOLP,Port Infrastructure,MGR018,Permanent,Recruitment Consultancy,42,7.5,79800,-0.1284,8.5,1,4,1,0.55
EMP12690,2025-12-06,Procurement,Procurement Executive,3,Ahmedabad Water Works,Water,MGR055,Permanent,Naukri / Job Portal,21,4.0,49300,0.0454,2.4,1,3,1,0.65
EMP12691,2026-02-07,Business Support Services,Accounts Officer,3,Nagpur Expressway Pkg-4,Highway,MGR052,Permanent,Labour Contractor,41,4.5,34600,-0.1128,3.2,1,2,0,0.85
EMP12692,2021-04-11,Civil Execution,Senior Engineer,4,Bengaluru Tech Park,Commercial,MGR002,Permanent,Naukri / Job Portal,41,4.6,61600,-0.0584,10.9,0,4,1,0.2
EMP12693,2023-06-03,EHS,Deputy Manager,5,Delhi NCR Logistics Hub,Industrial,MGR092,Permanent,Employee Referral,52,6.8,89500,-0.0149,1.5,1,4,1,0.45
EMP12694,2021-08-17,Stores & Logistics,Store Officer,2,Ahmedabad Water Works,Water,MGR022,Permanent,Employee Referral,26,3.9,30500,0.0406,6.4,1,2,1,0.65
EMP12695,2024-08-24,EHS,Safety Officer,3,Mantralaya Redevelopment,Government Building,MGR094,Fixed Term Contract,Walk-in / Site Gate,38,4.0,40200,-0.0164,4.4,0,3,0,0.15
EMP12696,2023-11-18,MEP,Site Engineer,3,Mantralaya Redevelopment,Government Building,MGR014,Apprentice / Trainee,Internal Transfer,49,7.4,42400,-0.0502,25.6,0,3,1,0.15
EMP12697,2026-01-03,Stores & Logistics,Supervisor,2,JNPA WOLP,Port Infrastructure,MGR119,Fixed Term Contract,Labour Contractor,26,2.1,28700,-0.0347,17.9,0,2,0,0.55
EMP12698,2021-12-17,Procurement,Deputy Manager,5,Ahmedabad Water Works,Water,MGR085,Fixed Term Contract,Recruitment Consultancy,43,6.4,79000,-0.1266,0.9,1,4,1,0.65
EMP12699,2025-08-30,MEP,Junior Engineer,2,Delhi NCR Logistics Hub,Industrial,MGR005,Fixed Term Contract,Naukri / Job Portal,31,2.2,25700,-0.037,1.6,1,2,0,0.45
EMP12700,2023-09-09,Accounts & Finance,Deputy Manager,5,Mumbai HO,Corporate,MGR008,Fixed Term Contract,Recruitment Consultancy,37,8.3,84300,-0.0873,6.0,0,4,0,0.05
EMP12701,2025-06-07,EHS,Deputy Manager,5,Ahmedabad Water Works,Water,MGR056,Permanent,Recruitment Consultancy,54,7.0,92400,0.0148,12.5,0,4,0,0.65
EMP12702,2021-05-21,EHS,Safety Officer,3,Pune Metro Reach-3,Metro,MGR020,Fixed Term Contract,Naukri / Job Portal,22,4.6,40400,-0.0183,7.4,0,3,1,0.25
EMP12703,2019-04-12,Quality Assurance & Control,Deputy Manager,5,Pune Metro Reach-3,Metro,MGR031,Permanent,Naukri / Job Portal,56,6.9,92900,0.0214,9.0,0,4,0,0.25
EMP12704,2026-02-21,Civil Execution,Senior Engineer,4,Bengaluru Tech Park,Commercial,MGR059,Permanent,Labour Contractor,24,5.8,55300,-0.1661,7.8,0,4,0,0.2
EMP12705,2026-03-07,EHS,Safety Officer,3,Mumbai HO,Corporate,MGR050,Permanent,Labour Contractor,42,4.9,33300,-0.1936,4.7,0,3,0,0.05
EMP12706,2024-08-03,MEP,Senior Engineer,4,JNPA WOLP,Port Infrastructure,MGR092,Permanent,Employee Referral,35,5.9,66600,0.0032,9.0,1,4,1,0.55
EMP12707,2019-03-24,Civil Execution,Site Helper,1,Pune Metro Reach-3,Metro,MGR084,Fixed Term Contract,Walk-in / Site Gate,26,0.2,16400,-0.0084,15.3,0,1,0,0.25
EMP12708,2025-06-28,Civil Execution,Project Manager,6,Mumbai HO,Corporate,MGR005,Permanent,Naukri / Job Portal,39,8.8,142400,0.0062,10.5,0,5,0,0.05
EMP12709,2021-07-28,Quality Assurance & Control,QA/QC Engineer,3,Nagpur Expressway Pkg-4,Highway,MGR031,Permanent,Naukri / Job Portal,37,3.9,44700,-0.0295,1.0,1,3,0,0.85
EMP12710,2022-02-03,Civil Execution,Project Manager,6,Bengaluru Tech Park,Commercial,MGR008,Retainer,Employee Referral,41,8.8,153900,0.0875,6.6,0,5,1,0.2
EMP12711,2025-11-08,EHS,Supervisor,2,Bengaluru Tech Park,Commercial,MGR003,Permanent,Campus Hiring,25,3.0,36500,0.2149,13.1,0,2,1,0.2
EMP12712,2025-11-29,Procurement,Deputy Manager,5,Pune Metro Reach-3,Metro,MGR095,Fixed Term Contract,Recruitment Consultancy,45,6.1,73300,-0.1869,20.2,0,4,0,0.25
EMP12713,2025-03-22,Civil Execution,Site Engineer,3,Bengaluru Tech Park,Commercial,MGR093,Retainer,Campus Hiring,38,3.4,53300,0.249,7.4,0,3,1,0.2
EMP12714,2025-07-05,Procurement,Deputy Manager,5,JNPA WOLP,Port Infrastructure,MGR004,Apprentice / Trainee,Employee Referral,33,7.2,105000,0.1506,39.4,0,4,1,0.55
EMP12715,2020-03-02,MEP,Senior Engineer,4,Delhi NCR Logistics Hub,Industrial,MGR079,Fixed Term Contract,Recruitment Consultancy,28,6.4,65000,-0.0264,2.8,1,4,0,0.45
EMP12716,2023-12-02,Design & Engineering,Design Engineer,4,Mumbai HO,Corporate,MGR056,Retainer,Internal Transfer,45,5.0,52100,-0.1808,28.9,0,4,1,0.05
EMP12717,2024-02-17,Design & Engineering,Senior Engineer,4,Nagpur Expressway Pkg-4,Highway,MGR034,Permanent,Naukri / Job Portal,34,6.3,65300,-0.0208,7.5,1,4,1,0.85
EMP12718,2020-10-15,Civil Execution,Construction Manager,5,Bengaluru Tech Park,Commercial,MGR056,Permanent,Recruitment Consultancy,47,7.6,125000,0.1933,9.3,0,5,0,0.2
EMP12719,2023-04-22,Civil Execution,Construction Manager,5,Delhi NCR Logistics Hub,Industrial,MGR061,Fixed Term Contract,Naukri / Job Portal,36,11.4,106200,-0.0269,5.2,0,5,0,0.45
EMP12720,2021-11-02,HR & Admin,Deputy Manager,5,Mantralaya Redevelopment,Government Building,MGR073,Permanent,Recruitment Consultancy,44,6.2,91300,0.0116,22.6,0,4,1,0.15
EMP12721,2024-02-10,Quality Assurance & Control,Deputy Manager,5,JNPA WOLP,Port Infrastructure,MGR114,Retainer,Recruitment Consultancy,40,6.5,117000,0.2921,1.5,1,4,1,0.55
EMP12722,2025-10-11,Civil Execution,Senior Engineer,4,Nagpur Expressway Pkg-4,Highway,MGR099,Fixed Term Contract,Employee Referral,31,5.2,66000,0.002,5.7,1,4,1,0.85
EMP12723,2023-11-25,HR & Admin,HR Executive,3,Delhi NCR Logistics Hub,Industrial,MGR111,Permanent,Campus Hiring,19,5.5,47700,0.243,1.3,1,2,0,0.45
EMP12724,2024-06-08,Business Support Services,Accounts Officer,3,Delhi NCR Logistics Hub,Industrial,MGR070,Permanent,Recruitment Consultancy,30,9.7,32300,-0.218,1.4,1,2,0,0.45
EMP12725,2019-09-01,MEP,Site Engineer,3,JNPA WOLP,Port Infrastructure,MGR091,Permanent,Employee Referral,23,4.1,42900,-0.0027,7.9,1,3,1,0.55
EMP12726,2024-08-31,Business Support Services,Procurement Executive,3,Ahmedabad Water Works,Water,MGR027,Apprentice / Trainee,Labour Contractor,34,4.1,52500,0.112,0.5,1,3,1,0.65
EMP12727,2020-01-01,Planning & Coordination,Deputy Manager,5,JNPA WOLP,Port Infrastructure,MGR082,Permanent,Recruitment Consultancy,43,7.7,100800,0.0985,1.3,1,4,1,0.55
EMP12728,2023-09-02,MEP,Junior Engineer,2,Mantralaya Redevelopment,Government Building,MGR062,Permanent,Walk-in / Site Gate,33,2.3,22200,-0.1691,25.0,0,2,0,0.15
EMP12729,2024-10-12,Civil Execution,Project Manager,6,Nagpur Expressway Pkg-4,Highway,MGR006,Fixed Term Contract,Naukri / Job Portal,46,7.9,147000,0.049,6.9,1,5,1,0.85
EMP12730,2026-01-24,Civil Execution,Supervisor,2,Delhi NCR Logistics Hub,Industrial,MGR046,Permanent,Campus Hiring,19,2.4,29500,-0.0112,2.2,1,2,1,0.45
EMP12731,2025-10-18,Business Support Services,Procurement Executive,3,Bengaluru Tech Park,Commercial,MGR057,Fixed Term Contract,Recruitment Consultancy,26,5.6,44100,-0.0817,29.5,0,3,0,0.2
EMP12732,2025-08-16,Business Support Services,Procurement Executive,3,Nagpur Expressway Pkg-4,Highway,MGR101,Fixed Term Contract,Naukri / Job Portal,29,3.6,41500,-0.116,4.9,0,3,0,0.85
EMP12733,2025-08-16,Civil Execution,Supervisor,2,Nagpur Expressway Pkg-4,Highway,MGR042,Permanent,Recruitment Consultancy,31,3.2,31300,0.0394,2.6,1,2,0,0.85
EMP12734,2021-05-13,Quality Assurance & Control,QA/QC Engineer,3,Bengaluru Tech Park,Commercial,MGR093,Retainer,Recruitment Consultancy,35,3.7,58200,0.2665,25.4,0,3,0,0.2
EMP12735,2019-12-23,MEP,Deputy Manager,5,Bengaluru Tech Park,Commercial,MGR077,Permanent,Internal Transfer,36,6.2,89800,-0.005,14.1,0,4,1,0.2
EMP12736,2023-07-08,Quality Assurance & Control,QA/QC Engineer,3,Ahmedabad Water Works,Water,MGR036,Permanent,Employee Referral,29,4.0,50100,0.0865,14.1,1,3,1,0.65
EMP12737,2023-04-08,Civil Execution,Project Manager,6,Delhi NCR Logistics Hub,Industrial,MGR042,Retainer,Naukri / Job Portal,44,13.5,117200,-0.212,7.3,1,5,1,0.45
EMP12738,2019-04-18,Planning & Coordination,Senior Engineer,4,Mantralaya Redevelopment,Government Building,MGR012,Permanent,Labour Contractor,31,5.4,58800,-0.1093,3.8,0,4,0,0.15
EMP12739,2021-02-26,Business Support Services,Procurement Executive,3,JNPA WOLP,Port Infrastructure,MGR106,Permanent,Naukri / Job Portal,36,3.6,41000,-0.1266,10.3,0,3,0,0.55
EMP12740,2024-03-09,MEP,Deputy Manager,5,Bengaluru Tech Park,Commercial,MGR100,Permanent,Internal Transfer,43,6.5,77100,-0.1486,16.5,0,4,1,0.2
EMP12741,2019-08-08,Accounts & Finance,Accounts Officer,3,Pune Metro Reach-3,Metro,MGR059,Fixed Term Contract,Campus Hiring,38,4.5,45500,0.1667,16.2,0,2,0,0.25
EMP12742,2026-03-21,HR & Admin,HR Executive,3,Mumbai HO,Corporate,MGR019,Permanent,Labour Contractor,28,5.2,37600,-0.0169,19.4,0,2,0,0.05
EMP12743,2022-03-19,MEP,Junior Engineer,2,JNPA WOLP,Port Infrastructure,MGR072,Permanent,Employee Referral,25,1.7,26200,-0.0125,49.4,0,2,1,0.55
EMP12744,2024-12-21,HR & Admin,Deputy Manager,5,Nagpur Expressway Pkg-4,Highway,MGR062,Fixed Term Contract,Employee Referral,33,9.5,79800,-0.1472,11.7,1,4,1,0.85
EMP12745,2026-01-03,Quality Assurance & Control,Junior Engineer,2,JNPA WOLP,Port Infrastructure,MGR053,Fixed Term Contract,Campus Hiring,25,3.2,30300,0.1223,3.2,1,2,0,0.55
EMP12746,2025-08-09,Design & Engineering,Deputy Manager,5,Ahmedabad Water Works,Water,MGR110,Permanent,Recruitment Consultancy,43,7.2,73400,-0.1957,22.0,0,4,0,0.65
EMP12747,2023-01-08,Stores & Logistics,Site Helper,1,Nagpur Expressway Pkg-4,Highway,MGR090,Fixed Term Contract,Walk-in / Site Gate,29,0.7,17400,0.0458,1.5,1,1,1,0.85
EMP12748,2021-10-11,MEP,Junior Engineer,2,Mantralaya Redevelopment,Government Building,MGR021,Fixed Term Contract,Recruitment Consultancy,31,1.7,25300,-0.0464,14.4,0,2,1,0.15
EMP12749,2019-07-08,Quality Assurance & Control,Deputy Manager,5,Pune Metro Reach-3,Metro,MGR012,Fixed Term Contract,Naukri / Job Portal,31,8.2,101100,0.0957,32.9,0,4,1,0.25
EMP12750,2023-07-15,HR & Admin,HR Executive,3,Nagpur Expressway Pkg-4,Highway,MGR099,Permanent,Naukri / Job Portal,32,3.4,34400,-0.0819,3.5,1,2,0,0.85
EMP12751,2022-07-11,Quality Assurance & Control,QA/QC Engineer,3,Pune Metro Reach-3,Metro,MGR103,Fixed Term Contract,Labour Contractor,35,4.7,50900,0.0951,2.3,0,3,0,0.25
EMP12752,2022-03-24,Design & Engineering,Design Engineer,4,Pune Metro Reach-3,Metro,MGR042,Permanent,Internal Transfer,29,6.1,62800,-0.0247,43.5,0,4,1,0.25
EMP12753,2025-10-18,Planning & Coordination,Senior Engineer,4,Bengaluru Tech Park,Commercial,MGR104,Permanent,Naukri / Job Portal,38,5.7,56100,-0.1531,15.7,0,4,1,0.2
EMP12754,2023-07-29,Quality Assurance & Control,QA/QC Engineer,3,JNPA WOLP,Port Infrastructure,MGR029,Apprentice / Trainee,Recruitment Consultancy,22,8.1,40800,-0.1549,5.6,1,3,0,0.55
EMP12755,2024-04-13,MEP,Site Engineer,3,JNPA WOLP,Port Infrastructure,MGR023,Fixed Term Contract,Recruitment Consultancy,28,3.9,48400,0.1277,5.6,1,3,1,0.55
EMP12756,2025-01-11,Quality Assurance & Control,Junior Engineer,2,Delhi NCR Logistics Hub,Industrial,MGR064,Permanent,Labour Contractor,37,2.7,37000,0.3784,25.6,0,2,0,0.45
EMP12757,2024-10-05,Planning & Coordination,Senior Engineer,4,JNPA WOLP,Port Infrastructure,MGR077,Permanent,Naukri / Job Portal,43,5.5,66700,0.0092,6.0,0,4,1,0.55
EMP12758,2021-05-22,MEP,Senior Engineer,4,Bengaluru Tech Park,Commercial,MGR039,Fixed Term Contract,Internal Transfer,43,4.9,84500,0.2872,17.2,0,4,1,0.2
EMP12759,2024-02-10,EHS,Supervisor,2,Bengaluru Tech Park,Commercial,MGR096,Fixed Term Contract,Labour Contractor,28,1.9,33100,0.1159,33.0,0,2,0,0.2
EMP12760,2019-07-13,Civil Execution,Senior Engineer,4,Mantralaya Redevelopment,Government Building,MGR018,Retainer,Campus Hiring,32,6.6,57900,-0.1347,7.9,0,4,0,0.15
EMP12761,2023-07-29,Civil Execution,Site Helper,1,Nagpur Expressway Pkg-4,Highway,MGR106,Fixed Term Contract,Labour Contractor,26,0.6,18500,0.1132,42.1,0,1,0,0.85
EMP12762,2020-11-19,Design & Engineering,Deputy Manager,5,Mantralaya Redevelopment,Government Building,MGR074,Permanent,Internal Transfer,31,6.3,98400,0.0891,4.0,0,4,1,0.15
EMP12763,2026-03-14,Quality Assurance & Control,QA/QC Engineer,3,Bengaluru Tech Park,Commercial,MGR024,Fixed Term Contract,Recruitment Consultancy,38,3.8,52400,0.139,34.5,0,3,1,0.2
EMP12764,2019-03-20,Business Support Services,HR Executive,3,Pune Metro Reach-3,Metro,MGR046,Fixed Term Contract,Naukri / Job Portal,29,4.5,35400,-0.067,29.8,0,2,0,0.25
EMP12765,2025-08-23,Design & Engineering,Deputy Manager,5,Nagpur Expressway Pkg-4,Highway,MGR048,Permanent,Naukri / Job Portal,40,6.2,103800,0.1501,56.4,0,4,1,0.85
EMP12766,2019-08-29,Design & Engineering,Senior Engineer,4,Mumbai HO,Corporate,MGR101,Permanent,Recruitment Consultancy,28,9.7,65700,-0.0508,15.5,0,4,1,0.05
EMP12767,2025-03-15,MEP,Deputy Manager,5,JNPA WOLP,Port Infrastructure,MGR084,Permanent,Employee Referral,40,8.4,76100,-0.177,6.6,1,4,1,0.55
EMP12768,2025-10-11,Stores & Logistics,Supervisor,2,Nagpur Expressway Pkg-4,Highway,MGR099,Permanent,Employee Referral,38,2.4,30600,0.0256,1.6,1,2,1,0.85
EMP12769,2023-10-21,Civil Execution,Site Helper,1,Nagpur Expressway Pkg-4,Highway,MGR003,Permanent,Walk-in / Site Gate,21,0.5,12100,-0.271,2.1,1,1,1,0.85
EMP12770,2022-04-15,MEP,Senior Engineer,4,Nagpur Expressway Pkg-4,Highway,MGR040,Permanent,Naukri / Job Portal,40,6.1,58100,-0.1268,33.5,0,4,1,0.85
EMP12771,2022-02-23,MEP,Senior Engineer,4,Pune Metro Reach-3,Metro,MGR074,Fixed Term Contract,Walk-in / Site Gate,39,5.4,64400,-0.0245,23.3,0,4,0,0.25
EMP12772,2024-02-24,Design & Engineering,Design Engineer,4,Pune Metro Reach-3,Metro,MGR060,Apprentice / Trainee,Employee Referral,43,4.6,70900,0.1199,21.2,0,4,1,0.25
EMP12773,2023-09-23,Procurement,Deputy Manager,5,Delhi NCR Logistics Hub,Industrial,MGR009,Permanent,Internal Transfer,31,7.1,92400,0.0136,55.8,0,4,1,0.45
EMP12774,2025-10-18,Civil Execution,Site Helper,1,Ahmedabad Water Works,Water,MGR048,Apprentice / Trainee,Labour Contractor,31,1.5,17900,0.0657,5.6,0,1,0,0.65
EMP12775,2025-01-04,Design & Engineering,Senior Engineer,4,Bengaluru Tech Park,Commercial,MGR050,Permanent,Employee Referral,35,10.8,66500,-0.0505,27.0,0,4,1,0.2
EMP12776,2024-06-22,Civil Execution,Senior Engineer,4,Ahmedabad Water Works,Water,MGR043,Permanent,Campus Hiring,34,5.2,67000,0.0172,14.1,0,4,1,0.65
EMP12777,2020-01-23,Business Support Services,HR Executive,3,Mantralaya Redevelopment,Government Building,MGR076,Permanent,Recruitment Consultancy,36,3.3,27000,-0.2786,13.5,0,2,1,0.15
EMP12778,2026-01-31,EHS,Deputy Manager,5,Bengaluru Tech Park,Commercial,MGR061,Permanent,Recruitment Consultancy,38,8.8,75200,-0.1903,6.1,0,4,0,0.2
EMP12779,2024-05-25,Stores & Logistics,Deputy Manager,5,Bengaluru Tech Park,Commercial,MGR014,Fixed Term Contract,Naukri / Job Portal,32,7.0,88400,-0.0292,7.6,0,4,1,0.2
EMP12780,2021-07-16,Civil Execution,Construction Manager,5,Delhi NCR Logistics Hub,Industrial,MGR072,Permanent,Employee Referral,41,6.9,108100,0.0399,0.9,1,5,1,0.45
EMP12781,2026-05-16,Stores & Logistics,Site Helper,1,Nagpur Expressway Pkg-4,Highway,MGR116,Apprentice / Trainee,Labour Contractor,23,2.1,15100,-0.1073,14.0,1,1,0,0.85
EMP12782,2024-12-21,Stores & Logistics,Store Officer,2,Nagpur Expressway Pkg-4,Highway,MGR069,Permanent,Walk-in / Site Gate,27,2.4,34700,0.2046,8.5,1,2,1,0.85
EMP12783,2023-10-07,Planning & Coordination,Deputy Manager,5,Ahmedabad Water Works,Water,MGR012,Fixed Term Contract,Recruitment Consultancy,36,8.6,104600,0.1288,3.6,1,4,0,0.65
EMP12784,2023-08-12,Quality Assurance & Control,QA/QC Engineer,3,Mantralaya Redevelopment,Government Building,MGR100,Permanent,Naukri / Job Portal,37,5.2,41800,-0.1058,4.8,0,3,0,0.15
EMP12785,2020-12-11,Design & Engineering,Senior Engineer,4,Mantralaya Redevelopment,Government Building,MGR068,Permanent,Internal Transfer,44,5.3,77200,0.1707,7.3,0,4,1,0.15
EMP12786,2020-11-27,Stores & Logistics,Deputy Manager,5,Nagpur Expressway Pkg-4,Highway,MGR047,Permanent,Recruitment Consultancy,47,9.7,77000,-0.1789,3.3,1,4,1,0.85
EMP12787,2019-08-25,Accounts & Finance,Accounts Officer,3,Pune Metro Reach-3,Metro,MGR065,Fixed Term Contract,Internal Transfer,40,5.1,36600,-0.0679,44.2,0,2,1,0.25
EMP12788,2025-09-13,Procurement,Procurement Executive,3,Mumbai HO,Corporate,MGR030,Permanent,Employee Referral,42,6.2,51400,0.0631,18.9,0,3,1,0.05
EMP12789,2026-06-20,Business Support Services,Accounts Officer,3,Mantralaya Redevelopment,Government Building,MGR049,Apprentice / Trainee,Recruitment Consultancy,41,3.9,38800,0.0018,28.1,0,2,0,0.15
EMP12790,2025-12-20,Business Support Services,Procurement Executive,3,Mantralaya Redevelopment,Government Building,MGR016,Permanent,Labour Contractor,44,3.3,44500,-0.0488,15.0,0,3,0,0.15
EMP12791,2026-02-14,Stores & Logistics,Deputy Manager,5,Ahmedabad Water Works,Water,MGR014,Retainer,Naukri / Job Portal,36,6.8,99100,0.0908,50.1,0,4,1,0.65
EMP12792,2023-04-08,Civil Execution,Construction Manager,5,Bengaluru Tech Park,Commercial,MGR043,Permanent,Naukri / Job Portal,34,6.2,112900,0.0946,65.6,0,5,1,0.2
EMP12793,2023-04-01,MEP,Senior Engineer,4,Mantralaya Redevelopment,Government Building,MGR011,Permanent,Naukri / Job Portal,32,5.8,53700,-0.1902,5.9,0,4,1,0.15
EMP12794,2024-01-06,Stores & Logistics,Site Helper,1,Nagpur Expressway Pkg-4,Highway,MGR004,Fixed Term Contract,Labour Contractor,22,3.4,17100,-0.0043,4.2,1,1,1,0.85
EMP12795,2020-01-25,Planning & Coordination,Senior Engineer,4,Pune Metro Reach-3,Metro,MGR065,Permanent,Walk-in / Site Gate,31,10.3,66900,-0.0397,52.8,0,4,0,0.25
EMP12796,2023-11-18,MEP,Senior Engineer,4,Nagpur Expressway Pkg-4,Highway,MGR081,Fixed Term Contract,Recruitment Consultancy,26,6.3,54900,-0.1768,9.0,1,4,0,0.85
EMP12797,2026-03-21,Quality Assurance & Control,Junior Engineer,2,Pune Metro Reach-3,Metro,MGR086,Fixed Term Contract,Naukri / Job Portal,23,1.8,34200,0.2876,10.1,0,2,1,0.25
EMP12798,2025-10-25,Stores & Logistics,Deputy Manager,5,Pune Metro Reach-3,Metro,MGR017,Retainer,Recruitment Consultancy,35,7.2,100200,0.098,6.0,0,4,1,0.25
EMP12799,2019-12-10,Design & Engineering,Design Engineer,4,Mumbai HO,Corporate,MGR084,Fixed Term Contract,Labour Contractor,35,7.3,57500,-0.1189,9.0,0,4,0,0.05
EMP12800,2020-08-15,Procurement,Procurement Executive,3,Mumbai HO,Corporate,MGR081,Permanent,Recruitment Consultancy,34,4.2,41600,-0.1199,4.8,0,3,0,0.05
EMP12801,2026-05-30,HR & Admin,Deputy Manager,5,Pune Metro Reach-3,Metro,MGR062,Permanent,Recruitment Consultancy,47,6.8,98400,0.0831,27.7,0,4,1,0.25
EMP12802,2025-10-11,Procurement,Procurement Executive,3,Mumbai HO,Corporate,MGR108,Apprentice / Trainee,Internal Transfer,31,3.1,50600,0.0841,13.2,0,3,0,0.05
EMP12803,2019-09-14,Quality Assurance & Control,Junior Engineer,2,Ahmedabad Water Works,Water,MGR053,Permanent,Naukri / Job Portal,32,2.1,27300,0.0242,4.0,1,2,1,0.65
EMP12804,2026-02-28,Civil Execution,Junior Engineer,2,JNPA WOLP,Port Infrastructure,MGR084,Fixed Term Contract,Employee Referral,22,2.6,21000,-0.2167,11.0,0,2,1,0.55
EMP12805,2022-09-28,Stores & Logistics,Store Officer,2,Bengaluru Tech Park,Commercial,MGR044,Permanent,Naukri / Job Portal,28,5.2,34200,0.1497,23.0,0,2,0,0.2
EMP12806,2025-02-22,Design & Engineering,Senior Engineer,4,Mantralaya Redevelopment,Government Building,MGR092,Fixed Term Contract,Naukri / Job Portal,44,7.3,63700,-0.0553,17.9,0,4,0,0.15
EMP12807,2022-03-15,MEP,Deputy Manager,5,Delhi NCR Logistics Hub,Industrial,MGR103,Fixed Term Contract,Internal Transfer,32,8.1,96300,0.0449,1.8,0,4,1,0.45
EMP12808,2024-11-23,Procurement,Procurement Executive,3,Mumbai HO,Corporate,MGR022,Fixed Term Contract,Employee Referral,29,3.5,39300,-0.1619,13.9,0,3,1,0.05
EMP12809,2022-12-23,Design & Engineering,Senior Engineer,4,Bengaluru Tech Park,Commercial,MGR023,Fixed Term Contract,Labour Contractor,34,6.2,63000,-0.0542,26.3,0,4,1,0.2
EMP12810,2026-05-09,Civil Execution,Site Engineer,3,Pune Metro Reach-3,Metro,MGR041,Permanent,Employee Referral,31,7.4,44200,-0.0099,4.6,0,3,1,0.25
EMP12811,2024-03-02,Planning & Coordination,Deputy Manager,5,Pune Metro Reach-3,Metro,MGR106,Apprentice / Trainee,Employee Referral,42,11.3,83300,-0.1267,42.2,0,4,1,0.25
EMP12812,2023-06-17,Planning & Coordination,Deputy Manager,5,Nagpur Expressway Pkg-4,Highway,MGR001,Permanent,Employee Referral,43,6.9,80400,-0.116,6.1,1,4,1,0.85
EMP12813,2024-01-20,MEP,Junior Engineer,2,Bengaluru Tech Park,Commercial,MGR104,Permanent,Labour Contractor,32,3.2,27600,0.0223,13.3,0,2,0,0.2
EMP12814,2024-03-02,HR & Admin,HR Executive,3,Bengaluru Tech Park,Commercial,MGR023,Apprentice / Trainee,Labour Contractor,29,4.5,43500,0.1464,9.3,0,2,0,0.2
EMP12815,2020-07-16,Procurement,Procurement Executive,3,Mumbai HO,Corporate,MGR055,Permanent,Walk-in / Site Gate,30,3.9,41900,-0.1105,25.6,0,3,0,0.05
EMP12816,2024-05-04,Stores & Logistics,Store Officer,2,Ahmedabad Water Works,Water,MGR076,Fixed Term Contract,Recruitment Consultancy,32,3.3,26300,-0.0965,21.3,0,2,1,0.65
EMP12817,2023-11-04,Quality Assurance & Control,Junior Engineer,2,JNPA WOLP,Port Infrastructure,MGR011,Permanent,Walk-in / Site Gate,29,5.5,28200,0.0175,2.2,1,2,0,0.55
EMP12818,2021-07-03,Accounts & Finance,Deputy Manager,5,Ahmedabad Water Works,Water,MGR042,Permanent,Employee Referral,41,6.9,85700,-0.0578,2.0,1,4,1,0.65
EMP12819,2023-08-05,Civil Execution,Site Engineer,3,Mantralaya Redevelopment,Government Building,MGR084,Permanent,Labour Contractor,35,4.2,34600,-0.1966,16.0,0,3,0,0.15
EMP12820,2024-04-20,Design & Engineering,Deputy Manager,5,Mumbai HO,Corporate,MGR082,Fixed Term Contract,Naukri / Job Portal,39,10.8,79200,-0.1653,9.5,0,4,0,0.05
EMP12821,2026-04-18,Civil Execution,Senior Engineer,4,Delhi NCR Logistics Hub,Industrial,MGR057,Fixed Term Contract,Recruitment Consultancy,41,5.4,59600,-0.0972,2.2,0,4,1,0.45
EMP12822,2025-01-25,Civil Execution,Senior Engineer,4,JNPA WOLP,Port Infrastructure,MGR119,Fixed Term Contract,Internal Transfer,51,5.0,67000,0.0195,2.9,1,4,1,0.55
EMP12823,2024-04-06,Stores & Logistics,Deputy Manager,5,JNPA WOLP,Port Infrastructure,MGR029,Fixed Term Contract,Employee Referral,37,8.9,79900,-0.1406,2.4,1,4,0,0.55
EMP12824,2024-11-23,Design & Engineering,Senior Engineer,4,Mumbai HO,Corporate,MGR015,Permanent,Walk-in / Site Gate,26,8.4,67300,-0.0139,15.3,0,4,0,0.05
EMP12825,2022-01-05,Stores & Logistics,Supervisor,2,Nagpur Expressway Pkg-4,Highway,MGR088,Fixed Term Contract,Employee Referral,27,2.5,27800,-0.0693,4.8,1,2,0,0.85
EMP12826,2026-05-23,Business Support Services,HR Executive,3,Mumbai HO,Corporate,MGR022,Fixed Term Contract,Campus Hiring,23,3.3,37900,0.0127,18.3,0,2,1,0.05
EMP12827,2024-01-27,Quality Assurance & Control,Deputy Manager,5,JNPA WOLP,Port Infrastructure,MGR022,Permanent,Employee Referral,32,8.4,91400,-0.0115,50.3,0,4,1,0.55
EMP12828,2024-06-08,Quality Assurance & Control,Deputy Manager,5,Bengaluru Tech Park,Commercial,MGR089,Apprentice / Trainee,Employee Referral,46,9.5,101100,0.0804,31.3,0,4,1,0.2
EMP12829,2023-06-17,EHS,Supervisor,2,JNPA WOLP,Port Infrastructure,MGR090,Permanent,Labour Contractor,33,2.4,29800,-0.0012,27.7,0,2,0,0.55
EMP12830,2022-11-30,Stores & Logistics,Deputy Manager,5,Bengaluru Tech Park,Commercial,MGR087,Apprentice / Trainee,Naukri / Job Portal,41,8.4,61900,-0.3306,19.0,0,4,1,0.2
EMP12831,2023-04-01,Planning & Coordination,Planning Engineer,4,Mantralaya Redevelopment,Government Building,MGR113,Permanent,Employee Referral,41,6.7,65600,0.0469,17.9,0,4,1,0.15
EMP12832,2025-08-23,Stores & Logistics,Site Helper,1,Delhi NCR Logistics Hub,Industrial,MGR052,Fixed Term Contract,Walk-in / Site Gate,23,2.6,15300,-0.1008,1.6,0,1,1,0.45
EMP12833,2020-10-26,Accounts & Finance,Accounts Officer,3,Mumbai HO,Corporate,MGR055,Fixed Term Contract,Walk-in / Site Gate,31,6.4,40900,0.0266,14.7,0,2,1,0.05
EMP12834,2025-06-28,EHS,Supervisor,2,Pune Metro Reach-3,Metro,MGR114,Permanent,Naukri / Job Portal,29,2.7,26400,-0.1182,26.7,0,2,1,0.25
EMP12835,2025-11-01,Design & Engineering,Design Engineer,4,Pune Metro Reach-3,Metro,MGR082,Apprentice / Trainee,Recruitment Consultancy,31,6.3,63400,-0.0176,33.5,0,4,1,0.25
EMP12836,2025-07-19,Civil Execution,Junior Engineer,2,Delhi NCR Logistics Hub,Industrial,MGR076,Fixed Term Contract,Naukri / Job Portal,34,4.6,32200,0.1737,2.9,1,2,1,0.45
EMP12837,2026-03-07,Civil Execution,Senior Engineer,4,Mumbai HO,Corporate,MGR029,Permanent,Naukri / Job Portal,33,6.7,80300,0.1988,1.6,0,4,0,0.05
EMP12838,2025-08-23,MEP,Junior Engineer,2,JNPA WOLP,Port Infrastructure,MGR074,Fixed Term Contract,Recruitment Consultancy,25,4.3,33400,0.2216,1.4,1,2,1,0.55
EMP12839,2024-08-03,Quality Assurance & Control,Junior Engineer,2,JNPA WOLP,Port Infrastructure,MGR094,Fixed Term Contract,Employee Referral,20,2.3,30700,0.1491,3.4,0,2,1,0.55
EMP12840,2021-12-10,EHS,Deputy Manager,5,Nagpur Expressway Pkg-4,Highway,MGR020,Permanent,Recruitment Consultancy,51,6.9,70300,-0.2271,0.5,1,4,0,0.85
EMP12841,2023-04-29,Accounts & Finance,Deputy Manager,5,Mumbai HO,Corporate,MGR116,Permanent,Recruitment Consultancy,50,7.9,93300,0.0145,4.2,0,4,0,0.05
EMP12842,2024-07-06,Accounts & Finance,Deputy Manager,5,Mumbai HO,Corporate,MGR022,Fixed Term Contract,Naukri / Job Portal,40,9.9,95100,0.0119,2.0,0,4,0,0.05
EMP12843,2020-11-28,Civil Execution,Senior Engineer,4,Bengaluru Tech Park,Commercial,MGR085,Permanent,Walk-in / Site Gate,41,5.9,72400,0.0905,4.1,0,4,0,0.2
EMP12844,2023-09-09,Planning & Coordination,Planning Engineer,4,Mumbai HO,Corporate,MGR083,Permanent,Naukri / Job Portal,30,8.4,59300,-0.0712,3.2,0,4,0,0.05
EMP12845,2024-10-05,MEP,Senior Engineer,4,Mantralaya Redevelopment,Government Building,MGR102,Permanent,Campus Hiring,36,4.8,53900,-0.178,5.3,0,4,0,0.15
EMP12846,2024-03-02,Design & Engineering,Deputy Manager,5,Ahmedabad Water Works,Water,MGR102,Permanent,Employee Referral,33,7.0,78300,-0.1401,8.4,0,4,1,0.65
EMP12847,2025-05-24,Stores & Logistics,Site Helper,1,Nagpur Expressway Pkg-4,Highway,MGR003,Fixed Term Contract,Employee Referral,19,4.7,16500,-0.0534,4.5,1,1,1,0.85
EMP12848,2026-05-16,HR & Admin,HR Executive,3,Ahmedabad Water Works,Water,MGR112,Fixed Term Contract,Employee Referral,25,6.5,39400,0.0153,4.3,1,2,1,0.65
EMP12849,2024-04-06,Civil Execution,Site Helper,1,JNPA WOLP,Port Infrastructure,MGR019,Fixed Term Contract,Walk-in / Site Gate,23,3.3,19600,0.1426,49.8,0,1,0,0.55
EMP12850,2023-07-22,HR & Admin,HR Executive,3,Pune Metro Reach-3,Metro,MGR040,Fixed Term Contract,Employee Referral,23,4.7,36400,-0.0429,17.3,0,2,1,0.25
EMP12851,2023-08-19,Business Support Services,Accounts Officer,3,Pune Metro Reach-3,Metro,MGR001,Fixed Term Contract,Campus Hiring,40,4.9,38500,-0.0172,3.1,0,2,1,0.25
EMP12852,2025-06-14,Civil Execution,Supervisor,2,JNPA WOLP,Port Infrastructure,MGR107,Permanent,Naukri / Job Portal,26,3.1,30300,0.0074,4.6,1,2,0,0.55
EMP12853,2021-04-11,Design & Engineering,Design Engineer,4,Pune Metro Reach-3,Metro,MGR007,Fixed Term Contract,Recruitment Consultancy,33,5.0,65000,0.022,5.7,0,4,1,0.25
EMP12854,2024-08-17,Business Support Services,Accounts Officer,3,JNPA WOLP,Port Infrastructure,MGR008,Fixed Term Contract,Labour Contractor,21,5.3,40600,0.0317,1.8,1,2,0,0.55
EMP12855,2023-07-01,MEP,Senior Engineer,4,Mantralaya Redevelopment,Government Building,MGR023,Permanent,Internal Transfer,27,5.8,64100,-0.0334,7.3,0,4,1,0.15
EMP12856,2021-01-16,HR & Admin,Deputy Manager,5,Mantralaya Redevelopment,Government Building,MGR111,Retainer,Employee Referral,44,8.4,90300,-0.0234,8.4,0,4,0,0.15
EMP12857,2025-05-24,EHS,Safety Officer,3,JNPA WOLP,Port Infrastructure,MGR070,Fixed Term Contract,Recruitment Consultancy,30,3.4,43800,0.0791,0.7,1,3,1,0.55
EMP12858,2022-11-17,Design & Engineering,Senior Engineer,4,Mantralaya Redevelopment,Government Building,MGR046,Permanent,Walk-in / Site Gate,26,5.5,78500,0.1877,44.3,0,4,0,0.15
EMP12859,2022-01-13,EHS,Safety Officer,3,Mantralaya Redevelopment,Government Building,MGR055,Permanent,Labour Contractor,19,3.6,34700,-0.1471,3.3,0,3,0,0.15
EMP12860,2025-08-30,MEP,Senior Engineer,4,Bengaluru Tech Park,Commercial,MGR011,Permanent,Naukri / Job Portal,39,5.3,69000,0.0464,17.2,0,4,1,0.2
EMP12861,2021-03-17,Procurement,Procurement Executive,3,Pune Metro Reach-3,Metro,MGR107,Permanent,Naukri / Job Portal,26,3.5,39100,-0.1661,29.6,0,3,1,0.25
EMP12862,2024-07-27,Stores & Logistics,Supervisor,2,Ahmedabad Water Works,Water,MGR060,Fixed Term Contract,Naukri / Job Portal,35,2.7,33000,0.1022,6.5,1,2,0,0.65
EMP12863,2022-08-29,MEP,Deputy Manager,5,Pune Metro Reach-3,Metro,MGR044,Fixed Term Contract,Recruitment Consultancy,49,6.8,87000,-0.0424,11.3,0,4,1,0.25
EMP12864,2024-07-06,Civil Execution,Project Manager,6,Mantralaya Redevelopment,Government Building,MGR026,Permanent,Employee Referral,40,8.4,131200,-0.0689,23.1,0,5,1,0.15
EMP12865,2025-02-22,Planning & Coordination,Planning Engineer,4,Ahmedabad Water Works,Water,MGR076,Permanent,Naukri / Job Portal,33,6.1,55200,-0.1132,2.9,1,4,0,0.65
EMP12866,2025-01-25,Business Support Services,Accounts Officer,3,Ahmedabad Water Works,Water,MGR003,Apprentice / Trainee,Recruitment Consultancy,41,3.3,39200,0.0191,0.7,1,2,1,0.65
EMP12867,2021-02-03,Civil Execution,Supervisor,2,Mantralaya Redevelopment,Government Building,MGR075,Fixed Term Contract,Campus Hiring,26,2.3,28600,-0.0403,13.6,0,2,1,0.15
EMP12868,2019-09-04,Stores & Logistics,Supervisor,2,Ahmedabad Water Works,Water,MGR009,Fixed Term Contract,Naukri / Job Portal,23,2.1,37300,0.2546,1.2,1,2,0,0.65
EMP12869,2022-10-08,Stores & Logistics,Supervisor,2,JNPA WOLP,Port Infrastructure,MGR090,Fixed Term Contract,Labour Contractor,28,2.1,32100,0.0797,4.2,1,2,0,0.55
EMP12870,2023-05-27,EHS,Deputy Manager,5,Nagpur Expressway Pkg-4,Highway,MGR018,Permanent,Employee Referral,42,6.2,91300,0.0116,0.9,1,4,1,0.85
EMP12871,2023-05-20,Civil Execution,Site Engineer,3,Nagpur Expressway Pkg-4,Highway,MGR080,Permanent,Campus Hiring,26,5.8,42800,-0.024,8.9,1,3,1,0.85
EMP12872,2023-10-28,Civil Execution,Project Manager,6,Nagpur Expressway Pkg-4,Highway,MGR030,Permanent,Internal Transfer,29,8.7,158500,0.1212,43.7,0,5,0,0.85
EMP12873,2024-09-28,EHS,Deputy Manager,5,Pune Metro Reach-3,Metro,MGR026,Permanent,Recruitment Consultancy,44,8.8,98000,0.0552,7.2,0,4,0,0.25
EMP12874,2025-11-15,Accounts & Finance,Accounts Officer,3,Mumbai HO,Corporate,MGR101,Permanent,Naukri / Job Portal,34,5.3,38500,-0.0217,16.7,0,2,1,0.05
EMP12875,2026-07-25,Business Support Services,Procurement Executive,3,Delhi NCR Logistics Hub,Industrial,MGR007,Fixed Term Contract,Walk-in / Site Gate,30,6.6,39700,-0.1825,1.0,1,3,0,0.45
EMP12876,2022-12-14,MEP,Deputy Manager,5,Ahmedabad Water Works,Water,MGR001,Permanent,Naukri / Job Portal,44,6.3,112300,0.2429,12.1,1,4,1,0.65
EMP12877,2026-07-25,Planning & Coordination,Senior Engineer,4,Nagpur Expressway Pkg-4,Highway,MGR060,Fixed Term Contract,Naukri / Job Portal,48,5.8,66800,0.0073,2.9,1,4,0,0.85
EMP12878,2023-04-22,Procurement,Deputy Manager,5,Mantralaya Redevelopment,Government Building,MGR041,Permanent,Naukri / Job Portal,46,6.7,84700,-0.0667,30.1,0,4,0,0.15
EMP12879,2026-03-07,MEP,Site Engineer,3,Nagpur Expressway Pkg-4,Highway,MGR078,Apprentice / Trainee,Recruitment Consultancy,31,4.9,38800,-0.1062,9.9,0,3,1,0.85
EMP12880,2024-12-28,Business Support Services,Procurement Executive,3,Bengaluru Tech Park,Commercial,MGR102,Fixed Term Contract,Employee Referral,37,9.2,47300,-0.0534,13.7,0,3,1,0.2
EMP12881,2025-06-28,Quality Assurance & Control,Deputy Manager,5,Nagpur Expressway Pkg-4,Highway,MGR034,Apprentice / Trainee,Internal Transfer,44,6.6,75100,-0.1716,4.8,1,4,1,0.85
EMP12882,2019-02-23,Civil Execution,Senior Engineer,4,Bengaluru Tech Park,Commercial,MGR050,Fixed Term Contract,Recruitment Consultancy,39,6.0,77500,0.166,29.4,0,4,1,0.2
EMP12883,2023-11-04,HR & Admin,HR Executive,3,Bengaluru Tech Park,Commercial,MGR088,Permanent,Employee Referral,42,4.5,40400,0.0647,16.1,0,2,1,0.2
EMP12884,2025-02-08,Stores & Logistics,Site Helper,1,JNPA WOLP,Port Infrastructure,MGR001,Permanent,Labour Contractor,23,1.8,16800,-0.0033,38.9,0,1,0,0.55
EMP12885,2019-06-08,Design & Engineering,Senior Engineer,4,JNPA WOLP,Port Infrastructure,MGR045,Apprentice / Trainee,Internal Transfer,31,7.7,71300,0.0527,6.3,1,4,1,0.55
EMP12886,2025-10-04,Business Support Services,Accounts Officer,3,Bengaluru Tech Park,Commercial,MGR012,Fixed Term Contract,Naukri / Job Portal,24,3.7,37300,-0.0347,2.5,0,2,0,0.2
EMP12887,2023-02-13,Quality Assurance & Control,Junior Engineer,2,Bengaluru Tech Park,Commercial,MGR120,Fixed Term Contract,Walk-in / Site Gate,32,2.3,25600,-0.0418,9.8,0,2,0,0.2
EMP12888,2021-12-02,Design & Engineering,Deputy Manager,5,Mantralaya Redevelopment,Government Building,MGR037,Fixed Term Contract,Naukri / Job Portal,32,6.1,80900,-0.1026,20.0,0,4,0,0.15
EMP12889,2024-04-27,Business Support Services,HR Executive,3,Mantralaya Redevelopment,Government Building,MGR115,Fixed Term Contract,Campus Hiring,38,4.6,31400,-0.1734,9.3,0,2,0,0.15
EMP12890,2024-02-24,Stores & Logistics,Site Helper,1,Delhi NCR Logistics Hub,Industrial,MGR070,Fixed Term Contract,Labour Contractor,30,0.2,21200,0.2818,6.6,0,1,0,0.45
EMP12891,2026-01-17,Planning & Coordination,Planning Engineer,4,Delhi NCR Logistics Hub,Industrial,MGR060,Apprentice / Trainee,Naukri / Job Portal,46,5.2,61300,-0.0052,1.9,1,4,1,0.45
EMP12892,2025-06-28,MEP,Site Engineer,3,Nagpur Expressway Pkg-4,Highway,MGR093,Permanent,Recruitment Consultancy,21,5.2,49800,0.1433,13.2,0,3,0,0.85
EMP12893,2023-06-03,Design & Engineering,Deputy Manager,5,Mantralaya Redevelopment,Government Building,MGR113,Permanent,Recruitment Consultancy,43,6.3,76000,-0.1588,23.7,0,4,0,0.15
EMP12894,2026-03-28,Procurement,Procurement Executive,3,Delhi NCR Logistics Hub,Industrial,MGR048,Permanent,Labour Contractor,29,5.3,45200,-0.0556,31.1,0,3,0,0.45
EMP12895,2025-10-11,Civil Execution,Project Manager,6,Ahmedabad Water Works,Water,MGR117,Permanent,Recruitment Consultancy,42,10.2,164700,0.1464,3.3,1,5,1,0.65
EMP12896,2025-12-13,Civil Execution,Construction Manager,5,Nagpur Expressway Pkg-4,Highway,MGR039,Permanent,Recruitment Consultancy,30,7.4,110600,0.0581,7.8,1,5,0,0.85
EMP12897,2024-04-27,Civil Execution,Site Helper,1,Delhi NCR Logistics Hub,Industrial,MGR081,Fixed Term Contract,Labour Contractor,19,4.7,16200,-0.0706,14.2,0,1,0,0.45
EMP12898,2021-09-13,Design & Engineering,Deputy Manager,5,Bengaluru Tech Park,Commercial,MGR020,Permanent,Employee Referral,37,10.3,117900,0.2492,10.7,0,4,0,0.2
EMP12899,2024-11-30,Civil Execution,Construction Manager,5,JNPA WOLP,Port Infrastructure,MGR057,Permanent,Naukri / Job Portal,38,7.0,109500,0.0522,40.9,0,5,1,0.55
EMP12900,2022-03-24,Civil Execution,Site Engineer,3,Mantralaya Redevelopment,Government Building,MGR022,Permanent,Labour Contractor,34,4.3,46800,0.0855,5.0,0,3,0,0.15
EMP12901,2019-03-03,HR & Admin,HR Executive,3,Ahmedabad Water Works,Water,MGR101,Fixed Term Contract,Employee Referral,37,3.2,24800,-0.3366,6.4,1,2,1,0.65
EMP12902,2025-07-05,Civil Execution,Project Manager,6,Pune Metro Reach-3,Metro,MGR064,Fixed Term Contract,Employee Referral,34,9.8,150900,0.0549,23.6,0,5,1,0.25
EMP12903,2021-08-22,Business Support Services,HR Executive,3,Mumbai HO,Corporate,MGR047,Apprentice / Trainee,Walk-in / Site Gate,25,4.1,40500,0.0722,31.7,0,2,0,0.05
EMP12904,2021-12-15,Business Support Services,HR Executive,3,Mumbai HO,Corporate,MGR059,Fixed Term Contract,Recruitment Consultancy,25,6.4,44200,0.1402,21.8,0,2,1,0.05
EMP12905,2022-01-09,Civil Execution,Senior Engineer,4,Bengaluru Tech Park,Commercial,MGR039,Fixed Term Contract,Employee Referral,31,4.8,47400,-0.2771,10.7,0,4,1,0.2
EMP12906,2019-09-27,MEP,Senior Engineer,4,Bengaluru Tech Park,Commercial,MGR058,Permanent,Naukri / Job Portal,34,5.5,47000,-0.2889,8.9,0,4,0,0.2
EMP12907,2023-08-12,Business Support Services,Procurement Executive,3,Nagpur Expressway Pkg-4,Highway,MGR108,Fixed Term Contract,Recruitment Consultancy,40,3.1,56800,0.217,2.1,1,3,1,0.85
EMP12908,2024-01-20,Accounts & Finance,Deputy Manager,5,Mumbai HO,Corporate,MGR056,Retainer,Naukri / Job Portal,35,7.5,98500,0.0758,15.3,0,4,1,0.05
EMP12909,2020-11-23,Accounts & Finance,Accounts Officer,3,Mumbai HO,Corporate,MGR059,Permanent,Internal Transfer,23,5.1,38800,-0.0118,12.3,0,2,1,0.05
EMP12910,2025-11-08,Stores & Logistics,Deputy Manager,5,JNPA WOLP,Port Infrastructure,MGR107,Permanent,Recruitment Consultancy,46,6.9,89300,-0.0182,8.4,0,4,0,0.55
EMP12911,2025-01-18,Design & Engineering,Design Engineer,4,JNPA WOLP,Port Infrastructure,MGR032,Permanent,Naukri / Job Portal,34,5.9,74600,0.1611,6.7,1,4,1,0.55
EMP12912,2026-03-14,Planning & Coordination,Planning Engineer,4,Ahmedabad Water Works,Water,MGR120,Permanent,Naukri / Job Portal,32,5.4,51700,-0.1629,47.4,0,4,1,0.65
EMP12913,2024-11-16,Stores & Logistics,Site Helper,1,Pune Metro Reach-3,Metro,MGR002,Fixed Term Contract,Walk-in / Site Gate,31,1.4,14300,-0.1477,12.4,0,1,0,0.25
EMP12914,2024-03-16,EHS,Safety Officer,3,JNPA WOLP,Port Infrastructure,MGR101,Apprentice / Trainee,Naukri / Job Portal,26,4.8,41100,-0.0035,6.2,1,3,0,0.55
EMP12915,2025-02-01,Quality Assurance & Control,QA/QC Engineer,3,Bengaluru Tech Park,Commercial,MGR005,Permanent,Campus Hiring,39,4.5,41600,-0.103,5.2,0,3,0,0.2
EMP12916,2025-03-01,Procurement,Deputy Manager,5,Mantralaya Redevelopment,Government Building,MGR056,Permanent,Naukri / Job Portal,28,7.0,80100,-0.1203,3.1,0,4,0,0.15
EMP12917,2024-02-10,Stores & Logistics,Deputy Manager,5,Bengaluru Tech Park,Commercial,MGR113,Fixed Term Contract,Recruitment Consultancy,41,6.6,98600,0.0877,10.0,0,4,1,0.2
EMP12918,2020-01-19,EHS,Supervisor,2,Ahmedabad Water Works,Water,MGR110,Permanent,Employee Referral,26,2.8,29500,-0.0158,1.4,1,2,1,0.65
EMP12919,2025-11-15,Civil Execution,Junior Engineer,2,Bengaluru Tech Park,Commercial,MGR037,Fixed Term Contract,Walk-in / Site Gate,27,6.1,23800,-0.1471,12.7,0,2,0,0.2
EMP12920,2025-08-23,Quality Assurance & Control,QA/QC Engineer,3,Bengaluru Tech Park,Commercial,MGR058,Permanent,Employee Referral,36,3.5,50200,0.0949,37.7,0,3,1,0.2
EMP12921,2025-12-06,Planning & Coordination,Senior Engineer,4,Mumbai HO,Corporate,MGR079,Permanent,Labour Contractor,30,6.2,65400,-0.0182,4.6,0,4,0,0.05
EMP12922,2022-01-26,Business Support Services,Accounts Officer,3,Mantralaya Redevelopment,Government Building,MGR087,Permanent,Naukri / Job Portal,34,3.5,32400,-0.1596,2.4,0,2,0,0.15
EMP12923,2026-03-21,MEP,Site Engineer,3,Nagpur Expressway Pkg-4,Highway,MGR003,Permanent,Recruitment Consultancy,29,4.9,37200,-0.1431,38.0,0,3,0,0.85
EMP12924,2024-04-06,Civil Execution,Site Helper,1,Ahmedabad Water Works,Water,MGR031,Fixed Term Contract,Labour Contractor,21,3.0,16900,-0.0113,19.0,0,1,1,0.65
EMP12925,2026-06-13,Planning & Coordination,Deputy Manager,5,Pune Metro Reach-3,Metro,MGR113,Permanent,Employee Referral,34,9.5,93400,-0.0019,16.2,0,4,1,0.25
EMP12926,2026-06-06,Planning & Coordination,Senior Engineer,4,Mantralaya Redevelopment,Government Building,MGR035,Permanent,Employee Referral,41,5.1,67000,0.0183,5.0,0,4,1,0.15
EMP12927,2024-05-11,Civil Execution,Site Engineer,3,Ahmedabad Water Works,Water,MGR110,Permanent,Naukri / Job Portal,36,3.3,41800,-0.0193,3.5,0,3,1,0.65
EMP12928,2025-12-27,Civil Execution,Site Helper,1,Bengaluru Tech Park,Commercial,MGR072,Fixed Term Contract,Labour Contractor,30,0.9,15800,-0.0527,2.2,0,1,0,0.2
EMP12929,2025-10-18,HR & Admin,Deputy Manager,5,Bengaluru Tech Park,Commercial,MGR083,Apprentice / Trainee,Internal Transfer,33,7.7,109400,0.1922,6.7,0,4,1,0.2
EMP12930,2021-05-03,Quality Assurance & Control,Junior Engineer,2,Delhi NCR Logistics Hub,Industrial,MGR022,Fixed Term Contract,Naukri / Job Portal,22,2.7,28200,0.0506,2.9,1,2,1,0.45
EMP12931,2021-01-28,EHS,Safety Officer,3,Nagpur Expressway Pkg-4,Highway,MGR061,Permanent,Recruitment Consultancy,31,4.4,40600,-0.0112,6.5,0,3,1,0.85
EMP12932,2026-04-18,Civil Execution,Supervisor,2,Delhi NCR Logistics Hub,Industrial,MGR016,Permanent,Recruitment Consultancy,32,3.5,28600,-0.0535,15.6,0,2,1,0.45
EMP12933,2021-06-03,Procurement,Procurement Executive,3,Nagpur Expressway Pkg-4,Highway,MGR032,Permanent,Recruitment Consultancy,36,4.6,43000,-0.0944,14.7,1,3,0,0.85
EMP12934,2024-11-02,Civil Execution,Site Helper,1,Mumbai HO,Corporate,MGR097,Fixed Term Contract,Labour Contractor,20,2.8,18000,0.0554,2.4,0,1,0,0.05
EMP12935,2023-05-06,Stores & Logistics,Supervisor,2,Pune Metro Reach-3,Metro,MGR104,Fixed Term Contract,Labour Contractor,33,1.8,32000,0.0801,17.8,0,2,0,0.25
EMP12936,2024-04-20,MEP,Site Engineer,3,Delhi NCR Logistics Hub,Industrial,MGR027,Permanent,Naukri / Job Portal,37,5.1,37100,-0.1473,32.1,0,3,1,0.45
EMP12937,2019-06-10,MEP,Deputy Manager,5,Nagpur Expressway Pkg-4,Highway,MGR116,Retainer,Recruitment Consultancy,32,6.4,93600,0.0348,6.1,1,4,1,0.85
EMP12938,2022-01-18,Business Support Services,Accounts Officer,3,JNPA WOLP,Port Infrastructure,MGR010,Apprentice / Trainee,Labour Contractor,32,3.3,38900,0.0113,26.7,0,2,0,0.55
EMP12939,2020-02-21,Accounts & Finance,Deputy Manager,5,Bengaluru Tech Park,Commercial,MGR100,Apprentice / Trainee,Naukri / Job Portal,40,10.3,105500,0.1178,14.8,0,4,0,0.2
EMP12940,2022-11-15,Accounts & Finance,Deputy Manager,5,Nagpur Expressway Pkg-4,Highway,MGR112,Permanent,Employee Referral,44,7.2,61600,-0.325,25.2,0,4,0,0.85
EMP12941,2026-05-23,Planning & Coordination,Deputy Manager,5,JNPA WOLP,Port Infrastructure,MGR077,Permanent,Recruitment Consultancy,42,9.4,81300,-0.1303,25.9,0,4,0,0.55
EMP12942,2022-03-30,EHS,Deputy Manager,5,Bengaluru Tech Park,Commercial,MGR084,Fixed Term Contract,Internal Transfer,31,7.6,84900,-0.0738,8.5,0,4,1,0.2
EMP12943,2025-10-18,MEP,Junior Engineer,2,JNPA WOLP,Port Infrastructure,MGR064,Permanent,Walk-in / Site Gate,26,5.4,29500,0.0656,2.6,1,2,0,0.55
EMP12944,2025-07-26,MEP,Site Engineer,3,Mantralaya Redevelopment,Government Building,MGR021,Permanent,Employee Referral,35,5.4,43600,-0.0013,11.3,0,3,1,0.15
EMP12945,2023-10-14,HR & Admin,HR Executive,3,Mumbai HO,Corporate,MGR029,Fixed Term Contract,Labour Contractor,30,4.0,46500,0.2325,4.6,0,2,1,0.05
EMP12946,2025-07-19,HR & Admin,HR Executive,3,Mumbai HO,Corporate,MGR050,Permanent,Recruitment Consultancy,38,5.1,46000,0.2041,15.6,0,2,1,0.05
EMP12947,2025-12-27,Quality Assurance & Control,Deputy Manager,5,Mantralaya Redevelopment,Government Building,MGR059,Permanent,Naukri / Job Portal,37,7.3,82200,-0.1002,22.1,0,4,1,0.15
EMP12948,2023-07-15,EHS,Deputy Manager,5,Bengaluru Tech Park,Commercial,MGR013,Fixed Term Contract,Recruitment Consultancy,30,6.4,80200,-0.1133,17.8,0,4,1,0.2
EMP12949,2024-12-07,EHS,Deputy Manager,5,Delhi NCR Logistics Hub,Industrial,MGR022,Apprentice / Trainee,Employee Referral,31,6.8,88700,-0.0237,8.3,0,4,0,0.45
EMP12950,2019-12-11,Accounts & Finance,Accounts Officer,3,Mumbai HO,Corporate,MGR092,Permanent,Recruitment Consultancy,37,4.1,38600,-0.0057,13.5,0,2,1,0.05
EMP12951,2026-07-04,Accounts & Finance,Accounts Officer,3,Bengaluru Tech Park,Commercial,MGR119,Permanent,Naukri / Job Portal,23,3.5,33100,-0.1415,17.9,0,2,0,0.2
EMP12952,2023-07-22,Planning & Coordination,Planning Engineer,4,Ahmedabad Water Works,Water,MGR008,Apprentice / Trainee,Naukri / Job Portal,39,6.7,59200,-0.0553,12.9,0,4,1,0.65
EMP12953,2024-10-05,EHS,Supervisor,2,JNPA WOLP,Port Infrastructure,MGR030,Fixed Term Contract,Internal Transfer,19,2.2,30600,0.028,3.1,1,2,0,0.55
EMP12954,2024-09-21,Quality Assurance & Control,Junior Engineer,2,Pune Metro Reach-3,Metro,MGR037,Permanent,Naukri / Job Portal,32,2.7,25100,-0.0649,8.3,0,2,0,0.25
EMP12955,2024-06-29,EHS,Supervisor,2,Mumbai HO,Corporate,MGR002,Fixed Term Contract,Employee Referral,32,2.1,32500,0.0931,18.1,0,2,1,0.05
EMP12956,2024-11-16,Design & Engineering,Deputy Manager,5,JNPA WOLP,Port Infrastructure,MGR075,Permanent,Naukri / Job Portal,30,7.2,68500,-0.2494,7.8,0,4,1,0.55
EMP12957,2024-09-21,Planning & Coordination,Senior Engineer,4,Nagpur Expressway Pkg-4,Highway,MGR098,Fixed Term Contract,Walk-in / Site Gate,35,6.3,57500,-0.1378,7.5,0,4,0,0.85
EMP12958,2019-09-26,Civil Execution,Senior Engineer,4,JNPA WOLP,Port Infrastructure,MGR037,Fixed Term Contract,Naukri / Job Portal,28,5.6,72200,0.0912,2.1,1,4,0,0.55
EMP12959,2026-05-16,Procurement,Procurement Executive,3,JNPA WOLP,Port Infrastructure,MGR038,Permanent,Recruitment Consultancy,35,7.3,50000,0.0216,19.6,0,3,0,0.55
EMP12960,2023-09-23,Planning & Coordination,Deputy Manager,5,JNPA WOLP,Port Infrastructure,MGR087,Permanent,Naukri / Job Portal,29,6.8,80100,-0.1184,17.2,0,4,1,0.55
EMP12961,2025-11-22,Business Support Services,HR Executive,3,Mumbai HO,Corporate,MGR099,Fixed Term Contract,Recruitment Consultancy,26,5.9,41500,0.0766,33.3,0,2,0,0.05
EMP12962,2021-10-22,Procurement,Procurement Executive,3,Mumbai HO,Corporate,MGR032,Fixed Term Contract,Naukri / Job Portal,41,4.0,33000,-0.3003,4.4,0,3,1,0.05
EMP12963,2026-07-04,HR & Admin,HR Executive,3,Bengaluru Tech Park,Commercial,MGR018,Apprentice / Trainee,Naukri / Job Portal,34,3.7,33900,-0.0984,43.6,0,2,1,0.2
EMP12964,2020-03-18,EHS,Supervisor,2,Mumbai HO,Corporate,MGR054,Fixed Term Contract,Recruitment Consultancy,30,2.3,27700,-0.0705,10.0,0,2,0,0.05
EMP12965,2023-04-08,HR & Admin,Deputy Manager,5,Ahmedabad Water Works,Water,MGR080,Retainer,Internal Transfer,30,6.9,87700,-0.0358,0.6,1,4,1,0.65
EMP12966,2025-02-08,Business Support Services,Accounts Officer,3,Nagpur Expressway Pkg-4,Highway,MGR119,Permanent,Employee Referral,26,5.1,40700,0.0366,6.9,1,2,1,0.85
EMP12967,2024-01-06,Civil Execution,Senior Engineer,4,JNPA WOLP,Port Infrastructure,MGR110,Fixed Term Contract,Labour Contractor,38,5.4,66200,0.0028,1.0,1,4,0,0.55
EMP12968,2024-03-02,MEP,Deputy Manager,5,Nagpur Expressway Pkg-4,Highway,MGR017,Permanent,Employee Referral,52,7.0,59800,-0.3433,1.2,1,4,0,0.85
EMP12969,2024-10-26,Planning & Coordination,Planning Engineer,4,Nagpur Expressway Pkg-4,Highway,MGR100,Apprentice / Trainee,Labour Contractor,35,6.0,67500,0.0856,158.2,0,4,0,0.85
EMP12970,2022-11-10,Stores & Logistics,Deputy Manager,5,Bengaluru Tech Park,Commercial,MGR012,Fixed Term Contract,Employee Referral,39,8.7,58600,-0.3683,39.4,0,4,1,0.2
EMP12971,2019-03-12,Civil Execution,Construction Manager,5,JNPA WOLP,Port Infrastructure,MGR086,Permanent,Recruitment Consultancy,40,7.3,111500,0.0679,1.1,1,5,1,0.55
EMP12972,2024-02-24,Stores & Logistics,Site Helper,1,JNPA WOLP,Port Infrastructure,MGR045,Permanent,Walk-in / Site Gate,23,0.7,18200,0.0938,2.3,1,1,0,0.55
EMP12973,2024-11-16,EHS,Safety Officer,3,Pune Metro Reach-3,Metro,MGR108,Permanent,Naukri / Job Portal,35,3.3,28100,-0.3069,23.0,0,3,0,0.25
EMP12974,2024-08-31,Civil Execution,Supervisor,2,Delhi NCR Logistics Hub,Industrial,MGR072,Permanent,Campus Hiring,24,2.3,36800,0.2349,10.6,0,2,1,0.45
EMP12975,2022-11-10,Stores & Logistics,Store Officer,2,Bengaluru Tech Park,Commercial,MGR043,Fixed Term Contract,Internal Transfer,24,1.9,34500,0.2047,18.2,0,2,1,0.2
EMP12976,2021-12-05,Accounts & Finance,Deputy Manager,5,Delhi NCR Logistics Hub,Industrial,MGR061,Permanent,Naukri / Job Portal,36,8.6,72300,-0.2198,4.9,1,4,0,0.45
EMP12977,2024-02-03,Planning & Coordination,Deputy Manager,5,Delhi NCR Logistics Hub,Industrial,MGR020,Fixed Term Contract,Recruitment Consultancy,48,6.5,116800,0.2899,4.6,1,4,0,0.45
EMP12978,2021-01-31,Civil Execution,Supervisor,2,Mantralaya Redevelopment,Government Building,MGR040,Fixed Term Contract,Naukri / Job Portal,23,1.7,22100,-0.2532,31.1,0,2,0,0.15
EMP12979,2025-04-19,EHS,Supervisor,2,Delhi NCR Logistics Hub,Industrial,MGR010,Fixed Term Contract,Employee Referral,36,2.8,18500,-0.3828,1.2,1,2,1,0.45
EMP12980,2025-01-04,HR & Admin,Deputy Manager,5,Mumbai HO,Corporate,MGR006,Fixed Term Contract,Employee Referral,46,8.4,116700,0.2621,25.0,0,4,1,0.05
EMP12981,2020-10-11,Civil Execution,Supervisor,2,Mantralaya Redevelopment,Government Building,MGR062,Fixed Term Contract,Naukri / Job Portal,31,2.0,26900,-0.0942,18.3,0,2,1,0.15
EMP12982,2020-07-25,Quality Assurance & Control,Deputy Manager,5,JNPA WOLP,Port Infrastructure,MGR072,Fixed Term Contract,Employee Referral,44,7.0,94900,0.0422,3.9,1,4,1,0.55
EMP12983,2024-06-01,Civil Execution,Construction Manager,5,Pune Metro Reach-3,Metro,MGR039,Permanent,Recruitment Consultancy,35,6.5,94000,-0.0917,11.6,0,5,0,0.25
EMP12984,2026-03-14,EHS,Supervisor,2,Mantralaya Redevelopment,Government Building,MGR081,Permanent,Recruitment Consultancy,33,2.6,32700,0.0935,28.5,0,2,0,0.15
EMP12985,2020-09-13,Procurement,Deputy Manager,5,Mumbai HO,Corporate,MGR067,Apprentice / Trainee,Employee Referral,38,8.6,97600,0.0532,4.5,0,4,1,0.05
EMP12986,2022-11-09,Stores & Logistics,Site Helper,1,Ahmedabad Water Works,Water,MGR116,Fixed Term Contract,Walk-in / Site Gate,21,0.8,17600,0.0565,5.0,1,1,1,0.65
EMP12987,2024-12-07,Design & Engineering,Deputy Manager,5,Ahmedabad Water Works,Water,MGR022,Permanent,Internal Transfer,47,9.4,97500,0.0431,7.8,1,4,1,0.65
EMP12988,2025-10-04,Civil Execution,Site Helper,1,Pune Metro Reach-3,Metro,MGR087,Permanent,Walk-in / Site Gate,31,2.0,16300,-0.0353,25.5,0,1,0,0.25
EMP12989,2024-10-19,Stores & Logistics,Site Helper,1,Delhi NCR Logistics Hub,Industrial,MGR087,Permanent,Labour Contractor,29,2.4,13800,-0.187,16.3,0,1,0,0.45
EMP12990,2026-01-24,MEP,Deputy Manager,5,Bengaluru Tech Park,Commercial,MGR075,Fixed Term Contract,Recruitment Consultancy,31,8.2,103100,0.1174,13.1,0,4,0,0.2
EMP12991,2019-06-07,Accounts & Finance,Deputy Manager,5,Mantralaya Redevelopment,Government Building,MGR077,Permanent,Employee Referral,47,6.8,98300,0.082,7.2,0,4,0,0.15
EMP12992,2025-12-13,Planning & Coordination,Deputy Manager,5,Bengaluru Tech Park,Commercial,MGR100,Permanent,Employee Referral,43,6.1,84700,-0.0604,10.2,0,4,1,0.2
EMP12993,2025-07-12,Design & Engineering,Deputy Manager,5,Pune Metro Reach-3,Metro,MGR002,Fixed Term Contract,Employee Referral,45,7.1,101300,0.1113,11.0,0,4,1,0.25
EMP12994,2026-07-11,HR & Admin,HR Executive,3,Pune Metro Reach-3,Metro,MGR004,Permanent,Labour Contractor,22,4.1,42900,0.1358,42.8,0,2,0,0.25
EMP12995,2026-07-18,Design & Engineering,Design Engineer,4,Mumbai HO,Corporate,MGR001,Permanent,Recruitment Consultancy,26,5.1,64500,0.013,19.9,0,4,0,0.05
EMP12996,2023-07-01,Stores & Logistics,Deputy Manager,5,Delhi NCR Logistics Hub,Industrial,MGR040,Permanent,Naukri / Job Portal,34,7.4,90300,-0.0127,2.3,1,4,1,0.45
EMP12997,2025-06-28,MEP,Senior Engineer,4,Nagpur Expressway Pkg-4,Highway,MGR050,Permanent,Naukri / Job Portal,36,5.5,53200,-0.1951,5.8,1,4,0,0.85
EMP12998,2024-07-27,Business Support Services,Accounts Officer,3,Ahmedabad Water Works,Water,MGR028,Permanent,Naukri / Job Portal,28,4.3,41900,0.0769,1.6,1,2,0,0.65
EMP12999,2020-02-01,Quality Assurance & Control,Junior Engineer,2,JNPA WOLP,Port Infrastructure,MGR111,Fixed Term Contract,Employee Referral,19,3.5,27000,-0.0034,12.9,0,2,1,0.55
EMP13000,2026-06-27,Civil Execution,Construction Manager,5,JNPA WOLP,Port Infrastructure,MGR025,Permanent,Employee Referral,27,8.5,119700,0.1315,6.5,1,5,1,0.55
EMP13001,2019-08-26,Accounts & Finance,Accounts Officer,3,Nagpur Expressway Pkg-4,Highway,MGR089,Fixed Term Contract,Walk-in / Site Gate,24,6.2,39800,0.0012,5.0,1,2,0,0.85
EMP13002,2025-03-22,Business Support Services,Accounts Officer,3,Mumbai HO,Corporate,MGR009,Permanent,Naukri / Job Portal,29,3.2,39300,0.0229,18.7,0,2,1,0.05
EMP13003,2025-05-17,Stores & Logistics,Supervisor,2,Nagpur Expressway Pkg-4,Highway,MGR015,Fixed Term Contract,Walk-in / Site Gate,32,2.4,22200,-0.2559,23.9,0,2,0,0.85
EMP13004,2022-07-22,Quality Assurance & Control,Junior Engineer,2,Pune Metro Reach-3,Metro,MGR046,Fixed Term Contract,Naukri / Job Portal,31,3.8,25900,-0.0473,8.4,0,2,1,0.25
EMP13005,2024-03-30,Quality Assurance & Control,Junior Engineer,2,Mantralaya Redevelopment,Government Building,MGR109,Fixed Term Contract,Recruitment Consultancy,26,4.6,28300,0.0315,9.7,0,2,1,0.15
EMP13006,2024-03-09,Stores & Logistics,Supervisor,2,Delhi NCR Logistics Hub,Industrial,MGR115,Fixed Term Contract,Employee Referral,19,3.3,26400,-0.1243,2.4,1,2,1,0.45
EMP13007,2022-03-24,Civil Execution,Junior Engineer,2,Mantralaya Redevelopment,Government Building,MGR119,Fixed Term Contract,Naukri / Job Portal,30,2.4,31100,0.1627,6.9,0,2,1,0.15
EMP13008,2026-08-08,Planning & Coordination,Deputy Manager,5,Ahmedabad Water Works,Water,MGR050,Permanent,Naukri / Job Portal,45,6.9,83000,-0.0875,1.1,1,4,0,0.65
EMP13009,2025-02-22,Quality Assurance & Control,Deputy Manager,5,Delhi NCR Logistics Hub,Industrial,MGR042,Fixed Term Contract,Recruitment Consultancy,47,7.6,90800,-0.0094,9.2,0,4,0,0.45
EMP13010,2025-05-31,Civil Execution,Junior Engineer,2,Nagpur Expressway Pkg-4,Highway,MGR031,Permanent,Recruitment Consultancy,21,3.7,37600,0.3847,4.5,1,2,0,0.85
EMP13011,2022-10-23,EHS,Safety Officer,3,Nagpur Expressway Pkg-4,Highway,MGR089,Fixed Term Contract,Naukri / Job Portal,31,3.4,42900,0.0569,1.5,1,3,0,0.85
EMP13012,2026-06-13,EHS,Supervisor,2,Nagpur Expressway Pkg-4,Highway,MGR064,Permanent,Naukri / Job Portal,32,4.0,27000,-0.1116,3.8,1,2,1,0.85
EMP13013,2024-05-25,Civil Execution,Project Manager,6,Mumbai HO,Corporate,MGR118,Permanent,Employee Referral,37,8.0,161500,0.1512,29.0,0,5,1,0.05
EMP13014,2025-02-08,Design & Engineering,Deputy Manager,5,Pune Metro Reach-3,Metro,MGR083,Permanent,Naukri / Job Portal,44,7.4,85300,-0.0673,61.1,0,4,0,0.25
EMP13015,2021-06-22,Business Support Services,Procurement Executive,3,Mumbai HO,Corporate,MGR018,Permanent,Recruitment Consultancy,35,4.7,57100,0.2011,6.0,0,3,0,0.05
EMP13016,2026-07-11,Civil Execution,Project Manager,6,Bengaluru Tech Park,Commercial,MGR078,Apprentice / Trainee,Recruitment Consultancy,37,8.2,137900,-0.0192,21.8,0,5,1,0.2
EMP13017,2024-08-03,Procurement,Deputy Manager,5,Nagpur Expressway Pkg-4,Highway,MGR118,Permanent,Internal Transfer,32,9.3,69400,-0.2568,2.8,1,4,1,0.85
EMP13018,2024-02-24,HR & Admin,Deputy Manager,5,JNPA WOLP,Port Infrastructure,MGR075,Permanent,Naukri / Job Portal,35,9.5,73700,-0.2124,0.5,1,4,0,0.55
EMP13019,2023-09-02,Planning & Coordination,Deputy Manager,5,Delhi NCR Logistics Hub,Industrial,MGR103,Permanent,Employee Referral,48,6.7,66400,-0.2683,1.7,1,4,1,0.45
EMP13020,2020-08-13,Quality Assurance & Control,Junior Engineer,2,Mantralaya Redevelopment,Government Building,MGR057,Fixed Term Contract,Employee Referral,34,2.3,34900,0.3063,4.8,0,2,1,0.15
EMP13021,2024-12-21,Stores & Logistics,Site Helper,1,Nagpur Expressway Pkg-4,Highway,MGR087,Permanent,Labour Contractor,19,1.2,14200,-0.1516,12.3,1,1,0,0.85
EMP13022,2020-11-17,Quality Assurance & Control,Junior Engineer,2,Nagpur Expressway Pkg-4,Highway,MGR098,Permanent,Internal Transfer,26,3.1,29500,0.0939,7.1,1,2,1,0.85
EMP13023,2026-01-24,Civil Execution,Construction Manager,5,Pune Metro Reach-3,Metro,MGR095,Fixed Term Contract,Naukri / Job Portal,31,7.4,76300,-0.27,6.3,0,5,0,0.25
EMP13024,2024-08-10,Civil Execution,Site Engineer,3,Mantralaya Redevelopment,Government Building,MGR051,Permanent,Recruitment Consultancy,35,5.6,50700,0.1587,9.5,0,3,1,0.15
EMP13025,2020-11-10,Civil Execution,Construction Manager,5,JNPA WOLP,Port Infrastructure,MGR027,Permanent,Employee Referral,37,7.5,109300,0.0445,1.6,1,5,1,0.55
EMP13026,2024-07-20,Design & Engineering,Senior Engineer,4,Delhi NCR Logistics Hub,Industrial,MGR018,Permanent,Walk-in / Site Gate,23,5.7,65100,-0.0172,1.8,1,4,0,0.45
EMP13027,2022-10-31,HR & Admin,Deputy Manager,5,Nagpur Expressway Pkg-4,Highway,MGR082,Fixed Term Contract,Naukri / Job Portal,34,9.2,82900,-0.1112,0.8,1,4,1,0.85
EMP13028,2024-06-22,Stores & Logistics,Deputy Manager,5,Ahmedabad Water Works,Water,MGR021,Permanent,Naukri / Job Portal,41,6.9,67700,-0.2557,6.1,1,4,0,0.65
EMP13029,2024-08-10,Design & Engineering,Design Engineer,4,Mantralaya Redevelopment,Government Building,MGR038,Permanent,Labour Contractor,35,7.0,67200,0.0332,20.1,0,4,0,0.15
EMP13030,2021-07-13,MEP,Site Engineer,3,Bengaluru Tech Park,Commercial,MGR049,Permanent,Naukri / Job Portal,32,3.6,39400,-0.0788,7.9,0,3,0,0.2
EMP13031,2022-08-30,Stores & Logistics,Store Officer,2,Mumbai HO,Corporate,MGR075,Fixed Term Contract,Labour Contractor,28,2.1,22600,-0.2127,29.8,0,2,0,0.05
EMP13032,2025-02-01,Civil Execution,Construction Manager,5,Bengaluru Tech Park,Commercial,MGR018,Retainer,Employee Referral,29,7.4,118500,0.1337,9.9,0,5,1,0.2
EMP13033,2025-05-17,EHS,Supervisor,2,JNPA WOLP,Port Infrastructure,MGR028,Fixed Term Contract,Naukri / Job Portal,21,2.6,26400,-0.1172,8.3,0,2,1,0.55
EMP13034,2026-04-04,EHS,Deputy Manager,5,Delhi NCR Logistics Hub,Industrial,MGR110,Permanent,Naukri / Job Portal,31,7.3,77400,-0.1528,3.1,1,4,1,0.45
EMP13035,2026-04-18,Civil Execution,Site Engineer,3,Bengaluru Tech Park,Commercial,MGR082,Permanent,Walk-in / Site Gate,24,6.9,46000,0.0362,20.6,0,3,0,0.2
EMP13036,2020-07-07,Procurement,Deputy Manager,5,Pune Metro Reach-3,Metro,MGR085,Fixed Term Contract,Employee Referral,49,6.5,88600,-0.0216,10.4,0,4,1,0.25
EMP13037,2024-06-15,Civil Execution,Construction Manager,5,Mumbai HO,Corporate,MGR006,Apprentice / Trainee,Employee Referral,37,7.2,95600,-0.0834,11.0,0,5,0,0.05
EMP13038,2022-08-26,EHS,Deputy Manager,5,JNPA WOLP,Port Infrastructure,MGR041,Fixed Term Contract,Recruitment Consultancy,44,6.5,99600,0.0999,28.1,0,4,1,0.55
EMP13039,2025-11-01,MEP,Junior Engineer,2,Bengaluru Tech Park,Commercial,MGR002,Permanent,Labour Contractor,23,1.8,27100,0.0203,4.3,0,2,0,0.2
EMP13040,2026-03-14,Business Support Services,Procurement Executive,3,Delhi NCR Logistics Hub,Industrial,MGR097,Fixed Term Contract,Employee Referral,22,3.6,56000,0.1929,1.7,1,3,1,0.45
EMP13041,2024-10-05,Civil Execution,Junior Engineer,2,Bengaluru Tech Park,Commercial,MGR054,Fixed Term Contract,Recruitment Consultancy,32,3.4,24400,-0.0983,25.0,0,2,1,0.2
EMP13042,2024-11-02,HR & Admin,HR Executive,3,Ahmedabad Water Works,Water,MGR075,Fixed Term Contract,Labour Contractor,33,3.4,52900,0.4118,0.8,1,2,0,0.65
EMP13043,2022-12-07,Stores & Logistics,Supervisor,2,JNPA WOLP,Port Infrastructure,MGR015,Permanent,Labour Contractor,27,1.7,29800,0.007,1.0,1,2,0,0.55
EMP13044,2020-03-11,MEP,Junior Engineer,2,Delhi NCR Logistics Hub,Industrial,MGR108,Fixed Term Contract,Naukri / Job Portal,30,5.8,25600,-0.0795,7.0,0,2,0,0.45
EMP13045,2026-05-02,Civil Execution,Project Manager,6,Bengaluru Tech Park,Commercial,MGR052,Apprentice / Trainee,Recruitment Consultancy,44,7.6,118000,-0.1552,29.4,0,5,0,0.2
EMP13046,2023-08-26,Civil Execution,Project Manager,6,Pune Metro Reach-3,Metro,MGR023,Permanent,Employee Referral,44,8.9,139500,-0.0153,8.1,0,5,1,0.25
EMP13047,2024-04-27,Civil Execution,Senior Engineer,4,Bengaluru Tech Park,Commercial,MGR046,Permanent,Naukri / Job Portal,28,5.8,72700,0.0963,1.6,0,4,0,0.2
EMP13048,2023-07-08,Stores & Logistics,Site Helper,1,Delhi NCR Logistics Hub,Industrial,MGR058,Fixed Term Contract,Employee Referral,28,2.0,16300,-0.0353,4.4,1,1,1,0.45
EMP13049,2023-12-23,Procurement,Deputy Manager,5,Ahmedabad Water Works,Water,MGR093,Permanent,Recruitment Consultancy,44,7.2,79300,-0.131,25.9,0,4,1,0.65
EMP13050,2024-09-07,Planning & Coordination,Senior Engineer,4,Ahmedabad Water Works,Water,MGR080,Permanent,Naukri / Job Portal,35,6.6,66000,-0.0136,0.6,1,4,1,0.65
EMP13051,2026-05-02,Business Support Services,Procurement Executive,3,Bengaluru Tech Park,Commercial,MGR120,Permanent,Employee Referral,30,3.4,58400,0.2469,26.2,0,3,1,0.2
EMP13052,2021-10-05,EHS,Deputy Manager,5,Bengaluru Tech Park,Commercial,MGR102,Permanent,Naukri / Job Portal,37,6.8,81500,-0.103,12.2,0,4,0,0.2
EMP13053,2022-09-30,Design & Engineering,Deputy Manager,5,Mantralaya Redevelopment,Government Building,MGR027,Permanent,Naukri / Job Portal,33,7.0,95600,0.0499,4.0,0,4,1,0.15
EMP13054,2026-02-21,Quality Assurance & Control,Deputy Manager,5,Mantralaya Redevelopment,Government Building,MGR066,Permanent,Recruitment Consultancy,47,6.8,97200,0.0698,9.7,0,4,0,0.15
EMP13055,2020-07-21,Design & Engineering,Design Engineer,4,Delhi NCR Logistics Hub,Industrial,MGR114,Permanent,Labour Contractor,31,4.9,65200,0.0263,1.2,1,4,0,0.45
EMP13056,2020-01-05,Procurement,Procurement Executive,3,Mantralaya Redevelopment,Government Building,MGR105,Fixed Term Contract,Naukri / Job Portal,33,3.9,36100,-0.2336,2.5,0,3,1,0.15
EMP13057,2023-02-21,Quality Assurance & Control,Junior Engineer,2,Nagpur Expressway Pkg-4,Highway,MGR076,Permanent,Employee Referral,35,6.5,30200,0.0775,71.8,0,2,0,0.85
EMP13058,2024-11-02,EHS,Deputy Manager,5,Delhi NCR Logistics Hub,Industrial,MGR061,Permanent,Employee Referral,43,7.2,81800,-0.1036,1.0,1,4,1,0.45
EMP13059,2025-10-04,Design & Engineering,Deputy Manager,5,Mantralaya Redevelopment,Government Building,MGR084,Permanent,Naukri / Job Portal,44,8.0,106500,0.1568,5.7,0,4,0,0.15
EMP13060,2024-04-20,Civil Execution,Project Manager,6,Mantralaya Redevelopment,Government Building,MGR082,Fixed Term Contract,Recruitment Consultancy,34,8.7,125900,-0.1094,11.8,0,5,1,0.15
EMP13061,2026-02-14,Business Support Services,Accounts Officer,3,JNPA WOLP,Port Infrastructure,MGR001,Permanent,Campus Hiring,25,5.9,37300,-0.0585,2.6,0,2,1,0.55
EMP13062,2025-03-15,MEP,Junior Engineer,2,Bengaluru Tech Park,Commercial,MGR065,Fixed Term Contract,Labour Contractor,24,1.6,30900,0.1661,18.8,0,2,0,0.2
EMP13063,2024-07-06,Business Support Services,Procurement Executive,3,JNPA WOLP,Port Infrastructure,MGR097,Apprentice / Trainee,Naukri / Job Portal,31,4.9,55000,0.1543,4.9,1,3,1,0.55
EMP13064,2026-06-20,Design & Engineering,Deputy Manager,5,Mumbai HO,Corporate,MGR108,Permanent,Recruitment Consultancy,51,6.4,89700,-0.0083,23.6,0,4,1,0.05
EMP13065,2022-03-14,Stores & Logistics,Deputy Manager,5,Pune Metro Reach-3,Metro,MGR022,Permanent,Recruitment Consultancy,39,7.2,72800,-0.2023,21.7,0,4,1,0.25
EMP13066,2021-09-09,Planning & Coordination,Planning Engineer,4,Bengaluru Tech Park,Commercial,MGR047,Fixed Term Contract,Naukri / Job Portal,29,6.0,82100,0.3204,19.6,0,4,1,0.2
EMP13067,2025-04-26,Civil Execution,Project Manager,6,Pune Metro Reach-3,Metro,MGR020,Fixed Term Contract,Recruitment Consultancy,46,9.3,170800,0.2004,8.9,0,5,0,0.25
EMP13068,2021-02-07,Planning & Coordination,Senior Engineer,4,Bengaluru Tech Park,Commercial,MGR075,Permanent,Labour Contractor,44,4.6,47100,-0.2801,14.2,0,4,0,0.2
EMP13069,2026-05-16,Civil Execution,Site Engineer,3,JNPA WOLP,Port Infrastructure,MGR054,Fixed Term Contract,Naukri / Job Portal,39,5.1,43100,-0.0094,0.6,1,3,1,0.55
EMP13070,2022-12-27,Procurement,Procurement Executive,3,Bengaluru Tech Park,Commercial,MGR088,Permanent,Labour Contractor,27,5.0,47700,0.0,13.8,0,3,0,0.2
EMP13071,2024-02-03,Civil Execution,Junior Engineer,2,Bengaluru Tech Park,Commercial,MGR056,Retainer,Employee Referral,34,1.9,25800,-0.0298,9.6,0,2,1,0.2
EMP13072,2025-05-10,Civil Execution,Site Helper,1,Ahmedabad Water Works,Water,MGR013,Permanent,Walk-in / Site Gate,30,0.5,15800,-0.0481,1.7,1,1,0,0.65
EMP13073,2019-07-14,Business Support Services,Procurement Executive,3,Mumbai HO,Corporate,MGR099,Fixed Term Contract,Labour Contractor,35,5.0,48800,0.0231,10.1,0,3,0,0.05
EMP13074,2025-04-05,Planning & Coordination,Senior Engineer,4,Nagpur Expressway Pkg-4,Highway,MGR010,Retainer,Labour Contractor,42,5.5,52400,-0.2072,2.6,1,4,0,0.85
EMP13075,2026-07-11,Civil Execution,Construction Manager,5,JNPA WOLP,Port Infrastructure,MGR083,Apprentice / Trainee,Employee Referral,27,7.5,108900,0.0407,6.9,0,5,1,0.55
EMP13076,2026-07-04,MEP,Senior Engineer,4,Delhi NCR Logistics Hub,Industrial,MGR002,Permanent,Recruitment Consultancy,38,8.5,59000,-0.1365,32.4,0,4,0,0.45
EMP13077,2024-01-20,Stores & Logistics,Site Helper,1,Mantralaya Redevelopment,Government Building,MGR037,Permanent,Walk-in / Site Gate,24,0.3,16800,0.0145,7.6,0,1,0,0.15
EMP13078,2025-05-17,Civil Execution,Construction Manager,5,Ahmedabad Water Works,Water,MGR053,Retainer,Employee Referral,39,7.1,104500,0.0031,1.4,1,5,0,0.65
EMP13079,2024-04-13,Business Support Services,Procurement Executive,3,Bengaluru Tech Park,Commercial,MGR061,Permanent,Naukri / Job Portal,34,3.7,47300,0.0064,11.0,0,3,0,0.2
EMP13080,2025-07-26,Stores & Logistics,Supervisor,2,Bengaluru Tech Park,Commercial,MGR047,Permanent,Employee Referral,37,4.2,31600,0.0374,4.3,0,2,1,0.2
EMP13081,2025-11-08,Planning & Coordination,Senior Engineer,4,Bengaluru Tech Park,Commercial,MGR009,Permanent,Labour Contractor,23,7.4,77800,0.1525,8.2,0,4,0,0.2
EMP13082,2023-10-07,Quality Assurance & Control,Deputy Manager,5,Ahmedabad Water Works,Water,MGR062,Fixed Term Contract,Naukri / Job Portal,40,8.3,66900,-0.2757,3.5,1,4,1,0.65
EMP13083,2023-11-25,MEP,Senior Engineer,4,JNPA WOLP,Port Infrastructure,MGR049,Permanent,Employee Referral,40,5.1,72900,0.108,2.6,1,4,1,0.55
EMP13084,2024-08-03,Business Support Services,Procurement Executive,3,Mumbai HO,Corporate,MGR088,Fixed Term Contract,Recruitment Consultancy,40,4.9,54300,0.1397,18.9,0,3,0,0.05
EMP13085,2026-02-28,MEP,Deputy Manager,5,Mantralaya Redevelopment,Government Building,MGR070,Apprentice / Trainee,Naukri / Job Portal,38,7.8,100100,0.0897,15.8,0,4,0,0.15
EMP13086,2023-05-20,Planning & Coordination,Deputy Manager,5,Pune Metro Reach-3,Metro,MGR084,Permanent,Recruitment Consultancy,41,6.3,81500,-0.098,10.2,0,4,0,0.25
EMP13087,2023-12-23,Business Support Services,HR Executive,3,Mumbai HO,Corporate,MGR115,Fixed Term Contract,Naukri / Job Portal,34,3.1,34400,-0.0787,32.1,0,2,1,0.05
EMP13088,2023-10-14,Quality Assurance & Control,QA/QC Engineer,3,Pune Metro Reach-3,Metro,MGR069,Permanent,Naukri / Job Portal,28,5.2,50000,0.0696,17.8,0,3,0,0.25
EMP13089,2021-10-23,Procurement,Deputy Manager,5,Ahmedabad Water Works,Water,MGR058,Permanent,Internal Transfer,37,7.1,87800,-0.0368,2.5,1,4,1,0.65
EMP13090,2024-12-28,Civil Execution,Supervisor,2,Nagpur Expressway Pkg-4,Highway,MGR013,Permanent,Walk-in / Site Gate,23,1.8,25800,-0.1292,4.2,1,2,1,0.85
EMP13091,2025-08-23,HR & Admin,Deputy Manager,5,JNPA WOLP,Port Infrastructure,MGR118,Permanent,Employee Referral,33,8.2,86800,-0.0592,8.5,0,4,0,0.55
EMP13092,2023-09-30,Civil Execution,Site Helper,1,JNPA WOLP,Port Infrastructure,MGR102,Apprentice / Trainee,Walk-in / Site Gate,33,0.9,17700,0.0613,40.5,0,1,0,0.55
EMP13093,2026-05-09,Civil Execution,Project Manager,6,Mantralaya Redevelopment,Government Building,MGR086,Fixed Term Contract,Recruitment Consultancy,30,9.2,142000,-0.0009,1.9,0,5,0,0.15
EMP13094,2026-03-28,Civil Execution,Senior Engineer,4,Mumbai HO,Corporate,MGR109,Permanent,Employee Referral,46,8.7,48600,-0.2902,10.2,0,4,1,0.05
EMP13095,2022-10-28,Civil Execution,Senior Engineer,4,Delhi NCR Logistics Hub,Industrial,MGR119,Permanent,Labour Contractor,30,5.5,56300,-0.1482,1.4,1,4,0,0.45
EMP13096,2023-01-25,Civil Execution,Site Engineer,3,Pune Metro Reach-3,Metro,MGR097,Permanent,Employee Referral,32,4.6,39200,-0.0939,50.5,0,3,1,0.25
EMP13097,2026-05-16,Civil Execution,Site Helper,1,Nagpur Expressway Pkg-4,Highway,MGR049,Fixed Term Contract,Labour Contractor,25,2.0,11500,-0.3194,0.5,1,1,0,0.85
EMP13098,2021-12-24,Procurement,Procurement Executive,3,Mumbai HO,Corporate,MGR044,Permanent,Campus Hiring,33,3.7,56200,0.1958,3.0,0,3,1,0.05
EMP13099,2019-11-30,Accounts & Finance,Deputy Manager,5,Mumbai HO,Corporate,MGR084,Permanent,Employee Referral,44,7.4,89300,-0.0236,1.6,0,4,1,0.05
EMP13100,2022-09-19,MEP,Senior Engineer,4,JNPA WOLP,Port Infrastructure,MGR068,Apprentice / Trainee,Campus Hiring,33,5.4,69900,0.0588,2.7,1,4,1,0.55
EMP13101,2024-03-09,Planning & Coordination,Deputy Manager,5,Bengaluru Tech Park,Commercial,MGR039,Permanent,Employee Referral,40,11.0,83200,-0.125,7.4,0,4,1,0.2
EMP13102,2022-08-26,EHS,Deputy Manager,5,Delhi NCR Logistics Hub,Industrial,MGR108,Permanent,Recruitment Consultancy,41,6.3,83200,-0.0791,28.1,0,4,1,0.45
EMP13103,2024-05-11,Procurement,Procurement Executive,3,Ahmedabad Water Works,Water,MGR093,Permanent,Recruitment Consultancy,19,3.3,46200,-0.0124,25.7,0,3,1,0.65
EMP13104,2021-08-22,MEP,Senior Engineer,4,Delhi NCR Logistics Hub,Industrial,MGR052,Permanent,Recruitment Consultancy,34,6.1,75200,0.1302,20.2,0,4,1,0.45
EMP13105,2024-04-13,Stores & Logistics,Supervisor,2,Ahmedabad Water Works,Water,MGR081,Fixed Term Contract,Campus Hiring,32,2.4,38100,0.277,57.7,0,2,0,0.65
EMP13106,2022-10-08,MEP,Junior Engineer,2,Nagpur Expressway Pkg-4,Highway,MGR100,Fixed Term Contract,Naukri / Job Portal,26,1.6,19700,-0.2566,0.5,1,2,1,0.85
EMP13107,2020-11-11,Accounts & Finance,Accounts Officer,3,Mantralaya Redevelopment,Government Building,MGR104,Permanent,Campus Hiring,33,3.7,40300,0.0429,8.6,0,2,1,0.15
EMP13108,2022-10-22,MEP,Deputy Manager,5,JNPA WOLP,Port Infrastructure,MGR028,Permanent,Recruitment Consultancy,32,7.9,94500,0.0276,27.1,0,4,0,0.55
EMP13109,2022-09-08,Stores & Logistics,Store Officer,2,JNPA WOLP,Port Infrastructure,MGR013,Permanent,Naukri / Job Portal,21,1.8,15900,-0.4441,3.8,1,2,0,0.55
EMP13110,2024-05-04,EHS,Safety Officer,3,Ahmedabad Water Works,Water,MGR037,Permanent,Recruitment Consultancy,25,4.3,36600,-0.1076,2.0,1,3,1,0.65
EMP13111,2023-09-16,Business Support Services,HR Executive,3,Ahmedabad Water Works,Water,MGR102,Fixed Term Contract,Campus Hiring,29,4.1,31600,-0.1634,33.1,0,2,1,0.65
EMP13112,2026-04-18,MEP,Junior Engineer,2,Mantralaya Redevelopment,Government Building,MGR105,Permanent,Labour Contractor,32,1.6,22100,-0.166,19.6,0,2,0,0.15
EMP13113,2023-07-01,Stores & Logistics,Site Helper,1,Ahmedabad Water Works,Water,MGR038,Permanent,Walk-in / Site Gate,31,0.1,16400,-0.0073,22.5,0,1,0,0.65
EMP13114,2025-03-15,MEP,Junior Engineer,2,JNPA WOLP,Port Infrastructure,MGR027,Fixed Term Contract,Internal Transfer,36,2.1,26500,-0.0058,5.2,1,2,1,0.55
EMP13115,2019-11-07,Civil Execution,Construction Manager,5,Ahmedabad Water Works,Water,MGR120,Apprentice / Trainee,Naukri / Job Portal,37,7.3,91300,-0.1256,49.4,0,5,1,0.65
EMP13116,2020-11-16,Planning & Coordination,Senior Engineer,4,Nagpur Expressway Pkg-4,Highway,MGR014,Apprentice / Trainee,Naukri / Job Portal,32,6.7,76900,0.148,7.0,1,4,1,0.85
EMP13117,2023-07-15,Design & Engineering,Design Engineer,4,Mantralaya Redevelopment,Government Building,MGR092,Permanent,Employee Referral,31,8.4,64000,-0.031,4.4,0,4,1,0.15
EMP13118,2023-07-01,Business Support Services,HR Executive,3,Mumbai HO,Corporate,MGR112,Permanent,Employee Referral,32,4.4,31900,-0.1583,25.2,0,2,0,0.05
EMP13119,2026-02-28,Quality Assurance & Control,Junior Engineer,2,JNPA WOLP,Port Infrastructure,MGR067,Permanent,Employee Referral,19,2.0,30500,0.1456,15.7,0,2,1,0.55
EMP13120,2024-05-18,Planning & Coordination,Planning Engineer,4,Delhi NCR Logistics Hub,Industrial,MGR020,Permanent,Walk-in / Site Gate,39,4.7,55800,-0.0893,1.5,1,4,1,0.45
EMP13121,2021-07-03,Civil Execution,Junior Engineer,2,Pune Metro Reach-3,Metro,MGR106,Fixed Term Contract,Naukri / Job Portal,29,2.9,22600,-0.16,18.1,0,2,0,0.25
EMP13122,2023-12-16,Civil Execution,Site Helper,1,Bengaluru Tech Park,Commercial,MGR103,Fixed Term Contract,Labour Contractor,29,0.5,17700,0.0663,2.5,0,1,0,0.2
EMP13123,2022-02-15,Civil Execution,Project Manager,6,Pune Metro Reach-3,Metro,MGR010,Permanent,Employee Referral,42,9.2,160200,0.1271,18.2,0,5,1,0.25
EMP13124,2026-02-07,Design & Engineering,Deputy Manager,5,Mantralaya Redevelopment,Government Building,MGR110,Permanent,Employee Referral,43,7.3,104900,0.1482,25.7,0,4,1,0.15
EMP13125,2020-05-10,Quality Assurance & Control,QA/QC Engineer,3,Pune Metro Reach-3,Metro,MGR116,Permanent,Campus Hiring,29,3.3,40600,-0.1124,11.4,0,3,0,0.25
EMP13126,2023-09-16,Stores & Logistics,Site Helper,1,Pune Metro Reach-3,Metro,MGR069,Permanent,Walk-in / Site Gate,29,1.5,17500,0.0419,11.5,0,1,0,0.25
EMP13127,2024-01-06,MEP,Site Engineer,3,Ahmedabad Water Works,Water,MGR026,Permanent,Campus Hiring,39,3.2,42100,-0.0111,2.2,1,3,0,0.65
EMP13128,2023-07-01,Accounts & Finance,Deputy Manager,5,Ahmedabad Water Works,Water,MGR081,Fixed Term Contract,Recruitment Consultancy,40,7.9,117700,0.2799,10.6,0,4,1,0.65
EMP13129,2025-03-01,Civil Execution,Site Engineer,3,Pune Metro Reach-3,Metro,MGR099,Permanent,Employee Referral,27,6.2,49600,0.126,27.0,0,3,1,0.25
EMP13130,2026-05-23,Business Support Services,HR Executive,3,JNPA WOLP,Port Infrastructure,MGR035,Permanent,Walk-in / Site Gate,30,3.1,28900,-0.226,35.0,0,2,0,0.55
EMP13131,2026-05-16,Design & Engineering,Design Engineer,4,JNPA WOLP,Port Infrastructure,MGR085,Permanent,Naukri / Job Portal,37,5.5,63200,-0.0119,2.7,1,4,0,0.55
EMP13132,2025-11-08,Accounts & Finance,Accounts Officer,3,Bengaluru Tech Park,Commercial,MGR084,Permanent,Employee Referral,32,3.6,34600,-0.1036,8.2,0,2,1,0.2
EMP13133,2024-05-11,Civil Execution,Junior Engineer,2,Pune Metro Reach-3,Metro,MGR014,Permanent,Campus Hiring,22,3.6,29700,0.095,11.7,0,2,1,0.25
EMP13134,2022-04-30,Design & Engineering,Deputy Manager,5,Mumbai HO,Corporate,MGR098,Permanent,Recruitment Consultancy,46,6.2,93700,0.0382,9.9,0,4,1,0.05
EMP13135,2019-06-28,MEP,Site Engineer,3,Pune Metro Reach-3,Metro,MGR103,Apprentice / Trainee,Recruitment Consultancy,46,4.2,43000,-0.0015,22.8,0,3,0,0.25
EMP13136,2023-10-21,Procurement,Deputy Manager,5,Bengaluru Tech Park,Commercial,MGR075,Apprentice / Trainee,Employee Referral,43,6.2,87400,-0.0316,36.4,0,4,1,0.2
EMP13137,2025-11-22,Civil Execution,Junior Engineer,2,Mantralaya Redevelopment,Government Building,MGR031,Retainer,Employee Referral,19,1.7,31500,0.1873,1.9,0,2,1,0.15
EMP13138,2025-09-13,MEP,Deputy Manager,5,Nagpur Expressway Pkg-4,Highway,MGR101,Permanent,Recruitment Consultancy,35,14.5,102700,0.0414,3.0,1,4,0,0.85
EMP13139,2025-10-18,Planning & Coordination,Senior Engineer,4,JNPA WOLP,Port Infrastructure,MGR029,Permanent,Labour Contractor,32,6.1,71000,0.0671,5.4,1,4,0,0.55
EMP13140,2026-06-27,Design & Engineering,Design Engineer,4,Mumbai HO,Corporate,MGR017,Fixed Term Contract,Labour Contractor,37,4.9,61400,-0.0335,10.3,0,4,0,0.05
EMP13141,2025-01-18,Civil Execution,Site Engineer,3,Mumbai HO,Corporate,MGR045,Permanent,Employee Referral,35,4.0,37400,-0.1296,2.7,0,3,1,0.05
EMP13142,2019-02-25,Quality Assurance & Control,Junior Engineer,2,Mantralaya Redevelopment,Government Building,MGR017,Fixed Term Contract,Campus Hiring,24,3.0,30500,0.1323,23.8,0,2,0,0.15
EMP13143,2026-05-09,Design & Engineering,Deputy Manager,5,Nagpur Expressway Pkg-4,Highway,MGR036,Fixed Term Contract,Employee Referral,43,9.7,88800,-0.0531,8.7,1,4,1,0.85
EMP13144,2024-11-16,Civil Execution,Site Helper,1,JNPA WOLP,Port Infrastructure,MGR072,Fixed Term Contract,Employee Referral,22,1.0,17100,0.0241,0.8,1,1,1,0.55
EMP13145,2023-04-29,Accounts & Finance,Accounts Officer,3,Mumbai HO,Corporate,MGR119,Permanent,Employee Referral,33,3.4,39600,0.0283,41.2,0,2,1,0.05
EMP13146,2019-05-09,Stores & Logistics,Site Helper,1,Nagpur Expressway Pkg-4,Highway,MGR063,Permanent,Labour Contractor,30,1.3,20700,0.2353,2.8,1,1,0,0.85
EMP13147,2025-03-15,Civil Execution,Construction Manager,5,Bengaluru Tech Park,Commercial,MGR060,Permanent,Recruitment Consultancy,40,7.9,101200,-0.0371,15.8,0,5,0,0.2
EMP13148,2022-06-11,Business Support Services,HR Executive,3,Mumbai HO,Corporate,MGR004,Permanent,Labour Contractor,27,4.0,43200,0.145,27.1,0,2,0,0.05
EMP13149,2024-02-03,Stores & Logistics,Store Officer,2,Mantralaya Redevelopment,Government Building,MGR050,Fixed Term Contract,Naukri / Job Portal,26,4.4,29900,0.0143,20.2,0,2,0,0.15
EMP13150,2025-12-27,HR & Admin,HR Executive,3,Mumbai HO,Corporate,MGR081,Apprentice / Trainee,Internal Transfer,27,3.0,38500,0.0323,1.1,0,2,1,0.05
EMP13151,2025-08-02,Civil Execution,Senior Engineer,4,Nagpur Expressway Pkg-4,Highway,MGR014,Permanent,Naukri / Job Portal,43,8.0,65300,-0.039,43.0,0,4,0,0.85
EMP13152,2022-08-16,MEP,Senior Engineer,4,JNPA WOLP,Port Infrastructure,MGR045,Fixed Term Contract,Walk-in / Site Gate,38,6.3,68400,0.0257,1.1,1,4,0,0.55
EMP13153,2023-04-01,HR & Admin,Deputy Manager,5,Pune Metro Reach-3,Metro,MGR056,Permanent,Recruitment Consultancy,34,6.6,102200,0.1274,3.3,0,4,1,0.25
EMP13154,2025-03-01,Stores & Logistics,Supervisor,2,JNPA WOLP,Port Infrastructure,MGR085,Permanent,Walk-in / Site Gate,25,2.6,24900,-0.1674,33.4,0,2,1,0.55
EMP13155,2023-10-07,Civil Execution,Junior Engineer,2,Delhi NCR Logistics Hub,Industrial,MGR040,Permanent,Walk-in / Site Gate,26,1.7,31800,0.1986,35.7,0,2,0,0.45
EMP13156,2026-03-07,Design & Engineering,Deputy Manager,5,Pune Metro Reach-3,Metro,MGR056,Apprentice / Trainee,Naukri / Job Portal,45,7.2,72700,-0.2034,38.9,0,4,1,0.25
EMP13157,2024-10-12,Planning & Coordination,Planning Engineer,4,Delhi NCR Logistics Hub,Industrial,MGR081,Apprentice / Trainee,Recruitment Consultancy,42,5.1,64300,0.0447,20.4,0,4,1,0.45
EMP13158,2026-01-03,MEP,Deputy Manager,5,JNPA WOLP,Port Infrastructure,MGR117,Fixed Term Contract,Naukri / Job Portal,32,8.0,60300,-0.345,39.8,0,4,1,0.55
EMP13159,2023-04-22,Accounts & Finance,Accounts Officer,3,Mumbai HO,Corporate,MGR025,Permanent,Walk-in / Site Gate,34,3.7,38100,-0.014,14.1,0,2,0,0.05
EMP13160,2026-05-02,Civil Execution,Construction Manager,5,Pune Metro Reach-3,Metro,MGR120,Permanent,Naukri / Job Portal,43,6.6,112500,0.0859,16.7,0,5,1,0.25
EMP13161,2024-08-10,Quality Assurance & Control,Junior Engineer,2,Ahmedabad Water Works,Water,MGR078,Fixed Term Contract,Labour Contractor,25,2.3,22300,-0.1653,51.1,0,2,0,0.65
EMP13162,2019-10-14,Quality Assurance & Control,Junior Engineer,2,Mantralaya Redevelopment,Government Building,MGR036,Fixed Term Contract,Employee Referral,37,2.0,27500,0.0329,4.2,0,2,1,0.15
EMP13163,2024-06-08,MEP,Site Engineer,3,Pune Metro Reach-3,Metro,MGR033,Fixed Term Contract,Labour Contractor,37,3.3,43800,0.0276,20.7,0,3,0,0.25
EMP13164,2025-09-13,Planning & Coordination,Senior Engineer,4,JNPA WOLP,Port Infrastructure,MGR096,Permanent,Recruitment Consultancy,33,5.0,75200,0.1442,4.0,1,4,0,0.55
EMP13165,2025-07-26,Design & Engineering,Design Engineer,4,Mumbai HO,Corporate,MGR005,Permanent,Labour Contractor,36,6.7,65100,0.0043,46.9,0,4,0,0.05
EMP13166,2023-07-01,Civil Execution,Project Manager,6,JNPA WOLP,Port Infrastructure,MGR110,Permanent,Internal Transfer,39,7.9,155800,0.1118,21.7,0,5,0,0.55
EMP13167,2022-11-10,MEP,Junior Engineer,2,Delhi NCR Logistics Hub,Industrial,MGR110,Fixed Term Contract,Employee Referral,33,2.6,30100,0.1227,2.0,1,2,1,0.45
EMP13168,2025-10-11,Design & Engineering,Senior Engineer,4,Ahmedabad Water Works,Water,MGR096,Permanent,Recruitment Consultancy,19,8.6,67600,-0.0117,1.7,1,4,0,0.65
EMP13169,2024-09-21,Planning & Coordination,Senior Engineer,4,JNPA WOLP,Port Infrastructure,MGR078,Permanent,Walk-in / Site Gate,33,5.1,62500,-0.0501,1.4,1,4,1,0.55
EMP13170,2020-06-25,Quality Assurance & Control,Deputy Manager,5,Mantralaya Redevelopment,Government Building,MGR115,Apprentice / Trainee,Recruitment Consultancy,44,8.7,91400,-0.0148,18.3,0,4,0,0.15
EMP13171,2024-08-17,Planning & Coordination,Planning Engineer,4,Delhi NCR Logistics Hub,Industrial,MGR113,Retainer,Naukri / Job Portal,44,8.1,51400,-0.1923,11.4,0,4,1,0.45
EMP13172,2020-03-25,Civil Execution,Junior Engineer,2,Nagpur Expressway Pkg-4,Highway,MGR068,Fixed Term Contract,Employee Referral,32,2.3,26300,-0.0156,5.3,1,2,1,0.85
EMP13173,2019-07-24,Civil Execution,Construction Manager,5,JNPA WOLP,Port Infrastructure,MGR031,Apprentice / Trainee,Naukri / Job Portal,36,6.9,100200,-0.0361,36.6,0,5,1,0.55
EMP13174,2022-09-12,MEP,Junior Engineer,2,JNPA WOLP,Port Infrastructure,MGR104,Permanent,Labour Contractor,19,2.1,27900,0.0467,3.6,1,2,0,0.55
EMP13175,2025-10-25,MEP,Deputy Manager,5,Nagpur Expressway Pkg-4,Highway,MGR066,Permanent,Naukri / Job Portal,39,6.8,96000,0.0566,7.3,0,4,1,0.85
EMP13176,2023-08-05,Civil Execution,Construction Manager,5,Delhi NCR Logistics Hub,Industrial,MGR084,Fixed Term Contract,Internal Transfer,29,8.7,119100,0.1233,2.4,1,5,1,0.45
EMP13177,2024-05-25,MEP,Site Engineer,3,Bengaluru Tech Park,Commercial,MGR044,Permanent,Naukri / Job Portal,37,6.9,53300,0.2006,29.5,0,3,1,0.2
EMP13178,2020-01-28,Planning & Coordination,Deputy Manager,5,Delhi NCR Logistics Hub,Industrial,MGR019,Permanent,Naukri / Job Portal,41,6.4,86400,-0.0448,2.0,1,4,0,0.45
EMP13179,2024-02-24,Quality Assurance & Control,Deputy Manager,5,JNPA WOLP,Port Infrastructure,MGR018,Retainer,Recruitment Consultancy,38,6.9,67200,-0.2612,1.9,1,4,1,0.55
EMP13180,2024-05-04,Civil Execution,Project Manager,6,Pune Metro Reach-3,Metro,MGR004,Permanent,Recruitment Consultancy,47,9.3,169200,0.1892,16.7,0,5,0,0.25
EMP13181,2020-05-09,Accounts & Finance,Accounts Officer,3,Mumbai HO,Corporate,MGR025,Permanent,Walk-in / Site Gate,37,5.3,45300,0.1511,46.1,0,2,0,0.05
EMP13182,2026-06-20,Quality Assurance & Control,Junior Engineer,2,Pune Metro Reach-3,Metro,MGR092,Fixed Term Contract,Recruitment Consultancy,31,7.1,23700,-0.16,20.1,0,2,0,0.25
EMP13183,2023-06-17,Accounts & Finance,Accounts Officer,3,Mumbai HO,Corporate,MGR028,Fixed Term Contract,Walk-in / Site Gate,24,5.3,39300,-0.0014,4.8,0,2,0,0.05
EMP13184,2025-11-22,Civil Execution,Site Engineer,3,Mumbai HO,Corporate,MGR024,Fixed Term Contract,Naukri / Job Portal,32,4.8,63200,0.4575,8.6,0,3,1,0.05
EMP13185,2026-06-06,EHS,Deputy Manager,5,Mumbai HO,Corporate,MGR087,Apprentice / Trainee,Recruitment Consultancy,39,6.3,82400,-0.088,8.4,0,4,1,0.05
EMP13186,2023-06-24,EHS,Supervisor,2,Nagpur Expressway Pkg-4,Highway,MGR020,Fixed Term Contract,Labour Contractor,36,2.1,30500,0.0259,50.6,0,2,0,0.85
EMP13187,2023-08-05,Design & Engineering,Deputy Manager,5,JNPA WOLP,Port Infrastructure,MGR083,Permanent,Naukri / Job Portal,40,7.4,85000,-0.0706,32.2,0,4,0,0.55
EMP13188,2024-03-09,Planning & Coordination,Deputy Manager,5,JNPA WOLP,Port Infrastructure,MGR114,Fixed Term Contract,Recruitment Consultancy,44,7.4,100300,0.0967,10.3,1,4,0,0.55
EMP13189,2024-03-23,HR & Admin,Deputy Manager,5,Mantralaya Redevelopment,Government Building,MGR076,Fixed Term Contract,Naukri / Job Portal,39,6.4,95000,0.0503,1.1,0,4,1,0.15
EMP13190,2023-12-30,Design & Engineering,Design Engineer,4,Ahmedabad Water Works,Water,MGR107,Permanent,Naukri / Job Portal,36,6.2,69800,0.0828,15.1,0,4,1,0.65
EMP13191,2019-11-14,Business Support Services,Procurement Executive,3,Mumbai HO,Corporate,MGR021,Permanent,Walk-in / Site Gate,27,3.2,41800,-0.1055,18.3,0,3,0,0.05
EMP13192,2024-03-09,Design & Engineering,Design Engineer,4,Mumbai HO,Corporate,MGR039,Fixed Term Contract,Recruitment Consultancy,33,5.1,60000,-0.0577,6.0,0,4,0,0.05
EMP13193,2025-07-12,Quality Assurance & Control,Junior Engineer,2,Nagpur Expressway Pkg-4,Highway,MGR028,Fixed Term Contract,Employee Referral,32,3.9,18700,-0.3129,1.2,1,2,1,0.85
EMP13194,2023-12-23,MEP,Site Engineer,3,Mumbai HO,Corporate,MGR084,Permanent,Labour Contractor,39,3.5,39400,-0.0778,33.5,0,3,0,0.05
EMP13195,2026-04-04,Civil Execution,Site Engineer,3,JNPA WOLP,Port Infrastructure,MGR019,Fixed Term Contract,Employee Referral,36,6.2,39800,-0.0965,54.1,0,3,0,0.55
EMP13196,2025-05-17,Quality Assurance & Control,QA/QC Engineer,3,Delhi NCR Logistics Hub,Industrial,MGR073,Permanent,Labour Contractor,20,5.9,44500,-0.0555,1.3,1,3,0,0.45
EMP13197,2024-06-15,Civil Execution,Junior Engineer,2,Delhi NCR Logistics Hub,Industrial,MGR040,Fixed Term Contract,Naukri / Job Portal,27,6.7,33700,0.1997,8.2,0,2,0,0.45
EMP13198,2023-12-16,Design & Engineering,Design Engineer,4,Ahmedabad Water Works,Water,MGR035,Permanent,Walk-in / Site Gate,36,6.0,61800,-0.0392,21.7,0,4,0,0.65
EMP13199,2024-01-06,HR & Admin,Deputy Manager,5,Ahmedabad Water Works,Water,MGR018,Fixed Term Contract,Recruitment Consultancy,38,6.5,62300,-0.312,1.4,1,4,0,0.65
EMP13200,2023-11-04,EHS,Supervisor,2,JNPA WOLP,Port Infrastructure,MGR050,Fixed Term Contract,Naukri / Job Portal,25,4.5,28100,-0.0807,1.2,1,2,1,0.55
